project,cve,cwe,commit_sha,is_file_vulnerable,is_function_vulnerable,file_name,function_name,function_start_line,function_end_line,function_nloc
libraw/libraw,CVE-2017-6887,664,7ed16d4d5f039f009dd84e99f98ee5b7f2bdabc8,True,False,internal/dcraw_common.cpp,parse_gps_libraw( int base),10710,10756,46
libraw/libraw,CVE-2017-6887,664,7ed16d4d5f039f009dd84e99f98ee5b7f2bdabc8,True,False,internal/dcraw_common.cpp,parse_broadcom(),2570,2608,35
libraw/libraw,CVE-2017-6887,664,7ed16d4d5f039f009dd84e99f98ee5b7f2bdabc8,True,False,internal/dcraw_common.cpp,sinar_4shot_load_raw(),2435,2484,43
libraw/libraw,CVE-2017-6887,664,7ed16d4d5f039f009dd84e99f98ee5b7f2bdabc8,True,False,dcraw/dcraw.c,lossless_jpeg_load_raw(),1240,1308,54
libraw/libraw,CVE-2017-6887,664,7ed16d4d5f039f009dd84e99f98ee5b7f2bdabc8,True,False,internal/dcraw_common.cpp,samsung_load_raw(),3963,4005,40
libraw/libraw,CVE-2017-6887,664,7ed16d4d5f039f009dd84e99f98ee5b7f2bdabc8,True,False,internal/dcraw_common.cpp,remove_zeroes(),4457,4480,18
libraw/libraw,CVE-2017-6887,664,7ed16d4d5f039f009dd84e99f98ee5b7f2bdabc8,True,False,dcraw/dcraw.c,my_roundf( float x),7808,7825,18
libraw/libraw,CVE-2017-6887,664,7ed16d4d5f039f009dd84e99f98ee5b7f2bdabc8,False,False,src/libraw_datastream.cpp,"LibRaw_buffer_datastream::gets( char * s , int sz)",399,421,23
libraw/libraw,CVE-2017-6887,664,7ed16d4d5f039f009dd84e99f98ee5b7f2bdabc8,True,False,dcraw/dcraw.c,"cielab( ushort rgb [ 3 ] , short lab [ 3 ])",6876,6920,33
libraw/libraw,CVE-2017-6887,664,7ed16d4d5f039f009dd84e99f98ee5b7f2bdabc8,True,False,dcraw/dcraw.c,"crw_init_tables( unsigned table , ushort * huff [ 2 ])",916,961,46
libraw/libraw,CVE-2017-6887,664,7ed16d4d5f039f009dd84e99f98ee5b7f2bdabc8,False,False,libraw/libraw_datastream.h,libraw_dng_stream::DoGetLength(),278,283,6
libraw/libraw,CVE-2017-6887,664,7ed16d4d5f039f009dd84e99f98ee5b7f2bdabc8,False,False,src/libraw_datastream.cpp,"LibRaw_file_datastream::scanf_one( const char * fmt , void * val)",188,215,24
libraw/libraw,CVE-2017-6887,664,7ed16d4d5f039f009dd84e99f98ee5b7f2bdabc8,False,False,src/libraw_datastream.cpp,LibRaw_file_datastream::fname(),217,217,1
libraw/libraw,CVE-2017-6887,664,7ed16d4d5f039f009dd84e99f98ee5b7f2bdabc8,False,False,src/libraw_c_api.cpp,libraw_set_fbdd_noiserd,322,328,7
libraw/libraw,CVE-2017-6887,664,7ed16d4d5f039f009dd84e99f98ee5b7f2bdabc8,True,False,dcraw/dcraw.c,remove_zeroes(),5571,5594,18
libraw/libraw,CVE-2017-6887,664,7ed16d4d5f039f009dd84e99f98ee5b7f2bdabc8,True,False,dcraw/dcraw.c,parse_gps_libraw( int base),12032,12078,46
libraw/libraw,CVE-2017-6887,664,7ed16d4d5f039f009dd84e99f98ee5b7f2bdabc8,False,False,src/libraw_datastream.cpp,LibRaw_windows_datastream::LibRaw_windows_datastream( HANDLE hFile),712,717,6
libraw/libraw,CVE-2017-6887,664,7ed16d4d5f039f009dd84e99f98ee5b7f2bdabc8,True,False,internal/dcraw_common.cpp,"local_strnlen( const char * s , size_t n)",48,52,5
libraw/libraw,CVE-2017-6887,664,7ed16d4d5f039f009dd84e99f98ee5b7f2bdabc8,False,False,src/libraw_datastream.cpp,"LibRaw_buffer_datastream::seek( INT64 o , int whence)",349,390,42
libraw/libraw,CVE-2017-6887,664,7ed16d4d5f039f009dd84e99f98ee5b7f2bdabc8,False,False,src/libraw_datastream.cpp,LibRaw_buffer_datastream::eof(),449,454,6
libraw/libraw,CVE-2017-6887,664,7ed16d4d5f039f009dd84e99f98ee5b7f2bdabc8,True,False,dcraw/dcraw.c,kodak_ycbcr_load_raw(),3955,3992,35
libraw/libraw,CVE-2017-6887,664,7ed16d4d5f039f009dd84e99f98ee5b7f2bdabc8,True,False,dcraw/dcraw.c,ljpeg_idct( struct jhead * jh),1504,1539,34
libraw/libraw,CVE-2017-6887,664,7ed16d4d5f039f009dd84e99f98ee5b7f2bdabc8,True,False,dcraw/dcraw.c,"my_memmem( char * haystack , size_t haystacklen , char * needle , size_t needlelen)",325,332,8
libraw/libraw,CVE-2017-6887,664,7ed16d4d5f039f009dd84e99f98ee5b7f2bdabc8,True,False,internal/dcraw_common.cpp,getreal( int type),220,256,36
libraw/libraw,CVE-2017-6887,664,7ed16d4d5f039f009dd84e99f98ee5b7f2bdabc8,False,False,src/libraw_c_api.cpp,libraw_adjust_sizes_info_only,171,177,7
libraw/libraw,CVE-2017-6887,664,7ed16d4d5f039f009dd84e99f98ee5b7f2bdabc8,True,False,internal/dcraw_common.cpp,"getwords( char * line , char * words [ ] , int maxwords , int maxlen)",102,123,21
libraw/libraw,CVE-2017-6887,664,7ed16d4d5f039f009dd84e99f98ee5b7f2bdabc8,False,False,src/libraw_cxx.cpp,x3f_clear( void * p),5700,5700,1
libraw/libraw,CVE-2017-6887,664,7ed16d4d5f039f009dd84e99f98ee5b7f2bdabc8,False,False,src/libraw_cxx.cpp,LibRaw::get_decoder_info( libraw_decoder_info_t * d_info),676,976,283
libraw/libraw,CVE-2017-6887,664,7ed16d4d5f039f009dd84e99f98ee5b7f2bdabc8,False,False,libraw/libraw.h,DllDefLibRaw::error_count,132,132,1
libraw/libraw,CVE-2017-6887,664,7ed16d4d5f039f009dd84e99f98ee5b7f2bdabc8,False,False,src/libraw_cxx.cpp,LibRaw::is_coolscan_nef(),308,308,1
libraw/libraw,CVE-2017-6887,664,7ed16d4d5f039f009dd84e99f98ee5b7f2bdabc8,False,False,src/libraw_cxx.cpp,LibRaw::set_rawspeed_camerafile( char * filename),507,527,18
libraw/libraw,CVE-2017-6887,664,7ed16d4d5f039f009dd84e99f98ee5b7f2bdabc8,False,False,src/libraw_c_api.cpp,libraw_free_image,231,237,7
libraw/libraw,CVE-2017-6887,664,7ed16d4d5f039f009dd84e99f98ee5b7f2bdabc8,False,False,src/libraw_xtrans_compressed.cpp,LibRaw::copy_line_to_xtrans,204,252,44
libraw/libraw,CVE-2017-6887,664,7ed16d4d5f039f009dd84e99f98ee5b7f2bdabc8,True,False,dcraw/dcraw.c,"foveon_camf_param( const char * block , const char * param)",4881,4906,25
libraw/libraw,CVE-2017-6887,664,7ed16d4d5f039f009dd84e99f98ee5b7f2bdabc8,False,False,src/libraw_cxx.cpp,LibRaw::adjust_maximum(),978,996,17
libraw/libraw,CVE-2017-6887,664,7ed16d4d5f039f009dd84e99f98ee5b7f2bdabc8,False,False,src/libraw_c_api.cpp,libraw_set_bright,306,312,7
libraw/libraw,CVE-2017-6887,664,7ed16d4d5f039f009dd84e99f98ee5b7f2bdabc8,True,False,dcraw/dcraw.c,"fMAX( float a , float b)",223,223,1
libraw/libraw,CVE-2017-6887,664,7ed16d4d5f039f009dd84e99f98ee5b7f2bdabc8,True,False,dcraw/dcraw.c,"foveon_camf_matrix( unsigned dim [ 3 ] , const char * name)",4908,4949,39
libraw/libraw,CVE-2017-6887,664,7ed16d4d5f039f009dd84e99f98ee5b7f2bdabc8,False,False,src/libraw_datastream.cpp,"LibRaw_bigfile_datastream::seek( INT64 o , int whence)",567,579,7
libraw/libraw,CVE-2017-6887,664,7ed16d4d5f039f009dd84e99f98ee5b7f2bdabc8,False,False,src/libraw_c_api.cpp,libraw_set_gamma,290,296,7
libraw/libraw,CVE-2017-6887,664,7ed16d4d5f039f009dd84e99f98ee5b7f2bdabc8,True,False,internal/dcraw_common.cpp,redcine_load_raw(),4257,4353,76
libraw/libraw,CVE-2017-6887,664,7ed16d4d5f039f009dd84e99f98ee5b7f2bdabc8,True,False,internal/dcraw_common.cpp,blend_highlights(),6308,6353,39
libraw/libraw,CVE-2017-6887,664,7ed16d4d5f039f009dd84e99f98ee5b7f2bdabc8,True,False,internal/dcraw_common.cpp,kodak_dc120_load_raw(),3383,3402,17
libraw/libraw,CVE-2017-6887,664,7ed16d4d5f039f009dd84e99f98ee5b7f2bdabc8,True,False,dcraw/dcraw.c,"parse_thumb_note( int base , unsigned toff , unsigned tlen)",7782,7796,14
libraw/libraw,CVE-2017-6887,664,7ed16d4d5f039f009dd84e99f98ee5b7f2bdabc8,True,False,internal/dcraw_common.cpp,"Kodak_WB_0x08tags( int wb , unsigned type)",10956,10966,11
libraw/libraw,CVE-2017-6887,664,7ed16d4d5f039f009dd84e99f98ee5b7f2bdabc8,True,False,dcraw/dcraw.c,"parse_makernote( int base , int uptag)",10233,11845,1502
libraw/libraw,CVE-2017-6887,664,7ed16d4d5f039f009dd84e99f98ee5b7f2bdabc8,False,False,src/libraw_xtrans_compressed.cpp,fuji_decode_sample_odd,389,456,58
libraw/libraw,CVE-2017-6887,664,7ed16d4d5f039f009dd84e99f98ee5b7f2bdabc8,True,False,internal/dcraw_common.cpp,crop_masked_pixels(),4354,4452,88
libraw/libraw,CVE-2017-6887,664,7ed16d4d5f039f009dd84e99f98ee5b7f2bdabc8,True,False,dcraw/dcraw.c,parse_minolta( int base),13912,13987,73
libraw/libraw,CVE-2017-6887,664,7ed16d4d5f039f009dd84e99f98ee5b7f2bdabc8,True,False,internal/dcraw_common.cpp,"raw( unsigned row , unsigned col)",1718,1718,1
libraw/libraw,CVE-2017-6887,664,7ed16d4d5f039f009dd84e99f98ee5b7f2bdabc8,False,False,src/libraw_cxx.cpp,LibRaw::dcraw_thumb_writer( const char * fname),4046,4087,36
libraw/libraw,CVE-2017-6887,664,7ed16d4d5f039f009dd84e99f98ee5b7f2bdabc8,True,False,internal/dcraw_common.cpp,"ljpeg_start( struct jhead * jh , int info_only)",787,857,70
libraw/libraw,CVE-2017-6887,664,7ed16d4d5f039f009dd84e99f98ee5b7f2bdabc8,True,False,internal/dcraw_common.cpp,parse_cine(),13551,13617,66
libraw/libraw,CVE-2017-6887,664,7ed16d4d5f039f009dd84e99f98ee5b7f2bdabc8,False,False,src/libraw_cxx.cpp,"LibRaw::copy_mem_image( void * scan0 , int stride , int bgr)",3521,3605,72
libraw/libraw,CVE-2017-6887,664,7ed16d4d5f039f009dd84e99f98ee5b7f2bdabc8,True,False,dcraw/dcraw.c,derror(),357,368,12
libraw/libraw,CVE-2017-6887,664,7ed16d4d5f039f009dd84e99f98ee5b7f2bdabc8,False,False,libraw/libraw.h,DllDefLibRaw::FCF,248,262,15
libraw/libraw,CVE-2017-6887,664,7ed16d4d5f039f009dd84e99f98ee5b7f2bdabc8,True,False,internal/dcraw_common.cpp,parse_exif( int base),10551,10706,143
libraw/libraw,CVE-2017-6887,664,7ed16d4d5f039f009dd84e99f98ee5b7f2bdabc8,True,False,dcraw/dcraw.c,canon_600_load_raw(),756,784,26
libraw/libraw,CVE-2017-6887,664,7ed16d4d5f039f009dd84e99f98ee5b7f2bdabc8,True,False,internal/dcraw_common.cpp,lossless_jpeg_load_raw(),949,1017,54
libraw/libraw,CVE-2017-6887,664,7ed16d4d5f039f009dd84e99f98ee5b7f2bdabc8,True,False,internal/dcraw_common.cpp,sget2( uchar * s),89,95,7
libraw/libraw,CVE-2017-6887,664,7ed16d4d5f039f009dd84e99f98ee5b7f2bdabc8,False,False,src/libraw_cxx.cpp,make_camera_metadata(),392,425,33
libraw/libraw,CVE-2017-6887,664,7ed16d4d5f039f009dd84e99f98ee5b7f2bdabc8,True,False,dcraw/dcraw.c,foveon_thumb(),4690,4734,43
libraw/libraw,CVE-2017-6887,664,7ed16d4d5f039f009dd84e99f98ee5b7f2bdabc8,True,False,internal/dcraw_common.cpp,samsung2_load_raw(),4007,4035,26
libraw/libraw,CVE-2017-6887,664,7ed16d4d5f039f009dd84e99f98ee5b7f2bdabc8,True,False,dcraw/dcraw.c,parse_rollei(),14331,14368,37
libraw/libraw,CVE-2017-6887,664,7ed16d4d5f039f009dd84e99f98ee5b7f2bdabc8,True,False,internal/dcraw_common.cpp,setPentaxBodyFeatures( unsigned id),7358,7424,66
libraw/libraw,CVE-2017-6887,664,7ed16d4d5f039f009dd84e99f98ee5b7f2bdabc8,True,False,dcraw/dcraw.c,guess_byte_order( int words),16126,16144,18
libraw/libraw,CVE-2017-6887,664,7ed16d4d5f039f009dd84e99f98ee5b7f2bdabc8,True,False,dcraw/dcraw.c,"cubic_spline( const int * x_ , const int * y_ , const int len)",548,609,61
libraw/libraw,CVE-2017-6887,664,7ed16d4d5f039f009dd84e99f98ee5b7f2bdabc8,True,False,dcraw/dcraw.c,bcd2dec( uchar data),436,444,9
libraw/libraw,CVE-2017-6887,664,7ed16d4d5f039f009dd84e99f98ee5b7f2bdabc8,False,False,src/libraw_datastream.cpp,"LibRaw_bigfile_datastream::scanf_one( const char * fmt , void * val)",601,611,8
libraw/libraw,CVE-2017-6887,664,7ed16d4d5f039f009dd84e99f98ee5b7f2bdabc8,True,False,dcraw/dcraw.c,make_decoder_ref( const uchar ** source),894,912,18
libraw/libraw,CVE-2017-6887,664,7ed16d4d5f039f009dd84e99f98ee5b7f2bdabc8,False,False,src/libraw_c_api.cpp,libraw_get_color_maximum,379,384,6
libraw/libraw,CVE-2017-6887,664,7ed16d4d5f039f009dd84e99f98ee5b7f2bdabc8,True,False,internal/dcraw_common.cpp,"processCanonCameraInfo( unsigned id , uchar * CameraInfo , unsigned maxlen)",6601,6830,230
libraw/libraw,CVE-2017-6887,664,7ed16d4d5f039f009dd84e99f98ee5b7f2bdabc8,False,False,src/libraw_cxx.cpp,__DNG_HalfToFloat( ushort halfValue),1134,1170,37
libraw/libraw,CVE-2017-6887,664,7ed16d4d5f039f009dd84e99f98ee5b7f2bdabc8,False,False,libraw/libraw_datastream.h,DllDefLibRaw_abstract_datastream::unlock(),95,95,1
libraw/libraw,CVE-2017-6887,664,7ed16d4d5f039f009dd84e99f98ee5b7f2bdabc8,False,False,libraw/libraw.h,DllDefLibRaw::set_progress_handler,160,164,5
libraw/libraw,CVE-2017-6887,664,7ed16d4d5f039f009dd84e99f98ee5b7f2bdabc8,False,False,libraw/libraw_alloc.h,DllDeflibraw_memmgr::mem_ptr,74,83,10
libraw/libraw,CVE-2017-6887,664,7ed16d4d5f039f009dd84e99f98ee5b7f2bdabc8,False,False,src/libraw_xtrans_compressed.cpp,bitDiff,306,313,8
libraw/libraw,CVE-2017-6887,664,7ed16d4d5f039f009dd84e99f98ee5b7f2bdabc8,True,False,internal/dcraw_common.cpp,canon_rmf_load_raw(),2719,2769,43
libraw/libraw,CVE-2017-6887,664,7ed16d4d5f039f009dd84e99f98ee5b7f2bdabc8,True,False,dcraw/dcraw.c,_CanonConvertEV( short in),7834,7863,28
libraw/libraw,CVE-2017-6887,664,7ed16d4d5f039f009dd84e99f98ee5b7f2bdabc8,True,False,internal/dcraw_common.cpp,"lin_interpolate_loop( int code [ 16 ] [ 16 ] [ 32 ] , int size)",5254,5274,21
libraw/libraw,CVE-2017-6887,664,7ed16d4d5f039f009dd84e99f98ee5b7f2bdabc8,True,False,dcraw/dcraw.c,lin_interpolate(),6593,6642,40
libraw/libraw,CVE-2017-6887,664,7ed16d4d5f039f009dd84e99f98ee5b7f2bdabc8,True,False,dcraw/dcraw.c,"foveon_decoder( unsigned size , unsigned code)",4654,4688,33
libraw/libraw,CVE-2017-6887,664,7ed16d4d5f039f009dd84e99f98ee5b7f2bdabc8,True,False,dcraw/dcraw.c,ciff_block_1030(),14111,14132,21
libraw/libraw,CVE-2017-6887,664,7ed16d4d5f039f009dd84e99f98ee5b7f2bdabc8,True,False,dcraw/dcraw.c,parse_fuji( int offset),14654,14750,88
libraw/libraw,CVE-2017-6887,664,7ed16d4d5f039f009dd84e99f98ee5b7f2bdabc8,True,False,dcraw/dcraw.c,PentaxISO( ushort c),8748,8771,23
libraw/libraw,CVE-2017-6887,664,7ed16d4d5f039f009dd84e99f98ee5b7f2bdabc8,True,False,dcraw/dcraw.c,bad_pixels( const char * cfname),5612,5714,83
libraw/libraw,CVE-2017-6887,664,7ed16d4d5f039f009dd84e99f98ee5b7f2bdabc8,False,False,src/libraw_cxx.cpp,"LibRaw::x3f_dpq_interpolate_af( int xstep , int ystep , int scale)",6013,6085,70
libraw/libraw,CVE-2017-6887,664,7ed16d4d5f039f009dd84e99f98ee5b7f2bdabc8,True,False,dcraw/dcraw.c,"powf64( float a , float b)",7804,7804,1
libraw/libraw,CVE-2017-6887,664,7ed16d4d5f039f009dd84e99f98ee5b7f2bdabc8,False,False,src/libraw_c_api.cpp,libraw_recycle_datastream,118,124,7
libraw/libraw,CVE-2017-6887,664,7ed16d4d5f039f009dd84e99f98ee5b7f2bdabc8,True,False,internal/dcraw_common.cpp,lossless_dng_load_raw(),1250,1324,64
libraw/libraw,CVE-2017-6887,664,7ed16d4d5f039f009dd84e99f98ee5b7f2bdabc8,False,False,src/libraw_cxx.cpp,LibRaw::unpack_thumb( void),3924,4044,106
libraw/libraw,CVE-2017-6887,664,7ed16d4d5f039f009dd84e99f98ee5b7f2bdabc8,False,False,src/libraw_cxx.cpp,"utf2char( utf16_t * str , char * buffer)",5702,5714,12
libraw/libraw,CVE-2017-6887,664,7ed16d4d5f039f009dd84e99f98ee5b7f2bdabc8,False,False,src/libraw_cxx.cpp,LibRaw::raw2image( void),2867,2995,114
libraw/libraw,CVE-2017-6887,664,7ed16d4d5f039f009dd84e99f98ee5b7f2bdabc8,False,False,src/libraw_c_api.cpp,libraw_set_output_color,262,268,7
libraw/libraw,CVE-2017-6887,664,7ed16d4d5f039f009dd84e99f98ee5b7f2bdabc8,True,False,dcraw/dcraw.c,"Kodak_WB_0x08tags( int wb , unsigned type)",12278,12288,11
libraw/libraw,CVE-2017-6887,664,7ed16d4d5f039f009dd84e99f98ee5b7f2bdabc8,False,False,src/libraw_cxx.cpp,LibRaw::set_dng_host( void * p),2493,2498,4
libraw/libraw,CVE-2017-6887,664,7ed16d4d5f039f009dd84e99f98ee5b7f2bdabc8,False,False,src/libraw_cxx.cpp,LibRaw::deflate_dng_load_raw(),1367,1521,136
libraw/libraw,CVE-2017-6887,664,7ed16d4d5f039f009dd84e99f98ee5b7f2bdabc8,True,False,internal/dcraw_common.cpp,make_decoder_ref( const uchar ** source),612,630,18
libraw/libraw,CVE-2017-6887,664,7ed16d4d5f039f009dd84e99f98ee5b7f2bdabc8,True,False,internal/dcraw_common.cpp,minolta_z2(),1616,1627,11
libraw/libraw,CVE-2017-6887,664,7ed16d4d5f039f009dd84e99f98ee5b7f2bdabc8,False,False,libraw/libraw.h,DllDefLibRaw::is_fuji_rotated,180,180,1
libraw/libraw,CVE-2017-6887,664,7ed16d4d5f039f009dd84e99f98ee5b7f2bdabc8,True,False,dcraw/dcraw.c,"parseCanonMakernotes( unsigned tag , unsigned type , unsigned len)",8383,8678,281
libraw/libraw,CVE-2017-6887,664,7ed16d4d5f039f009dd84e99f98ee5b7f2bdabc8,True,False,internal/dcraw_common.cpp,"parse_ciff( int offset , int length , int depth)",12810,13001,174
libraw/libraw,CVE-2017-6887,664,7ed16d4d5f039f009dd84e99f98ee5b7f2bdabc8,False,False,src/libraw_c_api.cpp,libraw_dcraw_make_mem_thumb,210,220,11
libraw/libraw,CVE-2017-6887,664,7ed16d4d5f039f009dd84e99f98ee5b7f2bdabc8,False,False,src/libraw_datastream.cpp,"LibRaw_buffer_datastream::read( void * ptr , size_t sz , size_t nmemb)",335,347,13
libraw/libraw,CVE-2017-6887,664,7ed16d4d5f039f009dd84e99f98ee5b7f2bdabc8,False,False,src/libraw_cxx.cpp,LibRaw::phase_one_allocate_tempbuffer(),2997,3002,5
libraw/libraw,CVE-2017-6887,664,7ed16d4d5f039f009dd84e99f98ee5b7f2bdabc8,False,False,src/libraw_datastream.cpp,LibRaw_file_datastream::LibRaw_file_datastream( const wchar_t * fname),94,109,16
libraw/libraw,CVE-2017-6887,664,7ed16d4d5f039f009dd84e99f98ee5b7f2bdabc8,True,False,internal/dcraw_common.cpp,border_interpolate( int border),5231,5252,21
libraw/libraw,CVE-2017-6887,664,7ed16d4d5f039f009dd84e99f98ee5b7f2bdabc8,False,False,src/libraw_cxx.cpp,"LibRaw::merror( void * ptr , const char * where)",998,1007,10
libraw/libraw,CVE-2017-6887,664,7ed16d4d5f039f009dd84e99f98ee5b7f2bdabc8,False,False,src/libraw_c_api.cpp,libraw_unpack,104,110,7
libraw/libraw,CVE-2017-6887,664,7ed16d4d5f039f009dd84e99f98ee5b7f2bdabc8,True,False,dcraw/dcraw.c,"foveon_make_curves( short ** curvep , float dq [ 3 ] , float div [ 3 ] , float filt)",5006,5014,8
libraw/libraw,CVE-2017-6887,664,7ed16d4d5f039f009dd84e99f98ee5b7f2bdabc8,False,False,src/libraw_c_api.cpp,libraw_get_raw_height,330,335,6
libraw/libraw,CVE-2017-6887,664,7ed16d4d5f039f009dd84e99f98ee5b7f2bdabc8,True,False,internal/dcraw_common.cpp,"getbithuff( int nbits , ushort * huff)",542,581,28
libraw/libraw,CVE-2017-6887,664,7ed16d4d5f039f009dd84e99f98ee5b7f2bdabc8,True,False,internal/dcraw_common.cpp,vng_interpolate(),5337,5485,143
libraw/libraw,CVE-2017-6887,664,7ed16d4d5f039f009dd84e99f98ee5b7f2bdabc8,True,False,internal/dcraw_common.cpp,xtrans_interpolate( int passes),5611,5888,252
libraw/libraw,CVE-2017-6887,664,7ed16d4d5f039f009dd84e99f98ee5b7f2bdabc8,False,False,libraw/libraw_datastream.h,DllDefLibRaw_windows_datastream::reconstruct_base(),246,250,4
libraw/libraw,CVE-2017-6887,664,7ed16d4d5f039f009dd84e99f98ee5b7f2bdabc8,True,False,internal/dcraw_common.cpp,"ph1_bithuff( int nbits , ushort * huff)",2122,2154,23
libraw/libraw,CVE-2017-6887,664,7ed16d4d5f039f009dd84e99f98ee5b7f2bdabc8,False,False,internal/defines.h,,-1,-1,-1
libraw/libraw,CVE-2017-6887,664,7ed16d4d5f039f009dd84e99f98ee5b7f2bdabc8,True,False,internal/dcraw_common.cpp,android_tight_load_raw(),2679,2695,16
libraw/libraw,CVE-2017-6887,664,7ed16d4d5f039f009dd84e99f98ee5b7f2bdabc8,True,False,dcraw/dcraw.c,"getbithuff( int nbits , ushort * huff)",824,863,28
libraw/libraw,CVE-2017-6887,664,7ed16d4d5f039f009dd84e99f98ee5b7f2bdabc8,True,False,dcraw/dcraw.c,"saneSonyCameraInfo( uchar a , uchar b , uchar c , uchar d , uchar e , uchar f)",407,434,28
libraw/libraw,CVE-2017-6887,664,7ed16d4d5f039f009dd84e99f98ee5b7f2bdabc8,True,False,internal/dcraw_common.cpp,sget4( uchar * s),192,198,7
libraw/libraw,CVE-2017-6887,664,7ed16d4d5f039f009dd84e99f98ee5b7f2bdabc8,True,False,dcraw/dcraw.c,sget4( uchar * s),474,480,7
libraw/libraw,CVE-2017-6887,664,7ed16d4d5f039f009dd84e99f98ee5b7f2bdabc8,True,False,internal/dcraw_common.cpp,wavelet_denoise(),4710,4807,94
libraw/libraw,CVE-2017-6887,664,7ed16d4d5f039f009dd84e99f98ee5b7f2bdabc8,True,False,internal/dcraw_common.cpp,parse_phase_one( int base),13080,13324,232
libraw/libraw,CVE-2017-6887,664,7ed16d4d5f039f009dd84e99f98ee5b7f2bdabc8,False,False,src/libraw_cxx.cpp,LibRaw::free_image( void),2817,2826,10
libraw/libraw,CVE-2017-6887,664,7ed16d4d5f039f009dd84e99f98ee5b7f2bdabc8,False,False,src/libraw_datastream.cpp,LibRaw_bigfile_datastream::wfname(),536,536,1
libraw/libraw,CVE-2017-6887,664,7ed16d4d5f039f009dd84e99f98ee5b7f2bdabc8,False,False,src/libraw_cxx.cpp,LibRaw::unpack( void),2500,2701,159
libraw/libraw,CVE-2017-6887,664,7ed16d4d5f039f009dd84e99f98ee5b7f2bdabc8,True,False,internal/dcraw_common.cpp,nokia_load_raw(),2632,2677,39
libraw/libraw,CVE-2017-6887,664,7ed16d4d5f039f009dd84e99f98ee5b7f2bdabc8,True,False,dcraw/dcraw.c,imacon_full_load_raw(),2782,2815,24
libraw/libraw,CVE-2017-6887,664,7ed16d4d5f039f009dd84e99f98ee5b7f2bdabc8,False,False,src/libraw_c_api.cpp,libraw_cameraCount,48,48,1
libraw/libraw,CVE-2017-6887,664,7ed16d4d5f039f009dd84e99f98ee5b7f2bdabc8,True,False,dcraw/dcraw.c,ppm16_thumb(),1936,1949,14
libraw/libraw,CVE-2017-6887,664,7ed16d4d5f039f009dd84e99f98ee5b7f2bdabc8,False,False,src/libraw_datastream.cpp,LibRaw_file_datastream::~LibRaw_file_datastream(),58,62,5
libraw/libraw,CVE-2017-6887,664,7ed16d4d5f039f009dd84e99f98ee5b7f2bdabc8,False,False,src/libraw_cxx.cpp,"DecodeDeltaBytes( unsigned char * bytePtr , int cols , int channels)",1211,1272,62
libraw/libraw,CVE-2017-6887,664,7ed16d4d5f039f009dd84e99f98ee5b7f2bdabc8,False,False,src/libraw_cxx.cpp,LibRaw::dcraw_make_mem_thumb( int * errcode),3407,3497,82
libraw/libraw,CVE-2017-6887,664,7ed16d4d5f039f009dd84e99f98ee5b7f2bdabc8,True,False,internal/dcraw_common.cpp,parse_gps( int base),10759,10790,31
libraw/libraw,CVE-2017-6887,664,7ed16d4d5f039f009dd84e99f98ee5b7f2bdabc8,False,False,src/libraw_cxx.cpp,"expandFloats( unsigned char * dst , int tileWidth , int bytesps)",1333,1365,33
libraw/libraw,CVE-2017-6887,664,7ed16d4d5f039f009dd84e99f98ee5b7f2bdabc8,True,False,dcraw/dcraw.c,kodak_rgb_load_raw(),3994,4021,23
libraw/libraw,CVE-2017-6887,664,7ed16d4d5f039f009dd84e99f98ee5b7f2bdabc8,True,False,internal/dcraw_common.cpp,setSonyBodyFeatures( unsigned id),7780,7878,94
libraw/libraw,CVE-2017-6887,664,7ed16d4d5f039f009dd84e99f98ee5b7f2bdabc8,False,False,src/libraw_cxx.cpp,LibRaw::subtract_black_internal(),4127,4198,58
libraw/libraw,CVE-2017-6887,664,7ed16d4d5f039f009dd84e99f98ee5b7f2bdabc8,False,False,src/libraw_datastream.cpp,LibRaw_file_datastream::wfname(),110,110,1
libraw/libraw,CVE-2017-6887,664,7ed16d4d5f039f009dd84e99f98ee5b7f2bdabc8,True,False,dcraw/dcraw.c,getint( int type),490,490,1
libraw/libraw,CVE-2017-6887,664,7ed16d4d5f039f009dd84e99f98ee5b7f2bdabc8,True,False,internal/dcraw_common.cpp,"parse_makernote_0xc634( int base , int uptag , unsigned dng_writer)",8908,8908,1
libraw/libraw,CVE-2017-6887,664,7ed16d4d5f039f009dd84e99f98ee5b7f2bdabc8,True,False,internal/dcraw_common.cpp,get_timestamp( int reversed),10529,10549,20
libraw/libraw,CVE-2017-6887,664,7ed16d4d5f039f009dd84e99f98ee5b7f2bdabc8,False,False,src/libraw_xtrans_compressed.cpp,fuji_read_code,276,304,29
libraw/libraw,CVE-2017-6887,664,7ed16d4d5f039f009dd84e99f98ee5b7f2bdabc8,False,False,libraw/libraw_datastream.h,DllDefLibRaw_abstract_datastream::fname(),97,97,1
libraw/libraw,CVE-2017-6887,664,7ed16d4d5f039f009dd84e99f98ee5b7f2bdabc8,False,False,src/libraw_c_api.cpp,libraw_open_file_ex,73,79,7
libraw/libraw,CVE-2017-6887,664,7ed16d4d5f039f009dd84e99f98ee5b7f2bdabc8,True,False,dcraw/dcraw.c,,-1,-1,-1
libraw/libraw,CVE-2017-6887,664,7ed16d4d5f039f009dd84e99f98ee5b7f2bdabc8,True,False,internal/dcraw_common.cpp,colorcheck(),4621,4695,69
libraw/libraw,CVE-2017-6887,664,7ed16d4d5f039f009dd84e99f98ee5b7f2bdabc8,True,False,dcraw/dcraw.c,lossless_dng_load_raw(),1541,1615,64
libraw/libraw,CVE-2017-6887,664,7ed16d4d5f039f009dd84e99f98ee5b7f2bdabc8,True,False,dcraw/dcraw.c,canon_600_auto_wb(),677,726,49
libraw/libraw,CVE-2017-6887,664,7ed16d4d5f039f009dd84e99f98ee5b7f2bdabc8,False,False,src/libraw_cxx.cpp,LibRaw::recycle_datastream(),567,575,9
libraw/libraw,CVE-2017-6887,664,7ed16d4d5f039f009dd84e99f98ee5b7f2bdabc8,True,False,dcraw/dcraw.c,foveon_dp_load_raw(),4796,4826,28
libraw/libraw,CVE-2017-6887,664,7ed16d4d5f039f009dd84e99f98ee5b7f2bdabc8,False,False,src/libraw_cxx.cpp,"LibRaw::parse_custom_cameras( unsigned limit , libraw_custom_camera_t table [ ] , char ** list)",198,278,81
libraw/libraw,CVE-2017-6887,664,7ed16d4d5f039f009dd84e99f98ee5b7f2bdabc8,True,False,dcraw/dcraw.c,sony_arw2_load_raw(),4122,4257,120
libraw/libraw,CVE-2017-6887,664,7ed16d4d5f039f009dd84e99f98ee5b7f2bdabc8,True,False,dcraw/dcraw.c,wavelet_denoise(),6027,6124,94
libraw/libraw,CVE-2017-6887,664,7ed16d4d5f039f009dd84e99f98ee5b7f2bdabc8,True,False,dcraw/dcraw.c,fill_input_buffer( j_decompress_ptr cinfo),3444,3454,10
libraw/libraw,CVE-2017-6887,664,7ed16d4d5f039f009dd84e99f98ee5b7f2bdabc8,False,False,src/libraw_c_api.cpp,libraw_get_cam_mul,358,363,6
libraw/libraw,CVE-2017-6887,664,7ed16d4d5f039f009dd84e99f98ee5b7f2bdabc8,False,False,src/libraw_cxx.cpp,LibRaw::cameraList(),5642,5642,1
libraw/libraw,CVE-2017-6887,664,7ed16d4d5f039f009dd84e99f98ee5b7f2bdabc8,True,False,dcraw/dcraw.c,ahd_interpolate(),7415,7473,40
libraw/libraw,CVE-2017-6887,664,7ed16d4d5f039f009dd84e99f98ee5b7f2bdabc8,True,False,dcraw/dcraw.c,"smal_decode_segment( unsigned seg [ 2 ] [ 2 ] , int holes)",4396,4472,74
libraw/libraw,CVE-2017-6887,664,7ed16d4d5f039f009dd84e99f98ee5b7f2bdabc8,True,False,internal/dcraw_common.cpp,int_to_float( int i),210,218,9
libraw/libraw,CVE-2017-6887,664,7ed16d4d5f039f009dd84e99f98ee5b7f2bdabc8,False,False,src/libraw_c_api.cpp,libraw_set_memerror_handler,148,154,7
libraw/libraw,CVE-2017-6887,664,7ed16d4d5f039f009dd84e99f98ee5b7f2bdabc8,True,False,internal/dcraw_common.cpp,wavelet_denoise(),4809,4932,98
libraw/libraw,CVE-2017-6887,664,7ed16d4d5f039f009dd84e99f98ee5b7f2bdabc8,True,False,dcraw/dcraw.c,wavelet_denoise(),6126,6249,98
libraw/libraw,CVE-2017-6887,664,7ed16d4d5f039f009dd84e99f98ee5b7f2bdabc8,True,False,dcraw/dcraw.c,jpegErrorExit( j_common_ptr cinfo),3501,3505,5
libraw/libraw,CVE-2017-6887,664,7ed16d4d5f039f009dd84e99f98ee5b7f2bdabc8,True,False,dcraw/dcraw.c,Canon_WBCTpresets( short WBCTversion),8203,8247,45
libraw/libraw,CVE-2017-6887,664,7ed16d4d5f039f009dd84e99f98ee5b7f2bdabc8,True,False,internal/dcraw_common.cpp,canon_600_load_raw(),474,502,26
libraw/libraw,CVE-2017-6887,664,7ed16d4d5f039f009dd84e99f98ee5b7f2bdabc8,True,False,dcraw/dcraw.c,_CanonConvertAperture( ushort in),7827,7832,6
libraw/libraw,CVE-2017-6887,664,7ed16d4d5f039f009dd84e99f98ee5b7f2bdabc8,True,False,dcraw/dcraw.c,"cam_xyz_coeff( float _rgb_cam [ 3 ] [ 4 ] , double cam_xyz [ 4 ] [ 3 ])",5904,5935,30
libraw/libraw,CVE-2017-6887,664,7ed16d4d5f039f009dd84e99f98ee5b7f2bdabc8,False,False,libraw/libraw_datastream.h,DllDefLibRaw_abstract_datastream::jpeg_src( void *),92,92,1
libraw/libraw,CVE-2017-6887,664,7ed16d4d5f039f009dd84e99f98ee5b7f2bdabc8,True,False,internal/dcraw_common.cpp,setPhaseOneFeatures( unsigned id),7540,7699,157
libraw/libraw,CVE-2017-6887,664,7ed16d4d5f039f009dd84e99f98ee5b7f2bdabc8,True,False,internal/dcraw_common.cpp,median_filter(),6271,6306,31
libraw/libraw,CVE-2017-6887,664,7ed16d4d5f039f009dd84e99f98ee5b7f2bdabc8,False,False,src/libraw_datastream.cpp,LibRaw_bigfile_datastream::subfile_open( const char * fn),615,633,16
libraw/libraw,CVE-2017-6887,664,7ed16d4d5f039f009dd84e99f98ee5b7f2bdabc8,True,False,internal/dcraw_common.cpp,"ahd_interpolate_combine_homogeneous_pixels( int top , int left , ushort(*rgb) [ TS ] [ TS ] [ 3 ] , char(*homogeneity_map) [ TS ] [ 2 ])",6043,6097,51
libraw/libraw,CVE-2017-6887,664,7ed16d4d5f039f009dd84e99f98ee5b7f2bdabc8,True,False,dcraw/dcraw.c,nikon_e2100(),1867,1880,13
libraw/libraw,CVE-2017-6887,664,7ed16d4d5f039f009dd84e99f98ee5b7f2bdabc8,False,False,libraw/libraw.h,DllDefLibRaw::set_exifparser_handler,145,149,5
libraw/libraw,CVE-2017-6887,664,7ed16d4d5f039f009dd84e99f98ee5b7f2bdabc8,False,False,src/libraw_cxx.cpp,LibRaw::is_nikon_sraw(),310,310,1
libraw/libraw,CVE-2017-6887,664,7ed16d4d5f039f009dd84e99f98ee5b7f2bdabc8,True,False,dcraw/dcraw.c,parse_phase_one( int base),14408,14652,232
libraw/libraw,CVE-2017-6887,664,7ed16d4d5f039f009dd84e99f98ee5b7f2bdabc8,True,False,internal/dcraw_common.cpp,ppg_interpolate(),5490,5557,46
libraw/libraw,CVE-2017-6887,664,7ed16d4d5f039f009dd84e99f98ee5b7f2bdabc8,True,False,internal/dcraw_common.cpp,scale_colors(),4991,5165,152
libraw/libraw,CVE-2017-6887,664,7ed16d4d5f039f009dd84e99f98ee5b7f2bdabc8,False,False,src/libraw_cxx.cpp,"CameraMetaDataLR::CameraMetaDataLR( char * data , int sz)",331,389,51
libraw/libraw,CVE-2017-6887,664,7ed16d4d5f039f009dd84e99f98ee5b7f2bdabc8,False,False,src/libraw_cxx.cpp,"LibRaw::copy_bayer( unsigned short cblack [ 4 ] , unsigned short * dmaxp)",3122,3156,27
libraw/libraw,CVE-2017-6887,664,7ed16d4d5f039f009dd84e99f98ee5b7f2bdabc8,True,False,internal/dcraw_common.cpp,kodak_c330_load_raw(),3437,3478,35
libraw/libraw,CVE-2017-6887,664,7ed16d4d5f039f009dd84e99f98ee5b7f2bdabc8,False,False,src/libraw_datastream.cpp,LibRaw_bigfile_datastream::subfile_open( const wchar_t * fn),635,653,16
libraw/libraw,CVE-2017-6887,664,7ed16d4d5f039f009dd84e99f98ee5b7f2bdabc8,False,False,libraw/libraw_alloc.h,DllDeflibraw_memmgr::free,56,60,5
libraw/libraw,CVE-2017-6887,664,7ed16d4d5f039f009dd84e99f98ee5b7f2bdabc8,False,False,src/libraw_c_api.cpp,libraw_get_decoder_info,238,244,7
libraw/libraw,CVE-2017-6887,664,7ed16d4d5f039f009dd84e99f98ee5b7f2bdabc8,False,False,src/libraw_cxx.cpp,"default_data_callback( void * , const char * file , const int offset)",83,89,7
libraw/libraw,CVE-2017-6887,664,7ed16d4d5f039f009dd84e99f98ee5b7f2bdabc8,False,False,src/libraw_cxx.cpp,LibRaw::setCancelFlag(),2201,2215,10
libraw/libraw,CVE-2017-6887,664,7ed16d4d5f039f009dd84e99f98ee5b7f2bdabc8,True,False,dcraw/dcraw.c,get4(),483,488,6
libraw/libraw,CVE-2017-6887,664,7ed16d4d5f039f009dd84e99f98ee5b7f2bdabc8,True,False,dcraw/dcraw.c,"pseudoinverse( double(*in) [ 3 ] , double(*out) [ 3 ] , int size)",5871,5902,31
libraw/libraw,CVE-2017-6887,664,7ed16d4d5f039f009dd84e99f98ee5b7f2bdabc8,True,False,internal/dcraw_common.cpp,"smal_decode_segment( unsigned seg [ 2 ] [ 2 ] , int holes)",4100,4176,74
libraw/libraw,CVE-2017-6887,664,7ed16d4d5f039f009dd84e99f98ee5b7f2bdabc8,False,False,libraw/libraw_alloc.h,,-1,-1,-1
libraw/libraw,CVE-2017-6887,664,7ed16d4d5f039f009dd84e99f98ee5b7f2bdabc8,False,False,src/libraw_c_api.cpp,libraw_set_interpolation_passes,417,425,9
libraw/libraw,CVE-2017-6887,664,7ed16d4d5f039f009dd84e99f98ee5b7f2bdabc8,False,False,src/libraw_c_api.cpp,libraw_recycle,125,131,7
libraw/libraw,CVE-2017-6887,664,7ed16d4d5f039f009dd84e99f98ee5b7f2bdabc8,True,False,dcraw/dcraw.c,samsung_load_raw(),4259,4301,40
libraw/libraw,CVE-2017-6887,664,7ed16d4d5f039f009dd84e99f98ee5b7f2bdabc8,True,False,internal/dcraw_common.cpp,linear_table( unsigned len),10943,10952,10
libraw/libraw,CVE-2017-6887,664,7ed16d4d5f039f009dd84e99f98ee5b7f2bdabc8,True,False,internal/dcraw_common.cpp,"parse_makernote( int base , int uptag)",8911,10523,1502
libraw/libraw,CVE-2017-6887,664,7ed16d4d5f039f009dd84e99f98ee5b7f2bdabc8,False,False,src/libraw_xtrans_compressed.cpp,LibRaw::xtrans_compressed_load_raw,711,755,33
libraw/libraw,CVE-2017-6887,664,7ed16d4d5f039f009dd84e99f98ee5b7f2bdabc8,True,False,dcraw/dcraw.c,"parseFujiMakernotes( unsigned tag , unsigned type)",9023,9100,78
libraw/libraw,CVE-2017-6887,664,7ed16d4d5f039f009dd84e99f98ee5b7f2bdabc8,True,False,internal/dcraw_common.cpp,guess_byte_order( int words),14641,14659,18
libraw/libraw,CVE-2017-6887,664,7ed16d4d5f039f009dd84e99f98ee5b7f2bdabc8,True,False,dcraw/dcraw.c,smal_v9_load_raw(),4532,4551,19
libraw/libraw,CVE-2017-6887,664,7ed16d4d5f039f009dd84e99f98ee5b7f2bdabc8,True,False,internal/dcraw_common.cpp,sony_arw_load_raw(),3798,3824,24
libraw/libraw,CVE-2017-6887,664,7ed16d4d5f039f009dd84e99f98ee5b7f2bdabc8,False,False,src/libraw_cxx.cpp,LibRaw::cameraCount(),5643,5643,1
libraw/libraw,CVE-2017-6887,664,7ed16d4d5f039f009dd84e99f98ee5b7f2bdabc8,True,False,internal/dcraw_common.cpp,"adobe_copy_pixel( unsigned row , unsigned col , ushort ** rp)",1190,1211,21
libraw/libraw,CVE-2017-6887,664,7ed16d4d5f039f009dd84e99f98ee5b7f2bdabc8,False,False,src/libraw_c_api.cpp,libraw_get_raw_width,337,342,6
libraw/libraw,CVE-2017-6887,664,7ed16d4d5f039f009dd84e99f98ee5b7f2bdabc8,True,False,internal/dcraw_common.cpp,kodak_65000_load_raw(),3637,3657,18
libraw/libraw,CVE-2017-6887,664,7ed16d4d5f039f009dd84e99f98ee5b7f2bdabc8,True,False,dcraw/dcraw.c,"adobe_copy_pixel( unsigned row , unsigned col , ushort ** rp)",1481,1502,21
libraw/libraw,CVE-2017-6887,664,7ed16d4d5f039f009dd84e99f98ee5b7f2bdabc8,True,False,internal/dcraw_common.cpp,"hat_transform( float * temp , float * base , int st , int size , int sc)",4698,4707,10
libraw/libraw,CVE-2017-6887,664,7ed16d4d5f039f009dd84e99f98ee5b7f2bdabc8,False,False,src/libraw_datastream.cpp,"LibRaw_file_datastream::read( void * ptr , size_t size , size_t nmemb)",122,135,9
libraw/libraw,CVE-2017-6887,664,7ed16d4d5f039f009dd84e99f98ee5b7f2bdabc8,True,False,dcraw/dcraw.c,sget2Rev( uchar * s),458,464,7
libraw/libraw,CVE-2017-6887,664,7ed16d4d5f039f009dd84e99f98ee5b7f2bdabc8,False,False,src/libraw_cxx.cpp,LibRaw::derror(),280,299,19
libraw/libraw,CVE-2017-6887,664,7ed16d4d5f039f009dd84e99f98ee5b7f2bdabc8,True,False,dcraw/dcraw.c,get_timestamp( int reversed),11851,11871,20
libraw/libraw,CVE-2017-6887,664,7ed16d4d5f039f009dd84e99f98ee5b7f2bdabc8,False,False,src/libraw_xtrans_compressed.cpp,fuji_fill_buffer,145,168,17
libraw/libraw,CVE-2017-6887,664,7ed16d4d5f039f009dd84e99f98ee5b7f2bdabc8,False,False,src/libraw_cxx.cpp,LibRaw::raw2image_ex( int do_subtract_black),3158,3403,215
libraw/libraw,CVE-2017-6887,664,7ed16d4d5f039f009dd84e99f98ee5b7f2bdabc8,True,False,internal/dcraw_common.cpp,get2(),185,190,6
libraw/libraw,CVE-2017-6887,664,7ed16d4d5f039f009dd84e99f98ee5b7f2bdabc8,False,False,src/libraw_datastream.cpp,LibRaw_file_datastream::subfile_open( const char * fn),220,240,19
libraw/libraw,CVE-2017-6887,664,7ed16d4d5f039f009dd84e99f98ee5b7f2bdabc8,False,False,src/libraw_cxx.cpp,LibRaw::malloc( size_t t),543,549,7
libraw/libraw,CVE-2017-6887,664,7ed16d4d5f039f009dd84e99f98ee5b7f2bdabc8,False,False,src/libraw_c_api.cpp,libraw_init,29,41,13
libraw/libraw,CVE-2017-6887,664,7ed16d4d5f039f009dd84e99f98ee5b7f2bdabc8,True,False,dcraw/dcraw.c,"foveon_gets( int offset , char * str , int len)",14983,14992,10
libraw/libraw,CVE-2017-6887,664,7ed16d4d5f039f009dd84e99f98ee5b7f2bdabc8,False,False,libraw/libraw_alloc.h,DllDeflibraw_memmgr::malloc,37,42,6
libraw/libraw,CVE-2017-6887,664,7ed16d4d5f039f009dd84e99f98ee5b7f2bdabc8,True,False,dcraw/dcraw.c,samsung2_load_raw(),4303,4331,26
libraw/libraw,CVE-2017-6887,664,7ed16d4d5f039f009dd84e99f98ee5b7f2bdabc8,True,False,dcraw/dcraw.c,ppg_interpolate(),6807,6874,46
libraw/libraw,CVE-2017-6887,664,7ed16d4d5f039f009dd84e99f98ee5b7f2bdabc8,True,False,dcraw/dcraw.c,scale_colors(),6308,6482,152
libraw/libraw,CVE-2017-6887,664,7ed16d4d5f039f009dd84e99f98ee5b7f2bdabc8,False,False,libraw/libraw_datastream.h,DllDefLibRaw_file_datastream::size(),141,141,1
libraw/libraw,CVE-2017-6887,664,7ed16d4d5f039f009dd84e99f98ee5b7f2bdabc8,False,False,libraw/libraw_datastream.h,DllDefLibRaw_buffer_datastream::size(),171,171,1
libraw/libraw,CVE-2017-6887,664,7ed16d4d5f039f009dd84e99f98ee5b7f2bdabc8,False,False,src/libraw_cxx.cpp,libraw_strerror( int e),90,124,35
libraw/libraw,CVE-2017-6887,664,7ed16d4d5f039f009dd84e99f98ee5b7f2bdabc8,True,False,internal/dcraw_common.cpp,"gamma_curve( double pwr , double ts , int mode , int imax)",4512,4552,40
libraw/libraw,CVE-2017-6887,664,7ed16d4d5f039f009dd84e99f98ee5b7f2bdabc8,False,False,src/libraw_datastream.cpp,"LibRaw_file_datastream::seek( INT64 o , int whence)",145,166,22
libraw/libraw,CVE-2017-6887,664,7ed16d4d5f039f009dd84e99f98ee5b7f2bdabc8,True,False,internal/dcraw_common.cpp,"remove_trailing_spaces( char * string , size_t len)",14691,14706,16
libraw/libraw,CVE-2017-6887,664,7ed16d4d5f039f009dd84e99f98ee5b7f2bdabc8,False,False,libraw/libraw_datastream.h,DllDefLibRaw_buffer_datastream::get_char(),174,181,8
libraw/libraw,CVE-2017-6887,664,7ed16d4d5f039f009dd84e99f98ee5b7f2bdabc8,False,False,src/libraw_xtrans_compressed.cpp,xtrans_extend_red,485,488,4
libraw/libraw,CVE-2017-6887,664,7ed16d4d5f039f009dd84e99f98ee5b7f2bdabc8,True,False,dcraw/dcraw.c,parse_foveon(),14994,15134,137
libraw/libraw,CVE-2017-6887,664,7ed16d4d5f039f009dd84e99f98ee5b7f2bdabc8,True,False,dcraw/dcraw.c,parse_tiff( int base),13627,13642,16
libraw/libraw,CVE-2017-6887,664,7ed16d4d5f039f009dd84e99f98ee5b7f2bdabc8,False,False,src/libraw_datastream.cpp,"LibRaw_buffer_datastream::scanf_one( const char * fmt , void * val)",423,447,22
libraw/libraw,CVE-2017-6887,664,7ed16d4d5f039f009dd84e99f98ee5b7f2bdabc8,False,False,libraw/libraw_version.h,,-1,-1,-1
libraw/libraw,CVE-2017-6887,664,7ed16d4d5f039f009dd84e99f98ee5b7f2bdabc8,True,False,dcraw/dcraw.c,parse_tiff_ifd( int base),12438,13625,1070
libraw/libraw,CVE-2017-6887,664,7ed16d4d5f039f009dd84e99f98ee5b7f2bdabc8,True,False,internal/dcraw_common.cpp,median4( int * p),4190,4204,14
libraw/libraw,CVE-2017-6887,664,7ed16d4d5f039f009dd84e99f98ee5b7f2bdabc8,True,False,dcraw/dcraw.c,setPhaseOneFeatures( unsigned id),8862,9021,157
libraw/libraw,CVE-2017-6887,664,7ed16d4d5f039f009dd84e99f98ee5b7f2bdabc8,True,False,dcraw/dcraw.c,"PentaxLensInfo( unsigned id , unsigned len)",8774,8860,84
libraw/libraw,CVE-2017-6887,664,7ed16d4d5f039f009dd84e99f98ee5b7f2bdabc8,False,False,libraw/libraw.h,DllDefLibRaw::get_internal_data_pointer,210,210,1
libraw/libraw,CVE-2017-6887,664,7ed16d4d5f039f009dd84e99f98ee5b7f2bdabc8,False,False,src/libraw_cxx.cpp,"default_memory_callback( void * , const char * file , const char * where)",78,81,4
libraw/libraw,CVE-2017-6887,664,7ed16d4d5f039f009dd84e99f98ee5b7f2bdabc8,True,False,internal/dcraw_common.cpp,my_roundf( float x),6486,6503,18
libraw/libraw,CVE-2017-6887,664,7ed16d4d5f039f009dd84e99f98ee5b7f2bdabc8,True,False,internal/dcraw_common.cpp,canon_load_raw(),704,785,75
libraw/libraw,CVE-2017-6887,664,7ed16d4d5f039f009dd84e99f98ee5b7f2bdabc8,True,False,dcraw/dcraw.c,apply_tiff(),13644,13910,257
libraw/libraw,CVE-2017-6887,664,7ed16d4d5f039f009dd84e99f98ee5b7f2bdabc8,False,False,src/libraw_cxx.cpp,"LibRaw::calloc( size_t n , size_t t)",558,564,7
libraw/libraw,CVE-2017-6887,664,7ed16d4d5f039f009dd84e99f98ee5b7f2bdabc8,False,False,libraw/libraw_internal.h,LibRaw_TLS::init,70,78,9
libraw/libraw,CVE-2017-6887,664,7ed16d4d5f039f009dd84e99f98ee5b7f2bdabc8,True,False,dcraw/dcraw.c,unpacked_load_raw_reversed(),2713,2729,15
libraw/libraw,CVE-2017-6887,664,7ed16d4d5f039f009dd84e99f98ee5b7f2bdabc8,True,False,dcraw/dcraw.c,"hat_transform( float * temp , float * base , int st , int size , int sc)",6015,6024,10
libraw/libraw,CVE-2017-6887,664,7ed16d4d5f039f009dd84e99f98ee5b7f2bdabc8,True,False,dcraw/dcraw.c,canon_has_lowbits(),969,984,15
libraw/libraw,CVE-2017-6887,664,7ed16d4d5f039f009dd84e99f98ee5b7f2bdabc8,False,False,src/libraw_cxx.cpp,LibRaw::phase_one_free_tempbuffer(),3003,3007,5
libraw/libraw,CVE-2017-6887,664,7ed16d4d5f039f009dd84e99f98ee5b7f2bdabc8,False,False,src/libraw_cxx.cpp,LibRaw::checkCancel(),2217,2226,7
libraw/libraw,CVE-2017-6887,664,7ed16d4d5f039f009dd84e99f98ee5b7f2bdabc8,False,False,src/libraw_c_api.cpp,libraw_set_wf_debanding,405,415,11
libraw/libraw,CVE-2017-6887,664,7ed16d4d5f039f009dd84e99f98ee5b7f2bdabc8,True,False,dcraw/dcraw.c,"powf_lim( float a , float b , float limup)",7803,7803,1
libraw/libraw,CVE-2017-6887,664,7ed16d4d5f039f009dd84e99f98ee5b7f2bdabc8,False,False,src/libraw_cxx.cpp,LibRaw::nikon_load_sraw(),2721,2815,92
libraw/libraw,CVE-2017-6887,664,7ed16d4d5f039f009dd84e99f98ee5b7f2bdabc8,True,False,dcraw/dcraw.c,unpacked_load_raw(),2695,2711,15
libraw/libraw,CVE-2017-6887,664,7ed16d4d5f039f009dd84e99f98ee5b7f2bdabc8,True,False,dcraw/dcraw.c,setOlympusBodyFeatures( unsigned long long id),8353,8381,29
libraw/libraw,CVE-2017-6887,664,7ed16d4d5f039f009dd84e99f98ee5b7f2bdabc8,False,False,libraw/libraw_datastream.h,"libraw_dng_stream::DoRead( void * data , uint32 count , uint64 offset)",284,291,8
libraw/libraw,CVE-2017-6887,664,7ed16d4d5f039f009dd84e99f98ee5b7f2bdabc8,False,False,src/libraw_cxx.cpp,"lr_memmem( const void * l , size_t l_len , const void * s , size_t s_len)",5716,5741,17
libraw/libraw,CVE-2017-6887,664,7ed16d4d5f039f009dd84e99f98ee5b7f2bdabc8,False,False,src/libraw_xtrans_compressed.cpp,LibRaw::init_xtrans,81,141,54
libraw/libraw,CVE-2017-6887,664,7ed16d4d5f039f009dd84e99f98ee5b7f2bdabc8,False,False,src/libraw_c_api.cpp,libraw_capabilities,43,43,1
libraw/libraw,CVE-2017-6887,664,7ed16d4d5f039f009dd84e99f98ee5b7f2bdabc8,True,False,dcraw/dcraw.c,nikon_yuv_load_raw(),1818,1844,24
libraw/libraw,CVE-2017-6887,664,7ed16d4d5f039f009dd84e99f98ee5b7f2bdabc8,False,False,src/libraw_c_api.cpp,libraw_set_cfalinenoise,396,403,8
libraw/libraw,CVE-2017-6887,664,7ed16d4d5f039f009dd84e99f98ee5b7f2bdabc8,True,False,internal/dcraw_common.cpp,green_matching(),4937,4989,49
libraw/libraw,CVE-2017-6887,664,7ed16d4d5f039f009dd84e99f98ee5b7f2bdabc8,True,False,dcraw/dcraw.c,"foveon_fixed( void * ptr , int size , const char * name)",4951,4964,13
libraw/libraw,CVE-2017-6887,664,7ed16d4d5f039f009dd84e99f98ee5b7f2bdabc8,False,False,src/libraw_c_api.cpp,libraw_set_highlight,314,320,7
libraw/libraw,CVE-2017-6887,664,7ed16d4d5f039f009dd84e99f98ee5b7f2bdabc8,False,False,src/libraw_datastream.cpp,,-1,-1,-1
libraw/libraw,CVE-2017-6887,664,7ed16d4d5f039f009dd84e99f98ee5b7f2bdabc8,False,False,src/libraw_datastream.cpp,LibRaw_buffer_datastream::tell(),392,397,6
libraw/libraw,CVE-2017-6887,664,7ed16d4d5f039f009dd84e99f98ee5b7f2bdabc8,True,False,dcraw/dcraw.c,redcine_load_raw(),4553,4649,76
libraw/libraw,CVE-2017-6887,664,7ed16d4d5f039f009dd84e99f98ee5b7f2bdabc8,False,False,src/libraw_c_api.cpp,,-1,-1,-1
libraw/libraw,CVE-2017-6887,664,7ed16d4d5f039f009dd84e99f98ee5b7f2bdabc8,True,False,internal/dcraw_common.cpp,romm_coeff( float romm_cam [ 3 ] [ 3 ]),10792,10802,10
libraw/libraw,CVE-2017-6887,664,7ed16d4d5f039f009dd84e99f98ee5b7f2bdabc8,True,False,dcraw/dcraw.c,packed_dng_load_raw(),1617,1653,30
libraw/libraw,CVE-2017-6887,664,7ed16d4d5f039f009dd84e99f98ee5b7f2bdabc8,False,False,src/libraw_cxx.cpp,"_clampbits( int x , uint32_t n)",5976,5982,7
libraw/libraw,CVE-2017-6887,664,7ed16d4d5f039f009dd84e99f98ee5b7f2bdabc8,True,False,internal/dcraw_common.cpp,parse_kodak_ifd( int base),10969,11058,86
libraw/libraw,CVE-2017-6887,664,7ed16d4d5f039f009dd84e99f98ee5b7f2bdabc8,False,False,src/libraw_cxx.cpp,LibRaw::unpacked_load_raw_fuji_f700s20(),2703,2719,17
libraw/libraw,CVE-2017-6887,664,7ed16d4d5f039f009dd84e99f98ee5b7f2bdabc8,True,False,internal/dcraw_common.cpp,canon_600_correct(),504,527,21
libraw/libraw,CVE-2017-6887,664,7ed16d4d5f039f009dd84e99f98ee5b7f2bdabc8,True,False,dcraw/dcraw.c,getreal( int type),502,538,36
libraw/libraw,CVE-2017-6887,664,7ed16d4d5f039f009dd84e99f98ee5b7f2bdabc8,False,False,src/libraw_xtrans_compressed.cpp,sgetn,73,79,7
libraw/libraw,CVE-2017-6887,664,7ed16d4d5f039f009dd84e99f98ee5b7f2bdabc8,True,False,internal/dcraw_common.cpp,rollei_thumb(),1671,1688,17
libraw/libraw,CVE-2017-6887,664,7ed16d4d5f039f009dd84e99f98ee5b7f2bdabc8,True,False,dcraw/dcraw.c,"kodak_65000_decode( short * out , int bsize)",3882,3931,49
libraw/libraw,CVE-2017-6887,664,7ed16d4d5f039f009dd84e99f98ee5b7f2bdabc8,True,False,internal/dcraw_common.cpp,nikon_e2100(),1576,1589,13
libraw/libraw,CVE-2017-6887,664,7ed16d4d5f039f009dd84e99f98ee5b7f2bdabc8,False,False,src/libraw_cxx.cpp,CameraMetaDataLR::CameraMetaDataLR( char * filename),327,327,1
libraw/libraw,CVE-2017-6887,664,7ed16d4d5f039f009dd84e99f98ee5b7f2bdabc8,False,False,src/libraw_xtrans_compressed.cpp,xtrans_extend_generic,476,483,8
libraw/libraw,CVE-2017-6887,664,7ed16d4d5f039f009dd84e99f98ee5b7f2bdabc8,True,False,dcraw/dcraw.c,minolta_rd175_load_raw(),3187,3229,40
libraw/libraw,CVE-2017-6887,664,7ed16d4d5f039f009dd84e99f98ee5b7f2bdabc8,True,False,dcraw/dcraw.c,kodak_radc_load_raw(),3331,3432,99
libraw/libraw,CVE-2017-6887,664,7ed16d4d5f039f009dd84e99f98ee5b7f2bdabc8,False,False,src/libraw_cxx.cpp,LibRaw::unpack_function_name(),669,674,6
libraw/libraw,CVE-2017-6887,664,7ed16d4d5f039f009dd84e99f98ee5b7f2bdabc8,False,False,libraw/libraw_alloc.h,DllDeflibraw_memmgr::cleanup,61,69,9
libraw/libraw,CVE-2017-6887,664,7ed16d4d5f039f009dd84e99f98ee5b7f2bdabc8,False,False,src/libraw_xtrans_compressed.cpp,LibRaw::xtrans_decode_strip,666,709,35
libraw/libraw,CVE-2017-6887,664,7ed16d4d5f039f009dd84e99f98ee5b7f2bdabc8,True,False,internal/dcraw_common.cpp,canon_s2is(),529,540,11
libraw/libraw,CVE-2017-6887,664,7ed16d4d5f039f009dd84e99f98ee5b7f2bdabc8,False,False,libraw/libraw_alloc.h,DllDeflibraw_memmgr::forget_ptr,84,90,7
libraw/libraw,CVE-2017-6887,664,7ed16d4d5f039f009dd84e99f98ee5b7f2bdabc8,True,False,dcraw/dcraw.c,kodak_262_load_raw(),3818,3880,56
libraw/libraw,CVE-2017-6887,664,7ed16d4d5f039f009dd84e99f98ee5b7f2bdabc8,True,False,dcraw/dcraw.c,parse_exif( int base),11873,12028,143
libraw/libraw,CVE-2017-6887,664,7ed16d4d5f039f009dd84e99f98ee5b7f2bdabc8,True,False,internal/dcraw_common.cpp,"kodak_65000_decode( short * out , int bsize)",3586,3635,49
libraw/libraw,CVE-2017-6887,664,7ed16d4d5f039f009dd84e99f98ee5b7f2bdabc8,True,False,dcraw/dcraw.c,parse_broadcom(),2866,2904,35
libraw/libraw,CVE-2017-6887,664,7ed16d4d5f039f009dd84e99f98ee5b7f2bdabc8,False,False,src/libraw_datastream.cpp,LibRaw_file_datastream::tell(),168,174,7
libraw/libraw,CVE-2017-6887,664,7ed16d4d5f039f009dd84e99f98ee5b7f2bdabc8,True,False,internal/dcraw_common.cpp,hasselblad_load_raw(),2261,2346,79
libraw/libraw,CVE-2017-6887,664,7ed16d4d5f039f009dd84e99f98ee5b7f2bdabc8,True,False,dcraw/dcraw.c,parse_kodak_ifd( int base),12291,12380,86
libraw/libraw,CVE-2017-6887,664,7ed16d4d5f039f009dd84e99f98ee5b7f2bdabc8,True,False,internal/dcraw_common.cpp,rollei_load_raw(),1690,1716,24
libraw/libraw,CVE-2017-6887,664,7ed16d4d5f039f009dd84e99f98ee5b7f2bdabc8,False,False,src/libraw_xtrans_compressed.cpp,fuji_zerobits,256,274,19
libraw/libraw,CVE-2017-6887,664,7ed16d4d5f039f009dd84e99f98ee5b7f2bdabc8,False,False,src/libraw_cxx.cpp,LibRaw::version(),176,176,1
libraw/libraw,CVE-2017-6887,664,7ed16d4d5f039f009dd84e99f98ee5b7f2bdabc8,False,False,src/libraw_cxx.cpp,__DNG_FP24ToFloat( const unsigned char * input),1172,1209,37
libraw/libraw,CVE-2017-6887,664,7ed16d4d5f039f009dd84e99f98ee5b7f2bdabc8,False,False,src/libraw_c_api.cpp,libraw_cameraList,47,47,1
libraw/libraw,CVE-2017-6887,664,7ed16d4d5f039f009dd84e99f98ee5b7f2bdabc8,False,False,src/libraw_datastream.cpp,LibRaw_file_datastream::subfile_close(),266,271,6
libraw/libraw,CVE-2017-6887,664,7ed16d4d5f039f009dd84e99f98ee5b7f2bdabc8,True,False,dcraw/dcraw.c,nokia_load_raw(),2928,2973,39
libraw/libraw,CVE-2017-6887,664,7ed16d4d5f039f009dd84e99f98ee5b7f2bdabc8,False,False,src/libraw_c_api.cpp,libraw_dcraw_process,192,198,7
libraw/libraw,CVE-2017-6887,664,7ed16d4d5f039f009dd84e99f98ee5b7f2bdabc8,True,False,internal/dcraw_common.cpp,"ahd_interpolate_r_and_b_and_convert_to_cielab( int top , int left , ushort(*inout_rgb) [ TS ] [ TS ] [ 3 ] , short(*out_lab) [ TS ] [ TS ] [ 3 ])",5973,5981,9
libraw/libraw,CVE-2017-6887,664,7ed16d4d5f039f009dd84e99f98ee5b7f2bdabc8,True,False,internal/dcraw_common.cpp,minolta_rd175_load_raw(),2891,2933,40
libraw/libraw,CVE-2017-6887,664,7ed16d4d5f039f009dd84e99f98ee5b7f2bdabc8,False,False,src/libraw_c_api.cpp,libraw_open_wfile,81,87,7
libraw/libraw,CVE-2017-6887,664,7ed16d4d5f039f009dd84e99f98ee5b7f2bdabc8,False,False,src/libraw_cxx.cpp,LibRaw::is_canon_600(),2865,2865,1
libraw/libraw,CVE-2017-6887,664,7ed16d4d5f039f009dd84e99f98ee5b7f2bdabc8,True,False,internal/dcraw_common.cpp,"ljpeg_row( int jrow , struct jhead * jh)",885,947,62
libraw/libraw,CVE-2017-6887,664,7ed16d4d5f039f009dd84e99f98ee5b7f2bdabc8,False,False,libraw/libraw_datastream.h,,-1,-1,-1
libraw/libraw,CVE-2017-6887,664,7ed16d4d5f039f009dd84e99f98ee5b7f2bdabc8,True,False,internal/dcraw_common.cpp,"my_strcasestr( char * haystack , const char * needle)",76,83,8
libraw/libraw,CVE-2017-6887,664,7ed16d4d5f039f009dd84e99f98ee5b7f2bdabc8,True,False,internal/dcraw_common.cpp,unpacked_load_raw(),2399,2415,15
libraw/libraw,CVE-2017-6887,664,7ed16d4d5f039f009dd84e99f98ee5b7f2bdabc8,False,False,src/libraw_c_api.cpp,libraw_set_progress_handler,162,168,7
libraw/libraw,CVE-2017-6887,664,7ed16d4d5f039f009dd84e99f98ee5b7f2bdabc8,True,False,dcraw/dcraw.c,"parse_smal( int offset , int fsize)",14856,14877,21
libraw/libraw,CVE-2017-6887,664,7ed16d4d5f039f009dd84e99f98ee5b7f2bdabc8,False,False,src/libraw_c_api.cpp,libraw_versionNumber,46,46,1
libraw/libraw,CVE-2017-6887,664,7ed16d4d5f039f009dd84e99f98ee5b7f2bdabc8,False,False,src/libraw_cxx.cpp,"LibRaw::exp_bef( float shift , float smooth)",4202,4260,53
libraw/libraw,CVE-2017-6887,664,7ed16d4d5f039f009dd84e99f98ee5b7f2bdabc8,True,False,internal/dcraw_common.cpp,"tiff_get( unsigned base , unsigned * tag , unsigned * type , unsigned * len , unsigned * save)",6455,6463,9
libraw/libraw,CVE-2017-6887,664,7ed16d4d5f039f009dd84e99f98ee5b7f2bdabc8,True,False,internal/dcraw_common.cpp,_CanonConvertEV( short in),6512,6541,28
libraw/libraw,CVE-2017-6887,664,7ed16d4d5f039f009dd84e99f98ee5b7f2bdabc8,False,False,src/libraw_datastream.cpp,LibRaw_bigfile_datastream::LibRaw_bigfile_datastream( const wchar_t * fname),515,535,18
libraw/libraw,CVE-2017-6887,664,7ed16d4d5f039f009dd84e99f98ee5b7f2bdabc8,False,False,src/libraw_cxx.cpp,"LibRaw::phase_one_subtract_black( ushort * src , ushort * dest)",3009,3072,62
libraw/libraw,CVE-2017-6887,664,7ed16d4d5f039f009dd84e99f98ee5b7f2bdabc8,False,False,src/libraw_cxx.cpp,"LibRaw::open_file( const char * fname , INT64 max_buf_size)",1009,1054,41
libraw/libraw,CVE-2017-6887,664,7ed16d4d5f039f009dd84e99f98ee5b7f2bdabc8,False,False,src/libraw_cxx.cpp,LibRaw::valid_for_dngsdk(),2346,2375,27
libraw/libraw,CVE-2017-6887,664,7ed16d4d5f039f009dd84e99f98ee5b7f2bdabc8,False,False,src/libraw_c_api.cpp,libraw_dcraw_ppm_tiff_writer,178,184,7
libraw/libraw,CVE-2017-6887,664,7ed16d4d5f039f009dd84e99f98ee5b7f2bdabc8,True,False,internal/dcraw_common.cpp,ljpeg_diff( ushort * huff),866,883,14
libraw/libraw,CVE-2017-6887,664,7ed16d4d5f039f009dd84e99f98ee5b7f2bdabc8,True,False,dcraw/dcraw.c,olympus_load_raw(),3127,3185,56
libraw/libraw,CVE-2017-6887,664,7ed16d4d5f039f009dd84e99f98ee5b7f2bdabc8,True,False,dcraw/dcraw.c,border_interpolate( int border),6548,6569,21
libraw/libraw,CVE-2017-6887,664,7ed16d4d5f039f009dd84e99f98ee5b7f2bdabc8,False,False,src/libraw_xtrans_compressed.cpp,LibRaw::xtrans_decode_loop,757,768,9
libraw/libraw,CVE-2017-6887,664,7ed16d4d5f039f009dd84e99f98ee5b7f2bdabc8,True,False,dcraw/dcraw.c,"lin_interpolate_loop( int code [ 16 ] [ 16 ] [ 32 ] , int size)",6571,6591,21
libraw/libraw,CVE-2017-6887,664,7ed16d4d5f039f009dd84e99f98ee5b7f2bdabc8,True,False,internal/dcraw_common.cpp,_CanonConvertAperture( ushort in),6505,6510,6
libraw/libraw,CVE-2017-6887,664,7ed16d4d5f039f009dd84e99f98ee5b7f2bdabc8,True,False,internal/dcraw_common.cpp,pre_interpolate(),5167,5229,59
libraw/libraw,CVE-2017-6887,664,7ed16d4d5f039f009dd84e99f98ee5b7f2bdabc8,True,False,dcraw/dcraw.c,canon_600_correct(),786,809,21
libraw/libraw,CVE-2017-6887,664,7ed16d4d5f039f009dd84e99f98ee5b7f2bdabc8,True,False,internal/dcraw_common.cpp,"phase_one_flat_field( int is_float , int nc)",1720,1778,56
libraw/libraw,CVE-2017-6887,664,7ed16d4d5f039f009dd84e99f98ee5b7f2bdabc8,True,False,internal/dcraw_common.cpp,"cubic_spline( const int * x_ , const int * y_ , const int len)",266,327,61
libraw/libraw,CVE-2017-6887,664,7ed16d4d5f039f009dd84e99f98ee5b7f2bdabc8,True,False,internal/dcraw_common.cpp,"canon_600_color( int ratio [ 2 ] , int mar)",349,393,44
libraw/libraw,CVE-2017-6887,664,7ed16d4d5f039f009dd84e99f98ee5b7f2bdabc8,False,False,src/libraw_cxx.cpp,LibRaw::nikon_load_striped_packed_raw(),1684,1732,45
libraw/libraw,CVE-2017-6887,664,7ed16d4d5f039f009dd84e99f98ee5b7f2bdabc8,False,False,src/libraw_cxx.cpp,"LibRaw::convertFloatToInt( float dmin , float dmax , float dtarget)",1543,1612,65
libraw/libraw,CVE-2017-6887,664,7ed16d4d5f039f009dd84e99f98ee5b7f2bdabc8,False,False,libraw/libraw_datastream.h,DllDefLibRaw_windows_datastream::size(),242,242,1
libraw/libraw,CVE-2017-6887,664,7ed16d4d5f039f009dd84e99f98ee5b7f2bdabc8,True,False,dcraw/dcraw.c,kodak_thumb_load_raw(),4023,4031,9
libraw/libraw,CVE-2017-6887,664,7ed16d4d5f039f009dd84e99f98ee5b7f2bdabc8,True,False,internal/dcraw_common.cpp,kodak_c603_load_raw(),3480,3520,34
libraw/libraw,CVE-2017-6887,664,7ed16d4d5f039f009dd84e99f98ee5b7f2bdabc8,True,False,dcraw/dcraw.c,"ahd_interpolate_r_and_b_and_convert_to_cielab( int top , int left , ushort(*inout_rgb) [ TS ] [ TS ] [ 3 ] , short(*out_lab) [ TS ] [ TS ] [ 3 ])",7290,7298,9
libraw/libraw,CVE-2017-6887,664,7ed16d4d5f039f009dd84e99f98ee5b7f2bdabc8,False,False,src/libraw_datastream.cpp,LibRaw_file_datastream::valid(),113,113,1
libraw/libraw,CVE-2017-6887,664,7ed16d4d5f039f009dd84e99f98ee5b7f2bdabc8,False,False,src/libraw_cxx.cpp,LibRaw::strerror( int p),178,178,1
libraw/libraw,CVE-2017-6887,664,7ed16d4d5f039f009dd84e99f98ee5b7f2bdabc8,False,False,libraw/libraw_datastream.h,DllDefLibRaw_abstract_datastream::lock(),94,94,1
libraw/libraw,CVE-2017-6887,664,7ed16d4d5f039f009dd84e99f98ee5b7f2bdabc8,True,False,dcraw/dcraw.c,parse_gps( int base),12081,12112,31
libraw/libraw,CVE-2017-6887,664,7ed16d4d5f039f009dd84e99f98ee5b7f2bdabc8,True,False,dcraw/dcraw.c,setSonyBodyFeatures( unsigned id),9102,9200,94
libraw/libraw,CVE-2017-6887,664,7ed16d4d5f039f009dd84e99f98ee5b7f2bdabc8,True,False,dcraw/dcraw.c,process_Sony_0x940c( uchar * buf),9319,9341,23
libraw/libraw,CVE-2017-6887,664,7ed16d4d5f039f009dd84e99f98ee5b7f2bdabc8,True,False,dcraw/dcraw.c,"adobe_coeff( const char * t_make , const char * t_model , int internal_only)",15142,16107,951
libraw/libraw,CVE-2017-6887,664,7ed16d4d5f039f009dd84e99f98ee5b7f2bdabc8,True,False,internal/dcraw_common.cpp,olympus_load_raw(),2831,2889,56
libraw/libraw,CVE-2017-6887,664,7ed16d4d5f039f009dd84e99f98ee5b7f2bdabc8,True,False,internal/dcraw_common.cpp,"my_memmem( char * haystack , size_t haystacklen , char * needle , size_t needlelen)",67,74,8
libraw/libraw,CVE-2017-6887,664,7ed16d4d5f039f009dd84e99f98ee5b7f2bdabc8,False,False,src/libraw_datastream.cpp,"LibRaw_bigfile_datastream::gets( char * str , int sz)",595,599,5
libraw/libraw,CVE-2017-6887,664,7ed16d4d5f039f009dd84e99f98ee5b7f2bdabc8,True,False,dcraw/dcraw.c,"tiff_get( unsigned base , unsigned * tag , unsigned * type , unsigned * len , unsigned * save)",7772,7780,9
libraw/libraw,CVE-2017-6887,664,7ed16d4d5f039f009dd84e99f98ee5b7f2bdabc8,True,False,internal/dcraw_common.cpp,"processNikonLensData( uchar * LensData , unsigned len)",6927,7029,97
libraw/libraw,CVE-2017-6887,664,7ed16d4d5f039f009dd84e99f98ee5b7f2bdabc8,True,False,dcraw/dcraw.c,parse_qt( int end),14836,14854,18
libraw/libraw,CVE-2017-6887,664,7ed16d4d5f039f009dd84e99f98ee5b7f2bdabc8,True,False,internal/dcraw_common.cpp,ppm_thumb(),1628,1638,11
libraw/libraw,CVE-2017-6887,664,7ed16d4d5f039f009dd84e99f98ee5b7f2bdabc8,True,False,internal/dcraw_common.cpp,parse_qt( int end),13508,13526,18
libraw/libraw,CVE-2017-6887,664,7ed16d4d5f039f009dd84e99f98ee5b7f2bdabc8,True,False,dcraw/dcraw.c,"fcol( int row , int col)",288,305,17
libraw/libraw,CVE-2017-6887,664,7ed16d4d5f039f009dd84e99f98ee5b7f2bdabc8,True,False,internal/dcraw_common.cpp,samsung3_load_raw(),4037,4095,56
libraw/libraw,CVE-2017-6887,664,7ed16d4d5f039f009dd84e99f98ee5b7f2bdabc8,True,False,internal/dcraw_common.cpp,Canon_CameraSettings(),6832,6857,26
libraw/libraw,CVE-2017-6887,664,7ed16d4d5f039f009dd84e99f98ee5b7f2bdabc8,False,False,src/libraw_cxx.cpp,LibRaw::free( void * p),565,565,1
libraw/libraw,CVE-2017-6887,664,7ed16d4d5f039f009dd84e99f98ee5b7f2bdabc8,True,False,dcraw/dcraw.c,foveon_load_camf(),4828,4879,49
libraw/libraw,CVE-2017-6887,664,7ed16d4d5f039f009dd84e99f98ee5b7f2bdabc8,True,False,dcraw/dcraw.c,nikon_3700(),1882,1902,20
libraw/libraw,CVE-2017-6887,664,7ed16d4d5f039f009dd84e99f98ee5b7f2bdabc8,True,False,dcraw/dcraw.c,"gamma_curve( double pwr , double ts , int mode , int imax)",5829,5869,40
libraw/libraw,CVE-2017-6887,664,7ed16d4d5f039f009dd84e99f98ee5b7f2bdabc8,True,False,dcraw/dcraw.c,median_filter(),7588,7623,31
libraw/libraw,CVE-2017-6887,664,7ed16d4d5f039f009dd84e99f98ee5b7f2bdabc8,True,False,internal/dcraw_common.cpp,"parseFujiMakernotes( unsigned tag , unsigned type)",7701,7778,78
libraw/libraw,CVE-2017-6887,664,7ed16d4d5f039f009dd84e99f98ee5b7f2bdabc8,True,False,dcraw/dcraw.c,parse_redcine(),14947,14980,31
libraw/libraw,CVE-2017-6887,664,7ed16d4d5f039f009dd84e99f98ee5b7f2bdabc8,False,False,src/libraw_cxx.cpp,LibRaw::adjust_bl(),4334,4412,69
libraw/libraw,CVE-2017-6887,664,7ed16d4d5f039f009dd84e99f98ee5b7f2bdabc8,True,False,internal/dcraw_common.cpp,"read_shorts( ushort * pixel , int count)",258,264,7
libraw/libraw,CVE-2017-6887,664,7ed16d4d5f039f009dd84e99f98ee5b7f2bdabc8,True,False,dcraw/dcraw.c,make_decoder( const uchar * source),914,914,1
libraw/libraw,CVE-2017-6887,664,7ed16d4d5f039f009dd84e99f98ee5b7f2bdabc8,True,False,dcraw/dcraw.c,parse_cine(),14879,14945,66
libraw/libraw,CVE-2017-6887,664,7ed16d4d5f039f009dd84e99f98ee5b7f2bdabc8,True,False,internal/dcraw_common.cpp,parse_riff(),13459,13506,47
libraw/libraw,CVE-2017-6887,664,7ed16d4d5f039f009dd84e99f98ee5b7f2bdabc8,False,False,src/libraw_c_api.cpp,libraw_unpack_thumb,111,117,7
libraw/libraw,CVE-2017-6887,664,7ed16d4d5f039f009dd84e99f98ee5b7f2bdabc8,False,False,src/libraw_cxx.cpp,"DecodeFPDelta( unsigned char * input , unsigned char * output , int cols , int channels , int bytesPerSample)",1274,1331,50
libraw/libraw,CVE-2017-6887,664,7ed16d4d5f039f009dd84e99f98ee5b7f2bdabc8,True,False,dcraw/dcraw.c,vng_interpolate(),6654,6802,143
libraw/libraw,CVE-2017-6887,664,7ed16d4d5f039f009dd84e99f98ee5b7f2bdabc8,True,False,internal/dcraw_common.cpp,getint( int type),208,208,1
libraw/libraw,CVE-2017-6887,664,7ed16d4d5f039f009dd84e99f98ee5b7f2bdabc8,True,False,dcraw/dcraw.c,parse_external_jpeg(),13994,14105,92
libraw/libraw,CVE-2017-6887,664,7ed16d4d5f039f009dd84e99f98ee5b7f2bdabc8,True,False,dcraw/dcraw.c,pre_interpolate(),6484,6546,59
libraw/libraw,CVE-2017-6887,664,7ed16d4d5f039f009dd84e99f98ee5b7f2bdabc8,False,False,src/libraw_xtrans_compressed.cpp,,-1,-1,-1
libraw/libraw,CVE-2017-6887,664,7ed16d4d5f039f009dd84e99f98ee5b7f2bdabc8,False,False,src/libraw_datastream.cpp,LibRaw_file_datastream::subfile_open( const wchar_t * fn),243,263,19
libraw/libraw,CVE-2017-6887,664,7ed16d4d5f039f009dd84e99f98ee5b7f2bdabc8,True,False,dcraw/dcraw.c,xtrans_interpolate( int passes),6928,7205,252
libraw/libraw,CVE-2017-6887,664,7ed16d4d5f039f009dd84e99f98ee5b7f2bdabc8,True,False,internal/dcraw_common.cpp,nikon_load_raw(),1437,1525,82
libraw/libraw,CVE-2017-6887,664,7ed16d4d5f039f009dd84e99f98ee5b7f2bdabc8,True,False,internal/dcraw_common.cpp,sony_load_raw(),3766,3796,28
libraw/libraw,CVE-2017-6887,664,7ed16d4d5f039f009dd84e99f98ee5b7f2bdabc8,False,False,src/libraw_cxx.cpp,LibRaw::dcraw_ppm_tiff_writer( const char * filename),3642,3676,31
libraw/libraw,CVE-2017-6887,664,7ed16d4d5f039f009dd84e99f98ee5b7f2bdabc8,False,False,src/libraw_cxx.cpp,"LibRaw::realloc( void * q , size_t t)",550,556,7
libraw/libraw,CVE-2017-6887,664,7ed16d4d5f039f009dd84e99f98ee5b7f2bdabc8,True,False,internal/dcraw_common.cpp,setOlympusBodyFeatures( unsigned long long id),7031,7059,29
libraw/libraw,CVE-2017-6887,664,7ed16d4d5f039f009dd84e99f98ee5b7f2bdabc8,True,False,dcraw/dcraw.c,foveon_interpolate(),5025,5462,394
libraw/libraw,CVE-2017-6887,664,7ed16d4d5f039f009dd84e99f98ee5b7f2bdabc8,True,False,dcraw/dcraw.c,"local_strnlen( const char * s , size_t n)",306,310,5
libraw/libraw,CVE-2017-6887,664,7ed16d4d5f039f009dd84e99f98ee5b7f2bdabc8,True,False,internal/dcraw_common.cpp,canon_600_auto_wb(),395,444,49
libraw/libraw,CVE-2017-6887,664,7ed16d4d5f039f009dd84e99f98ee5b7f2bdabc8,True,False,dcraw/dcraw.c,nikon_coolscan_load_raw(),1693,1725,33
libraw/libraw,CVE-2017-6887,664,7ed16d4d5f039f009dd84e99f98ee5b7f2bdabc8,True,False,internal/dcraw_common.cpp,canon_600_coeff(),446,472,26
libraw/libraw,CVE-2017-6887,664,7ed16d4d5f039f009dd84e99f98ee5b7f2bdabc8,False,False,src/libraw_cxx.cpp,LibRaw::x3f_thumb_loader(),5927,5974,47
libraw/libraw,CVE-2017-6887,664,7ed16d4d5f039f009dd84e99f98ee5b7f2bdabc8,True,False,internal/dcraw_common.cpp,pentax_load_raw(),1364,1398,32
libraw/libraw,CVE-2017-6887,664,7ed16d4d5f039f009dd84e99f98ee5b7f2bdabc8,True,False,dcraw/dcraw.c,"ph1_bithuff( int nbits , ushort * huff)",2418,2450,23
libraw/libraw,CVE-2017-6887,664,7ed16d4d5f039f009dd84e99f98ee5b7f2bdabc8,False,False,internal/dcraw_fileio.cpp,apply_profile,179,262,64
libraw/libraw,CVE-2017-6887,664,7ed16d4d5f039f009dd84e99f98ee5b7f2bdabc8,False,False,src/libraw_cxx.cpp,LibRaw::capabilities(),180,196,9
libraw/libraw,CVE-2017-6887,664,7ed16d4d5f039f009dd84e99f98ee5b7f2bdabc8,False,False,src/libraw_datastream.cpp,"LibRaw_buffer_datastream::LibRaw_buffer_datastream( void * buffer , size_t bsize)",326,331,6
libraw/libraw,CVE-2017-6887,664,7ed16d4d5f039f009dd84e99f98ee5b7f2bdabc8,True,False,dcraw/dcraw.c,broadcom_load_raw(),2906,2925,17
libraw/libraw,CVE-2017-6887,664,7ed16d4d5f039f009dd84e99f98ee5b7f2bdabc8,True,False,internal/dcraw_common.cpp,apply_tiff(),12316,12582,257
libraw/libraw,CVE-2017-6887,664,7ed16d4d5f039f009dd84e99f98ee5b7f2bdabc8,False,False,src/libraw_datastream.cpp,"LibRaw_file_datastream::gets( char * str , int sz)",176,186,11
libraw/libraw,CVE-2017-6887,664,7ed16d4d5f039f009dd84e99f98ee5b7f2bdabc8,True,False,dcraw/dcraw.c,canon_rmf_load_raw(),3015,3065,43
libraw/libraw,CVE-2017-6887,664,7ed16d4d5f039f009dd84e99f98ee5b7f2bdabc8,True,False,internal/dcraw_common.cpp,"adobe_coeff( const char * t_make , const char * t_model , int internal_only)",13657,14622,951
libraw/libraw,CVE-2017-6887,664,7ed16d4d5f039f009dd84e99f98ee5b7f2bdabc8,True,False,dcraw/dcraw.c,canon_600_coeff(),728,754,26
libraw/libraw,CVE-2017-6887,664,7ed16d4d5f039f009dd84e99f98ee5b7f2bdabc8,True,False,internal/dcraw_common.cpp,kodak_rgb_load_raw(),3698,3725,23
libraw/libraw,CVE-2017-6887,664,7ed16d4d5f039f009dd84e99f98ee5b7f2bdabc8,True,False,internal/dcraw_common.cpp,setCanonBodyFeatures( unsigned id),6543,6599,56
libraw/libraw,CVE-2017-6887,664,7ed16d4d5f039f009dd84e99f98ee5b7f2bdabc8,False,False,src/libraw_xtrans_compressed.cpp,LibRaw::parse_xtrans_header,770,811,34
libraw/libraw,CVE-2017-6887,664,7ed16d4d5f039f009dd84e99f98ee5b7f2bdabc8,True,False,internal/dcraw_common.cpp,,-1,-1,-1
libraw/libraw,CVE-2017-6887,664,7ed16d4d5f039f009dd84e99f98ee5b7f2bdabc8,False,False,src/libraw_cxx.cpp,LibRaw::have_fpdata(),1538,1541,4
libraw/libraw,CVE-2017-6887,664,7ed16d4d5f039f009dd84e99f98ee5b7f2bdabc8,True,False,internal/dcraw_common.cpp,sget2Rev( uchar * s),176,182,7
libraw/libraw,CVE-2017-6887,664,7ed16d4d5f039f009dd84e99f98ee5b7f2bdabc8,False,False,src/libraw_cxx.cpp,LibRaw::adjust_sizes_info_only( void),4089,4119,30
libraw/libraw,CVE-2017-6887,664,7ed16d4d5f039f009dd84e99f98ee5b7f2bdabc8,True,False,internal/dcraw_common.cpp,"parseSonyLensType2( uchar a , uchar b)",7880,7915,36
libraw/libraw,CVE-2017-6887,664,7ed16d4d5f039f009dd84e99f98ee5b7f2bdabc8,True,False,internal/dcraw_common.cpp,"saneSonyCameraInfo( uchar a , uchar b , uchar c , uchar d , uchar e , uchar f)",125,152,28
libraw/libraw,CVE-2017-6887,664,7ed16d4d5f039f009dd84e99f98ee5b7f2bdabc8,False,False,src/libraw_c_api.cpp,libraw_set_dataerror_handler,155,161,7
libraw/libraw,CVE-2017-6887,664,7ed16d4d5f039f009dd84e99f98ee5b7f2bdabc8,True,False,internal/dcraw_common.cpp,parse_sinar_ia(),13042,13078,36
libraw/libraw,CVE-2017-6887,664,7ed16d4d5f039f009dd84e99f98ee5b7f2bdabc8,True,False,internal/dcraw_common.cpp,simple_coeff( int index),14624,14639,12
libraw/libraw,CVE-2017-6887,664,7ed16d4d5f039f009dd84e99f98ee5b7f2bdabc8,True,False,internal/dcraw_common.cpp,quicktake_100_load_raw(),2935,3018,75
libraw/libraw,CVE-2017-6887,664,7ed16d4d5f039f009dd84e99f98ee5b7f2bdabc8,True,False,dcraw/dcraw.c,subtract( const char * fname),5716,5794,64
libraw/libraw,CVE-2017-6887,664,7ed16d4d5f039f009dd84e99f98ee5b7f2bdabc8,False,False,src/libraw_datastream.cpp,LibRaw_bigfile_datastream::make_jas_stream(),665,672,5
libraw/libraw,CVE-2017-6887,664,7ed16d4d5f039f009dd84e99f98ee5b7f2bdabc8,False,False,internal/dcraw_fileio.cpp,subtract,99,177,64
libraw/libraw,CVE-2017-6887,664,7ed16d4d5f039f009dd84e99f98ee5b7f2bdabc8,True,False,dcraw/dcraw.c,minolta_z2(),1907,1918,11
libraw/libraw,CVE-2017-6887,664,7ed16d4d5f039f009dd84e99f98ee5b7f2bdabc8,True,False,internal/dcraw_common.cpp,sony_arw2_load_raw(),3826,3961,120
libraw/libraw,CVE-2017-6887,664,7ed16d4d5f039f009dd84e99f98ee5b7f2bdabc8,True,False,internal/dcraw_common.cpp,"parse_smal( int offset , int fsize)",13528,13549,21
libraw/libraw,CVE-2017-6887,664,7ed16d4d5f039f009dd84e99f98ee5b7f2bdabc8,True,False,internal/dcraw_common.cpp,"ahd_interpolate_green_h_and_v( int top , int left , ushort(*out_rgb) [ TS ] [ TS ] [ 3 ])",5897,5917,20
libraw/libraw,CVE-2017-6887,664,7ed16d4d5f039f009dd84e99f98ee5b7f2bdabc8,True,False,internal/dcraw_common.cpp,leaf_hdr_load_raw(),2348,2397,43
libraw/libraw,CVE-2017-6887,664,7ed16d4d5f039f009dd84e99f98ee5b7f2bdabc8,False,False,libraw/libraw.h,DllDefLibRaw::own_filtering_supported,297,297,1
libraw/libraw,CVE-2017-6887,664,7ed16d4d5f039f009dd84e99f98ee5b7f2bdabc8,True,False,dcraw/dcraw.c,kodak_jpeg_load_raw(),3508,3572,58
libraw/libraw,CVE-2017-6887,664,7ed16d4d5f039f009dd84e99f98ee5b7f2bdabc8,True,False,dcraw/dcraw.c,phase_one_correct(),2076,2376,280
libraw/libraw,CVE-2017-6887,664,7ed16d4d5f039f009dd84e99f98ee5b7f2bdabc8,False,False,src/libraw_datastream.cpp,LibRaw_buffer_datastream::~LibRaw_buffer_datastream(),333,333,1
libraw/libraw,CVE-2017-6887,664,7ed16d4d5f039f009dd84e99f98ee5b7f2bdabc8,True,False,internal/dcraw_common.cpp,jpegErrorExit( j_common_ptr cinfo),3205,3209,5
libraw/libraw,CVE-2017-6887,664,7ed16d4d5f039f009dd84e99f98ee5b7f2bdabc8,False,False,src/libraw_datastream.cpp,LibRaw_file_datastream::make_jas_stream(),275,292,13
libraw/libraw,CVE-2017-6887,664,7ed16d4d5f039f009dd84e99f98ee5b7f2bdabc8,False,False,src/libraw_cxx.cpp,"LibRaw::copy_fuji_uncropped( unsigned short cblack [ 4 ] , unsigned short * dmaxp)",3074,3120,41
libraw/libraw,CVE-2017-6887,664,7ed16d4d5f039f009dd84e99f98ee5b7f2bdabc8,True,False,dcraw/dcraw.c,parse_mos( int offset),12126,12263,132
libraw/libraw,CVE-2017-6887,664,7ed16d4d5f039f009dd84e99f98ee5b7f2bdabc8,False,False,libraw/libraw.h,DllDefLibRaw::FC,205,205,1
libraw/libraw,CVE-2017-6887,664,7ed16d4d5f039f009dd84e99f98ee5b7f2bdabc8,True,False,dcraw/dcraw.c,layer_thumb(),1951,1965,14
libraw/libraw,CVE-2017-6887,664,7ed16d4d5f039f009dd84e99f98ee5b7f2bdabc8,True,False,dcraw/dcraw.c,quicktake_100_load_raw(),3231,3314,75
libraw/libraw,CVE-2017-6887,664,7ed16d4d5f039f009dd84e99f98ee5b7f2bdabc8,True,False,internal/dcraw_common.cpp,lossy_dng_load_raw(),3283,3380,88
libraw/libraw,CVE-2017-6887,664,7ed16d4d5f039f009dd84e99f98ee5b7f2bdabc8,False,False,src/libraw_cxx.cpp,"LibRaw::x3f_dpq_interpolate_af_sd( int xstart , int ystart , int xend , int yend , int xstep , int ystep , int scale)",6087,6148,57
libraw/libraw,CVE-2017-6887,664,7ed16d4d5f039f009dd84e99f98ee5b7f2bdabc8,False,False,src/libraw_datastream.cpp,LibRaw_bigfile_datastream::jpeg_src( void * jpegdata),674,685,9
libraw/libraw,CVE-2017-6887,664,7ed16d4d5f039f009dd84e99f98ee5b7f2bdabc8,True,False,dcraw/dcraw.c,"parse_makernote_0xc634( int base , int uptag , unsigned dng_writer)",9441,10227,745
libraw/libraw,CVE-2017-6887,664,7ed16d4d5f039f009dd84e99f98ee5b7f2bdabc8,True,False,internal/dcraw_common.cpp,"parseSonyLensFeatures( uchar a , uchar b)",7919,7994,62
libraw/libraw,CVE-2017-6887,664,7ed16d4d5f039f009dd84e99f98ee5b7f2bdabc8,True,False,internal/dcraw_common.cpp,nikon_coolscan_load_raw(),1402,1434,33
libraw/libraw,CVE-2017-6887,664,7ed16d4d5f039f009dd84e99f98ee5b7f2bdabc8,False,False,src/libraw_xtrans_compressed.cpp,fuji_decode_sample_even,315,387,62
libraw/libraw,CVE-2017-6887,664,7ed16d4d5f039f009dd84e99f98ee5b7f2bdabc8,True,False,dcraw/dcraw.c,"Canon_WBpresets( int skip1 , int skip2)",8181,8201,21
libraw/libraw,CVE-2017-6887,664,7ed16d4d5f039f009dd84e99f98ee5b7f2bdabc8,False,False,src/libraw_cxx.cpp,LibRaw::LibRaw( unsigned int flags),439,505,57
libraw/libraw,CVE-2017-6887,664,7ed16d4d5f039f009dd84e99f98ee5b7f2bdabc8,False,False,src/libraw_cxx.cpp,LibRaw::deflate_dng_load_raw(),1523,1523,1
libraw/libraw,CVE-2017-6887,664,7ed16d4d5f039f009dd84e99f98ee5b7f2bdabc8,True,False,internal/dcraw_common.cpp,ljpeg_end( struct jhead * jh),859,864,6
libraw/libraw,CVE-2017-6887,664,7ed16d4d5f039f009dd84e99f98ee5b7f2bdabc8,True,False,internal/dcraw_common.cpp,get4(),201,206,6
libraw/libraw,CVE-2017-6887,664,7ed16d4d5f039f009dd84e99f98ee5b7f2bdabc8,False,False,src/libraw_datastream.cpp,LibRaw_bigfile_datastream::valid(),546,546,1
libraw/libraw,CVE-2017-6887,664,7ed16d4d5f039f009dd84e99f98ee5b7f2bdabc8,True,False,dcraw/dcraw.c,canon_sraw_load_raw(),1310,1479,143
libraw/libraw,CVE-2017-6887,664,7ed16d4d5f039f009dd84e99f98ee5b7f2bdabc8,True,False,dcraw/dcraw.c,"ahd_interpolate_combine_homogeneous_pixels( int top , int left , ushort(*rgb) [ TS ] [ TS ] [ 3 ] , char(*homogeneity_map) [ TS ] [ 2 ])",7360,7414,51
libraw/libraw,CVE-2017-6887,664,7ed16d4d5f039f009dd84e99f98ee5b7f2bdabc8,True,False,dcraw/dcraw.c,linear_table( unsigned len),12265,12274,10
libraw/libraw,CVE-2017-6887,664,7ed16d4d5f039f009dd84e99f98ee5b7f2bdabc8,True,False,internal/dcraw_common.cpp,layer_thumb(),1655,1669,14
libraw/libraw,CVE-2017-6887,664,7ed16d4d5f039f009dd84e99f98ee5b7f2bdabc8,False,False,src/libraw_cxx.cpp,LibRaw::dcraw_clear_mem( libraw_processed_image_t * p),301,305,5
libraw/libraw,CVE-2017-6887,664,7ed16d4d5f039f009dd84e99f98ee5b7f2bdabc8,False,False,libraw/libraw_internal.h,,-1,-1,-1
libraw/libraw,CVE-2017-6887,664,7ed16d4d5f039f009dd84e99f98ee5b7f2bdabc8,False,False,src/libraw_xtrans_compressed.cpp,LibRaw::init_xtrans_block,170,202,28
libraw/libraw,CVE-2017-6887,664,7ed16d4d5f039f009dd84e99f98ee5b7f2bdabc8,False,False,libraw/libraw_alloc.h,DllDeflibraw_memmgr::realloc,49,55,7
libraw/libraw,CVE-2017-6887,664,7ed16d4d5f039f009dd84e99f98ee5b7f2bdabc8,True,False,dcraw/dcraw.c,smal_v6_load_raw(),4474,4484,10
libraw/libraw,CVE-2017-6887,664,7ed16d4d5f039f009dd84e99f98ee5b7f2bdabc8,False,False,src/libraw_c_api.cpp,libraw_set_ca_correction,386,394,9
libraw/libraw,CVE-2017-6887,664,7ed16d4d5f039f009dd84e99f98ee5b7f2bdabc8,True,False,dcraw/dcraw.c,"ljpeg_row( int jrow , struct jhead * jh)",1176,1238,62
libraw/libraw,CVE-2017-6887,664,7ed16d4d5f039f009dd84e99f98ee5b7f2bdabc8,False,False,src/libraw_cxx.cpp,LibRaw::thumbOK( INT64 maxsz),3893,3922,30
libraw/libraw,CVE-2017-6887,664,7ed16d4d5f039f009dd84e99f98ee5b7f2bdabc8,True,False,dcraw/dcraw.c,sony_arw_load_raw(),4094,4120,24
libraw/libraw,CVE-2017-6887,664,7ed16d4d5f039f009dd84e99f98ee5b7f2bdabc8,False,False,libraw/libraw_datastream.h,DllDefLibRaw_abstract_datastream::subfile_open( const wchar_t *),100,100,1
libraw/libraw,CVE-2017-6887,664,7ed16d4d5f039f009dd84e99f98ee5b7f2bdabc8,True,False,dcraw/dcraw.c,"ahd_interpolate_green_h_and_v( int top , int left , ushort(*out_rgb) [ TS ] [ TS ] [ 3 ])",7214,7234,20
libraw/libraw,CVE-2017-6887,664,7ed16d4d5f039f009dd84e99f98ee5b7f2bdabc8,True,False,internal/dcraw_common.cpp,"parseCanonMakernotes( unsigned tag , unsigned type , unsigned len)",7061,7356,281
libraw/libraw,CVE-2017-6887,664,7ed16d4d5f039f009dd84e99f98ee5b7f2bdabc8,False,False,src/libraw_cxx.cpp,cleargps( libraw_gps_info_t * q),431,437,7
libraw/libraw,CVE-2017-6887,664,7ed16d4d5f039f009dd84e99f98ee5b7f2bdabc8,False,False,libraw/libraw_datastream.h,libraw_dng_stream::libraw_dng_stream( LibRaw_abstract_datastream * p),264,272,9
libraw/libraw,CVE-2017-6887,664,7ed16d4d5f039f009dd84e99f98ee5b7f2bdabc8,False,False,src/libraw_cxx.cpp,LibRaw::parse_x3f(),5743,5902,149
libraw/libraw,CVE-2017-6887,664,7ed16d4d5f039f009dd84e99f98ee5b7f2bdabc8,True,False,dcraw/dcraw.c,hasselblad_load_raw(),2557,2642,79
libraw/libraw,CVE-2017-6887,664,7ed16d4d5f039f009dd84e99f98ee5b7f2bdabc8,False,False,src/libraw_cxx.cpp,,-1,-1,-1
libraw/libraw,CVE-2017-6887,664,7ed16d4d5f039f009dd84e99f98ee5b7f2bdabc8,True,False,internal/dcraw_common.cpp,unpacked_load_raw_reversed(),2417,2433,15
libraw/libraw,CVE-2017-6887,664,7ed16d4d5f039f009dd84e99f98ee5b7f2bdabc8,True,False,internal/dcraw_common.cpp,parse_kodak_ifd( int base),11060,11108,48
libraw/libraw,CVE-2017-6887,664,7ed16d4d5f039f009dd84e99f98ee5b7f2bdabc8,False,False,src/libraw_c_api.cpp,libraw_raw2image,224,230,7
libraw/libraw,CVE-2017-6887,664,7ed16d4d5f039f009dd84e99f98ee5b7f2bdabc8,True,False,dcraw/dcraw.c,"ahd_interpolate_r_and_b_in_rgb_and_convert_to_cielab( int top , int left , ushort(*inout_rgb) [ TS ] [ 3 ] , short(*out_lab) [ TS ] [ 3 ])",7235,7289,51
libraw/libraw,CVE-2017-6887,664,7ed16d4d5f039f009dd84e99f98ee5b7f2bdabc8,True,False,internal/dcraw_common.cpp,nikon_3700(),1591,1611,20
libraw/libraw,CVE-2017-6887,664,7ed16d4d5f039f009dd84e99f98ee5b7f2bdabc8,True,False,dcraw/dcraw.c,ljpeg_diff( ushort * huff),1157,1174,14
libraw/libraw,CVE-2017-6887,664,7ed16d4d5f039f009dd84e99f98ee5b7f2bdabc8,True,False,internal/dcraw_common.cpp,ciff_block_1030(),12783,12804,21
libraw/libraw,CVE-2017-6887,664,7ed16d4d5f039f009dd84e99f98ee5b7f2bdabc8,True,False,internal/dcraw_common.cpp,parse_fuji( int offset),13326,13422,88
libraw/libraw,CVE-2017-6887,664,7ed16d4d5f039f009dd84e99f98ee5b7f2bdabc8,False,False,src/libraw_datastream.cpp,"LibRaw_abstract_datastream::tempbuffer_open( void * buf , size_t size)",41,47,7
libraw/libraw,CVE-2017-6887,664,7ed16d4d5f039f009dd84e99f98ee5b7f2bdabc8,False,False,libraw/libraw_datastream.h,DllDefLibRaw_bigfile_datastream::size(),204,204,1
libraw/libraw,CVE-2017-6887,664,7ed16d4d5f039f009dd84e99f98ee5b7f2bdabc8,True,False,dcraw/dcraw.c,"processNikonLensData( uchar * LensData , unsigned len)",8249,8351,97
libraw/libraw,CVE-2017-6887,664,7ed16d4d5f039f009dd84e99f98ee5b7f2bdabc8,True,False,internal/dcraw_common.cpp,"stread( char * buf , size_t len , LibRaw_abstract_datastream * fp)",57,62,6
libraw/libraw,CVE-2017-6887,664,7ed16d4d5f039f009dd84e99f98ee5b7f2bdabc8,False,False,src/libraw_cxx.cpp,LibRaw::x3f_load_raw(),6150,6263,106
libraw/libraw,CVE-2017-6887,664,7ed16d4d5f039f009dd84e99f98ee5b7f2bdabc8,True,False,internal/dcraw_common.cpp,Canon_WBCTpresets( short WBCTversion),6881,6925,45
libraw/libraw,CVE-2017-6887,664,7ed16d4d5f039f009dd84e99f98ee5b7f2bdabc8,True,False,internal/dcraw_common.cpp,"parse_thumb_note( int base , unsigned toff , unsigned tlen)",6465,6479,14
libraw/libraw,CVE-2017-6887,664,7ed16d4d5f039f009dd84e99f98ee5b7f2bdabc8,False,False,src/libraw_datastream.cpp,LibRaw_bigfile_datastream::subfile_close(),656,663,8
libraw/libraw,CVE-2017-6887,664,7ed16d4d5f039f009dd84e99f98ee5b7f2bdabc8,True,False,dcraw/dcraw.c,sinar_4shot_load_raw(),2731,2780,43
libraw/libraw,CVE-2017-6887,664,7ed16d4d5f039f009dd84e99f98ee5b7f2bdabc8,True,False,internal/dcraw_common.cpp,"ahd_interpolate_r_and_b_in_rgb_and_convert_to_cielab( int top , int left , ushort(*inout_rgb) [ TS ] [ 3 ] , short(*out_lab) [ TS ] [ 3 ])",5918,5972,51
libraw/libraw,CVE-2017-6887,664,7ed16d4d5f039f009dd84e99f98ee5b7f2bdabc8,True,False,dcraw/dcraw.c,blend_highlights(),7625,7670,39
libraw/libraw,CVE-2017-6887,664,7ed16d4d5f039f009dd84e99f98ee5b7f2bdabc8,False,False,src/libraw_cxx.cpp,"LibRaw::open_buffer( void * buffer , size_t size)",1098,1131,32
libraw/libraw,CVE-2017-6887,664,7ed16d4d5f039f009dd84e99f98ee5b7f2bdabc8,True,False,internal/dcraw_common.cpp,bcd2dec( uchar data),154,162,9
libraw/libraw,CVE-2017-6887,664,7ed16d4d5f039f009dd84e99f98ee5b7f2bdabc8,False,False,src/libraw_c_api.cpp,libraw_version,44,44,1
libraw/libraw,CVE-2017-6887,664,7ed16d4d5f039f009dd84e99f98ee5b7f2bdabc8,True,False,dcraw/dcraw.c,median4( int * p),4486,4500,14
libraw/libraw,CVE-2017-6887,664,7ed16d4d5f039f009dd84e99f98ee5b7f2bdabc8,True,False,internal/dcraw_common.cpp,process_Sony_0x940c( uchar * buf),7997,8019,23
libraw/libraw,CVE-2017-6887,664,7ed16d4d5f039f009dd84e99f98ee5b7f2bdabc8,True,False,dcraw/dcraw.c,nikon_e995(),1849,1862,13
libraw/libraw,CVE-2017-6887,664,7ed16d4d5f039f009dd84e99f98ee5b7f2bdabc8,True,False,internal/dcraw_common.cpp,parse_jpeg( int offset),13424,13457,31
libraw/libraw,CVE-2017-6887,664,7ed16d4d5f039f009dd84e99f98ee5b7f2bdabc8,True,False,internal/dcraw_common.cpp,"fcol( int row , int col)",30,47,17
libraw/libraw,CVE-2017-6887,664,7ed16d4d5f039f009dd84e99f98ee5b7f2bdabc8,True,False,internal/dcraw_common.cpp,PentaxISO( ushort c),7426,7449,23
libraw/libraw,CVE-2017-6887,664,7ed16d4d5f039f009dd84e99f98ee5b7f2bdabc8,True,False,internal/dcraw_common.cpp,packed_load_raw(),2521,2564,41
libraw/libraw,CVE-2017-6887,664,7ed16d4d5f039f009dd84e99f98ee5b7f2bdabc8,True,False,dcraw/dcraw.c,rollei_thumb(),1967,1984,17
libraw/libraw,CVE-2017-6887,664,7ed16d4d5f039f009dd84e99f98ee5b7f2bdabc8,True,False,internal/dcraw_common.cpp,"powf64( float a , float b)",6482,6482,1
libraw/libraw,CVE-2017-6887,664,7ed16d4d5f039f009dd84e99f98ee5b7f2bdabc8,False,False,src/libraw_cxx.cpp,LibRaw::fix_after_rawspeed( int),2182,2182,1
libraw/libraw,CVE-2017-6887,664,7ed16d4d5f039f009dd84e99f98ee5b7f2bdabc8,True,False,dcraw/dcraw.c,pana_bits( int nbits),3067,3092,16
libraw/libraw,CVE-2017-6887,664,7ed16d4d5f039f009dd84e99f98ee5b7f2bdabc8,False,False,src/libraw_datastream.cpp,LibRaw_buffer_datastream::valid(),455,455,1
libraw/libraw,CVE-2017-6887,664,7ed16d4d5f039f009dd84e99f98ee5b7f2bdabc8,False,False,libraw/libraw_datastream.h,libraw_dng_stream::~libraw_dng_stream(),273,277,5
libraw/libraw,CVE-2017-6887,664,7ed16d4d5f039f009dd84e99f98ee5b7f2bdabc8,False,False,src/libraw_cxx.cpp,LibRaw::dcraw_make_mem_image( int * errcode),3609,3635,23
libraw/libraw,CVE-2017-6887,664,7ed16d4d5f039f009dd84e99f98ee5b7f2bdabc8,False,False,src/libraw_datastream.cpp,LibRaw_file_datastream::eof(),137,143,7
libraw/libraw,CVE-2017-6887,664,7ed16d4d5f039f009dd84e99f98ee5b7f2bdabc8,False,False,src/libraw_datastream.cpp,LibRaw_windows_datastream::~LibRaw_windows_datastream(),720,727,7
libraw/libraw,CVE-2017-6887,664,7ed16d4d5f039f009dd84e99f98ee5b7f2bdabc8,True,False,internal/dcraw_common.cpp,kodak_ycbcr_load_raw(),3659,3696,35
libraw/libraw,CVE-2017-6887,664,7ed16d4d5f039f009dd84e99f98ee5b7f2bdabc8,False,False,src/libraw_c_api.cpp,libraw_get_pre_mul,365,370,6
libraw/libraw,CVE-2017-6887,664,7ed16d4d5f039f009dd84e99f98ee5b7f2bdabc8,True,False,dcraw/dcraw.c,"parse_makernote_0xc634( int base , int uptag , unsigned dng_writer)",10230,10230,1
libraw/libraw,CVE-2017-6887,664,7ed16d4d5f039f009dd84e99f98ee5b7f2bdabc8,True,False,dcraw/dcraw.c,"foveon_avg( short * pix , int range [ 2 ] , float cfilt)",4966,4982,16
libraw/libraw,CVE-2017-6887,664,7ed16d4d5f039f009dd84e99f98ee5b7f2bdabc8,True,False,internal/dcraw_common.cpp,parse_external_jpeg(),12666,12777,92
libraw/libraw,CVE-2017-6887,664,7ed16d4d5f039f009dd84e99f98ee5b7f2bdabc8,True,False,dcraw/dcraw.c,"parseSonyLensType2( uchar a , uchar b)",9202,9237,36
libraw/libraw,CVE-2017-6887,664,7ed16d4d5f039f009dd84e99f98ee5b7f2bdabc8,True,False,internal/dcraw_common.cpp,"cielab( ushort rgb [ 3 ] , short lab [ 3 ])",5559,5603,33
libraw/libraw,CVE-2017-6887,664,7ed16d4d5f039f009dd84e99f98ee5b7f2bdabc8,True,False,internal/dcraw_common.cpp,kodak_262_load_raw(),3522,3584,56
libraw/libraw,CVE-2017-6887,664,7ed16d4d5f039f009dd84e99f98ee5b7f2bdabc8,True,False,dcraw/dcraw.c,packed_load_raw(),2817,2860,41
libraw/libraw,CVE-2017-6887,664,7ed16d4d5f039f009dd84e99f98ee5b7f2bdabc8,False,False,libraw/libraw.h,DllDefLibRaw::set_dataerror_handler,155,159,5
libraw/libraw,CVE-2017-6887,664,7ed16d4d5f039f009dd84e99f98ee5b7f2bdabc8,False,False,src/libraw_datastream.cpp,LibRaw_buffer_datastream::make_jas_stream(),457,464,5
libraw/libraw,CVE-2017-6887,664,7ed16d4d5f039f009dd84e99f98ee5b7f2bdabc8,True,False,dcraw/dcraw.c,"find_green( int bps , int bite , int off0 , int off1)",16146,16173,27
libraw/libraw,CVE-2017-6887,664,7ed16d4d5f039f009dd84e99f98ee5b7f2bdabc8,False,False,libraw/libraw.h,DllDefLibRaw::raw_was_read,382,386,5
libraw/libraw,CVE-2017-6887,664,7ed16d4d5f039f009dd84e99f98ee5b7f2bdabc8,True,False,dcraw/dcraw.c,kodak_dc120_load_raw(),3679,3698,17
libraw/libraw,CVE-2017-6887,664,7ed16d4d5f039f009dd84e99f98ee5b7f2bdabc8,True,False,internal/dcraw_common.cpp,eight_bit_load_raw(),3404,3435,25
libraw/libraw,CVE-2017-6887,664,7ed16d4d5f039f009dd84e99f98ee5b7f2bdabc8,True,False,internal/dcraw_common.cpp,"crw_init_tables( unsigned table , ushort * huff [ 2 ])",634,679,46
libraw/libraw,CVE-2017-6887,664,7ed16d4d5f039f009dd84e99f98ee5b7f2bdabc8,True,False,internal/dcraw_common.cpp,lin_interpolate(),5276,5325,40
libraw/libraw,CVE-2017-6887,664,7ed16d4d5f039f009dd84e99f98ee5b7f2bdabc8,False,False,src/libraw_c_api.cpp,libraw_get_rgb_cam,372,377,6
libraw/libraw,CVE-2017-6887,664,7ed16d4d5f039f009dd84e99f98ee5b7f2bdabc8,True,False,dcraw/dcraw.c,setPentaxBodyFeatures( unsigned id),8680,8746,66
libraw/libraw,CVE-2017-6887,664,7ed16d4d5f039f009dd84e99f98ee5b7f2bdabc8,True,False,dcraw/dcraw.c,green_matching(),6254,6306,49
libraw/libraw,CVE-2017-6887,664,7ed16d4d5f039f009dd84e99f98ee5b7f2bdabc8,True,False,internal/dcraw_common.cpp,pana_bits( int nbits),2771,2796,16
libraw/libraw,CVE-2017-6887,664,7ed16d4d5f039f009dd84e99f98ee5b7f2bdabc8,True,False,internal/dcraw_common.cpp,fill_holes( int holes),4206,4234,28
libraw/libraw,CVE-2017-6887,664,7ed16d4d5f039f009dd84e99f98ee5b7f2bdabc8,False,False,src/libraw_datastream.cpp,"LibRaw_bigfile_datastream::read( void * ptr , size_t size , size_t nmemb)",555,559,5
libraw/libraw,CVE-2017-6887,664,7ed16d4d5f039f009dd84e99f98ee5b7f2bdabc8,True,False,internal/dcraw_common.cpp,canon_has_lowbits(),687,702,15
libraw/libraw,CVE-2017-6887,664,7ed16d4d5f039f009dd84e99f98ee5b7f2bdabc8,True,False,dcraw/dcraw.c,"getwords( char * line , char * words [ ] , int maxwords , int maxlen)",384,405,21
libraw/libraw,CVE-2017-6887,664,7ed16d4d5f039f009dd84e99f98ee5b7f2bdabc8,True,False,dcraw/dcraw.c,"foveon_make_curve( double max , double mul , double filt)",4984,5004,20
libraw/libraw,CVE-2017-6887,664,7ed16d4d5f039f009dd84e99f98ee5b7f2bdabc8,False,False,src/libraw_datastream.cpp,LibRaw_file_datastream::LibRaw_file_datastream( const char * fname),64,92,23
libraw/libraw,CVE-2017-6887,664,7ed16d4d5f039f009dd84e99f98ee5b7f2bdabc8,False,False,libraw/libraw_datastream.h,DllDefLibRaw_abstract_datastream::LibRaw_abstract_datastream(),76,76,1
libraw/libraw,CVE-2017-6887,664,7ed16d4d5f039f009dd84e99f98ee5b7f2bdabc8,False,False,src/libraw_c_api.cpp,libraw_dcraw_thumb_writer,185,191,7
libraw/libraw,CVE-2017-6887,664,7ed16d4d5f039f009dd84e99f98ee5b7f2bdabc8,True,False,internal/dcraw_common.cpp,nikon_e995(),1558,1571,13
libraw/libraw,CVE-2017-6887,664,7ed16d4d5f039f009dd84e99f98ee5b7f2bdabc8,False,False,src/libraw_c_api.cpp,libraw_dcraw_make_mem_image,199,209,11
libraw/libraw,CVE-2017-6887,664,7ed16d4d5f039f009dd84e99f98ee5b7f2bdabc8,False,False,src/libraw_cxx.cpp,LibRaw::strprogress( enum LibRaw_progress p),5645,5694,50
libraw/libraw,CVE-2017-6887,664,7ed16d4d5f039f009dd84e99f98ee5b7f2bdabc8,True,False,dcraw/dcraw.c,parse_kodak_ifd( int base),12382,12430,48
libraw/libraw,CVE-2017-6887,664,7ed16d4d5f039f009dd84e99f98ee5b7f2bdabc8,False,False,libraw/libraw_alloc.h,DllDeflibraw_memmgr::calloc,43,48,6
libraw/libraw,CVE-2017-6887,664,7ed16d4d5f039f009dd84e99f98ee5b7f2bdabc8,True,False,internal/dcraw_common.cpp,ljpeg_idct( struct jhead * jh),1213,1248,34
libraw/libraw,CVE-2017-6887,664,7ed16d4d5f039f009dd84e99f98ee5b7f2bdabc8,False,False,src/libraw_datastream.cpp,LibRaw_bigfile_datastream::LibRaw_bigfile_datastream( const char * fname),480,512,24
libraw/libraw,CVE-2017-6887,664,7ed16d4d5f039f009dd84e99f98ee5b7f2bdabc8,True,False,dcraw/dcraw.c,android_loose_load_raw(),2993,3013,20
libraw/libraw,CVE-2017-6887,664,7ed16d4d5f039f009dd84e99f98ee5b7f2bdabc8,True,False,internal/dcraw_common.cpp,kodak_radc_load_raw(),3035,3136,99
libraw/libraw,CVE-2017-6887,664,7ed16d4d5f039f009dd84e99f98ee5b7f2bdabc8,True,False,dcraw/dcraw.c,simple_coeff( int index),16109,16124,12
libraw/libraw,CVE-2017-6887,664,7ed16d4d5f039f009dd84e99f98ee5b7f2bdabc8,True,False,dcraw/dcraw.c,parse_jpeg( int offset),14752,14785,31
libraw/libraw,CVE-2017-6887,664,7ed16d4d5f039f009dd84e99f98ee5b7f2bdabc8,True,False,dcraw/dcraw.c,canon_600_fixed_wb( int temp),611,628,17
libraw/libraw,CVE-2017-6887,664,7ed16d4d5f039f009dd84e99f98ee5b7f2bdabc8,True,False,dcraw/dcraw.c,"parseSonyLensFeatures( uchar a , uchar b)",9241,9316,62
libraw/libraw,CVE-2017-6887,664,7ed16d4d5f039f009dd84e99f98ee5b7f2bdabc8,True,False,internal/dcraw_common.cpp,ahd_interpolate(),6098,6156,40
libraw/libraw,CVE-2017-6887,664,7ed16d4d5f039f009dd84e99f98ee5b7f2bdabc8,True,False,dcraw/dcraw.c,fill_holes( int holes),4502,4530,28
libraw/libraw,CVE-2017-6887,664,7ed16d4d5f039f009dd84e99f98ee5b7f2bdabc8,True,False,internal/dcraw_common.cpp,kodak_jpeg_load_raw(),3159,3197,37
libraw/libraw,CVE-2017-6887,664,7ed16d4d5f039f009dd84e99f98ee5b7f2bdabc8,True,False,internal/dcraw_common.cpp,nikon_yuv_load_raw(),1527,1553,24
libraw/libraw,CVE-2017-6887,664,7ed16d4d5f039f009dd84e99f98ee5b7f2bdabc8,False,False,src/libraw_cxx.cpp,LibRaw::hasselblad_full_load_raw(),1671,1682,11
libraw/libraw,CVE-2017-6887,664,7ed16d4d5f039f009dd84e99f98ee5b7f2bdabc8,True,False,dcraw/dcraw.c,"remove_trailing_spaces( char * string , size_t len)",16176,16191,16
libraw/libraw,CVE-2017-6887,664,7ed16d4d5f039f009dd84e99f98ee5b7f2bdabc8,False,False,libraw/libraw.h,DllDefLibRaw::set_memerror_handler,150,154,5
libraw/libraw,CVE-2017-6887,664,7ed16d4d5f039f009dd84e99f98ee5b7f2bdabc8,False,False,src/libraw_cxx.cpp,LibRaw::try_rawspeed(),2228,2344,106
libraw/libraw,CVE-2017-6887,664,7ed16d4d5f039f009dd84e99f98ee5b7f2bdabc8,True,False,internal/dcraw_common.cpp,parse_mos( int offset),10804,10941,132
libraw/libraw,CVE-2017-6887,664,7ed16d4d5f039f009dd84e99f98ee5b7f2bdabc8,True,False,dcraw/dcraw.c,nikon_load_raw(),1728,1816,82
libraw/libraw,CVE-2017-6887,664,7ed16d4d5f039f009dd84e99f98ee5b7f2bdabc8,True,False,dcraw/dcraw.c,kodak_c603_load_raw(),3776,3816,34
libraw/libraw,CVE-2017-6887,664,7ed16d4d5f039f009dd84e99f98ee5b7f2bdabc8,True,False,internal/dcraw_common.cpp,canon_sraw_load_raw(),1019,1188,143
libraw/libraw,CVE-2017-6887,664,7ed16d4d5f039f009dd84e99f98ee5b7f2bdabc8,False,False,src/libraw_cxx.cpp,LibRaw::pentax_4shot_load_raw(),1614,1669,54
libraw/libraw,CVE-2017-6887,664,7ed16d4d5f039f009dd84e99f98ee5b7f2bdabc8,False,False,src/libraw_xtrans_compressed.cpp,xtrans_extend_blue,495,498,4
libraw/libraw,CVE-2017-6887,664,7ed16d4d5f039f009dd84e99f98ee5b7f2bdabc8,False,False,libraw/libraw_datastream.h,DllDefLibRaw_abstract_datastream::subfile_close(),103,103,1
libraw/libraw,CVE-2017-6887,664,7ed16d4d5f039f009dd84e99f98ee5b7f2bdabc8,True,False,internal/dcraw_common.cpp,make_decoder( const uchar * source),632,632,1
libraw/libraw,CVE-2017-6887,664,7ed16d4d5f039f009dd84e99f98ee5b7f2bdabc8,True,False,internal/dcraw_common.cpp,"parse_makernote_0xc634( int base , int uptag , unsigned dng_writer)",8119,8905,745
libraw/libraw,CVE-2017-6887,664,7ed16d4d5f039f009dd84e99f98ee5b7f2bdabc8,True,False,dcraw/dcraw.c,"parse_ciff( int offset , int length , int depth)",14138,14329,174
libraw/libraw,CVE-2017-6887,664,7ed16d4d5f039f009dd84e99f98ee5b7f2bdabc8,True,False,internal/dcraw_common.cpp,kodak_thumb_load_raw(),3727,3735,9
libraw/libraw,CVE-2017-6887,664,7ed16d4d5f039f009dd84e99f98ee5b7f2bdabc8,True,False,internal/dcraw_common.cpp,"Canon_WBpresets( int skip1 , int skip2)",6859,6879,21
libraw/libraw,CVE-2017-6887,664,7ed16d4d5f039f009dd84e99f98ee5b7f2bdabc8,True,False,dcraw/dcraw.c,kodak_65000_load_raw(),3933,3953,18
libraw/libraw,CVE-2017-6887,664,7ed16d4d5f039f009dd84e99f98ee5b7f2bdabc8,False,False,src/libraw_cxx.cpp,LibRaw::recycle(),579,667,67
libraw/libraw,CVE-2017-6887,664,7ed16d4d5f039f009dd84e99f98ee5b7f2bdabc8,False,False,src/libraw_c_api.cpp,libraw_strprogress,45,45,1
libraw/libraw,CVE-2017-6887,664,7ed16d4d5f039f009dd84e99f98ee5b7f2bdabc8,False,False,src/libraw_xtrans_compressed.cpp,LibRaw::xtrans_decode_block,500,664,145
libraw/libraw,CVE-2017-6887,664,7ed16d4d5f039f009dd84e99f98ee5b7f2bdabc8,False,False,src/libraw_datastream.cpp,LibRaw_file_datastream::jpeg_src( void * jpegdata),294,323,25
libraw/libraw,CVE-2017-6887,664,7ed16d4d5f039f009dd84e99f98ee5b7f2bdabc8,True,False,dcraw/dcraw.c,ahd_interpolate(),7476,7584,98
libraw/libraw,CVE-2017-6887,664,7ed16d4d5f039f009dd84e99f98ee5b7f2bdabc8,True,False,dcraw/dcraw.c,phase_one_load_raw_c(),2454,2555,85
libraw/libraw,CVE-2017-6887,664,7ed16d4d5f039f009dd84e99f98ee5b7f2bdabc8,False,False,src/libraw_c_api.cpp,libraw_open_file,65,71,7
libraw/libraw,CVE-2017-6887,664,7ed16d4d5f039f009dd84e99f98ee5b7f2bdabc8,True,False,dcraw/dcraw.c,romm_coeff( float romm_cam [ 3 ] [ 3 ]),12114,12124,10
libraw/libraw,CVE-2017-6887,664,7ed16d4d5f039f009dd84e99f98ee5b7f2bdabc8,True,False,dcraw/dcraw.c,rollei_load_raw(),1986,2012,24
libraw/libraw,CVE-2017-6887,664,7ed16d4d5f039f009dd84e99f98ee5b7f2bdabc8,False,False,src/libraw_c_api.cpp,libraw_set_exifparser_handler,140,146,7
libraw/libraw,CVE-2017-6887,664,7ed16d4d5f039f009dd84e99f98ee5b7f2bdabc8,True,False,dcraw/dcraw.c,"stread( char * buf , size_t len , LibRaw_abstract_datastream * fp)",315,320,6
libraw/libraw,CVE-2017-6887,664,7ed16d4d5f039f009dd84e99f98ee5b7f2bdabc8,True,False,dcraw/dcraw.c,kodak_jpeg_load_raw(),3455,3493,37
libraw/libraw,CVE-2017-6887,664,7ed16d4d5f039f009dd84e99f98ee5b7f2bdabc8,True,False,dcraw/dcraw.c,pentax_load_raw(),1655,1689,32
libraw/libraw,CVE-2017-6887,664,7ed16d4d5f039f009dd84e99f98ee5b7f2bdabc8,True,False,dcraw/dcraw.c,samsung3_load_raw(),4333,4391,56
libraw/libraw,CVE-2017-6887,664,7ed16d4d5f039f009dd84e99f98ee5b7f2bdabc8,True,False,internal/dcraw_common.cpp,ppm16_thumb(),1640,1653,14
libraw/libraw,CVE-2017-6887,664,7ed16d4d5f039f009dd84e99f98ee5b7f2bdabc8,True,False,dcraw/dcraw.c,sget2( uchar * s),371,377,7
libraw/libraw,CVE-2017-6887,664,7ed16d4d5f039f009dd84e99f98ee5b7f2bdabc8,True,False,dcraw/dcraw.c,android_tight_load_raw(),2975,2991,16
libraw/libraw,CVE-2017-6887,664,7ed16d4d5f039f009dd84e99f98ee5b7f2bdabc8,True,False,dcraw/dcraw.c,Canon_CameraSettings(),8154,8179,26
libraw/libraw,CVE-2017-6887,664,7ed16d4d5f039f009dd84e99f98ee5b7f2bdabc8,True,False,internal/dcraw_common.cpp,"ahd_interpolate_build_homogeneity_map( int top , int left , short(*lab) [ TS ] [ TS ] [ 3 ] , char(*out_homogeneity_map) [ TS ] [ 2 ])",5983,6042,56
libraw/libraw,CVE-2017-6887,664,7ed16d4d5f039f009dd84e99f98ee5b7f2bdabc8,True,False,internal/dcraw_common.cpp,"process_Sony_0x9050( uchar * buf , unsigned id)",8021,8117,86
libraw/libraw,CVE-2017-6887,664,7ed16d4d5f039f009dd84e99f98ee5b7f2bdabc8,False,False,src/libraw_cxx.cpp,LibRaw::try_dngsdk(),2385,2492,93
libraw/libraw,CVE-2017-6887,664,7ed16d4d5f039f009dd84e99f98ee5b7f2bdabc8,True,False,dcraw/dcraw.c,parse_sinar_ia(),14370,14406,36
libraw/libraw,CVE-2017-6887,664,7ed16d4d5f039f009dd84e99f98ee5b7f2bdabc8,False,False,libraw/libraw_datastream.h,DllDefLibRaw_abstract_datastream::wfname(),99,99,1
libraw/libraw,CVE-2017-6887,664,7ed16d4d5f039f009dd84e99f98ee5b7f2bdabc8,False,False,src/libraw_datastream.cpp,LibRaw_bigfile_datastream::eof(),561,565,5
libraw/libraw,CVE-2017-6887,664,7ed16d4d5f039f009dd84e99f98ee5b7f2bdabc8,True,False,dcraw/dcraw.c,canon_s2is(),811,822,11
libraw/libraw,CVE-2017-6887,664,7ed16d4d5f039f009dd84e99f98ee5b7f2bdabc8,False,False,src/libraw_xtrans_compressed.cpp,xtrans_extend_green,490,493,4
libraw/libraw,CVE-2017-6887,664,7ed16d4d5f039f009dd84e99f98ee5b7f2bdabc8,True,False,dcraw/dcraw.c,sony_load_raw(),4062,4092,28
libraw/libraw,CVE-2017-6887,664,7ed16d4d5f039f009dd84e99f98ee5b7f2bdabc8,True,False,dcraw/dcraw.c,"phase_one_flat_field( int is_float , int nc)",2016,2074,56
libraw/libraw,CVE-2017-6887,664,7ed16d4d5f039f009dd84e99f98ee5b7f2bdabc8,False,False,libraw/libraw_datastream.h,DllDefLibRaw_abstract_datastream::subfile_open( const char *),102,102,1
libraw/libraw,CVE-2017-6887,664,7ed16d4d5f039f009dd84e99f98ee5b7f2bdabc8,False,False,libraw/libraw.h,DllDefLibRaw::output_params_ptr,125,125,1
libraw/libraw,CVE-2017-6887,664,7ed16d4d5f039f009dd84e99f98ee5b7f2bdabc8,False,False,src/libraw_c_api.cpp,libraw_set_no_auto_bright,298,304,7
libraw/libraw,CVE-2017-6887,664,7ed16d4d5f039f009dd84e99f98ee5b7f2bdabc8,True,False,dcraw/dcraw.c,eight_bit_load_raw(),3700,3731,25
libraw/libraw,CVE-2017-6887,664,7ed16d4d5f039f009dd84e99f98ee5b7f2bdabc8,False,False,libraw/libraw.h,,-1,-1,-1
libraw/libraw,CVE-2017-6887,664,7ed16d4d5f039f009dd84e99f98ee5b7f2bdabc8,True,False,internal/dcraw_common.cpp,phase_one_load_raw_c(),2158,2259,85
libraw/libraw,CVE-2017-6887,664,7ed16d4d5f039f009dd84e99f98ee5b7f2bdabc8,True,False,internal/dcraw_common.cpp,smal_v9_load_raw(),4236,4255,19
libraw/libraw,CVE-2017-6887,664,7ed16d4d5f039f009dd84e99f98ee5b7f2bdabc8,True,False,dcraw/dcraw.c,"ljpeg_start( struct jhead * jh , int info_only)",1078,1148,70
libraw/libraw,CVE-2017-6887,664,7ed16d4d5f039f009dd84e99f98ee5b7f2bdabc8,True,False,internal/dcraw_common.cpp,recover_highlights(),6356,6452,91
libraw/libraw,CVE-2017-6887,664,7ed16d4d5f039f009dd84e99f98ee5b7f2bdabc8,True,False,internal/dcraw_common.cpp,parse_rollei(),13003,13040,37
libraw/libraw,CVE-2017-6887,664,7ed16d4d5f039f009dd84e99f98ee5b7f2bdabc8,False,False,src/libraw_c_api.cpp,libraw_set_user_mul,282,288,7
libraw/libraw,CVE-2017-6887,664,7ed16d4d5f039f009dd84e99f98ee5b7f2bdabc8,False,False,src/libraw_c_api.cpp,libraw_open_buffer,97,103,7
libraw/libraw,CVE-2017-6887,664,7ed16d4d5f039f009dd84e99f98ee5b7f2bdabc8,True,False,dcraw/dcraw.c,"sony_decrypt( unsigned * data , int len , int start , int key)",4033,4060,19
libraw/libraw,CVE-2017-6887,664,7ed16d4d5f039f009dd84e99f98ee5b7f2bdabc8,True,False,dcraw/dcraw.c,phase_one_load_raw(),2378,2416,36
libraw/libraw,CVE-2017-6887,664,7ed16d4d5f039f009dd84e99f98ee5b7f2bdabc8,True,False,internal/dcraw_common.cpp,fill_input_buffer( j_decompress_ptr cinfo),3148,3158,10
libraw/libraw,CVE-2017-6887,664,7ed16d4d5f039f009dd84e99f98ee5b7f2bdabc8,False,False,src/libraw_c_api.cpp,libraw_close,132,138,7
libraw/libraw,CVE-2017-6887,664,7ed16d4d5f039f009dd84e99f98ee5b7f2bdabc8,False,False,src/libraw_datastream.cpp,LibRaw_buffer_datastream::jpeg_src( void * jpegdata),466,475,7
libraw/libraw,CVE-2017-6887,664,7ed16d4d5f039f009dd84e99f98ee5b7f2bdabc8,False,False,libraw/libraw.h,DllDefLibRaw::COLOR,200,203,4
libraw/libraw,CVE-2017-6887,664,7ed16d4d5f039f009dd84e99f98ee5b7f2bdabc8,True,False,internal/dcraw_common.cpp,broadcom_load_raw(),2610,2629,17
libraw/libraw,CVE-2017-6887,664,7ed16d4d5f039f009dd84e99f98ee5b7f2bdabc8,True,False,internal/dcraw_common.cpp,"powf_lim( float a , float b , float limup)",6481,6481,1
libraw/libraw,CVE-2017-6887,664,7ed16d4d5f039f009dd84e99f98ee5b7f2bdabc8,True,False,internal/dcraw_common.cpp,android_loose_load_raw(),2697,2717,20
libraw/libraw,CVE-2017-6887,664,7ed16d4d5f039f009dd84e99f98ee5b7f2bdabc8,True,False,internal/dcraw_common.cpp,packed_dng_load_raw(),1326,1362,30
libraw/libraw,CVE-2017-6887,664,7ed16d4d5f039f009dd84e99f98ee5b7f2bdabc8,False,False,src/libraw_cxx.cpp,LibRaw::x3f_dpq_interpolate_rg(),5984,6006,22
libraw/libraw,CVE-2017-6887,664,7ed16d4d5f039f009dd84e99f98ee5b7f2bdabc8,True,False,dcraw/dcraw.c,"read_shorts( ushort * pixel , int count)",540,546,7
libraw/libraw,CVE-2017-6887,664,7ed16d4d5f039f009dd84e99f98ee5b7f2bdabc8,False,False,libraw/libraw_alloc.h,DllDeflibraw_memmgr::libraw_memmgr,32,36,5
libraw/libraw,CVE-2017-6887,664,7ed16d4d5f039f009dd84e99f98ee5b7f2bdabc8,True,False,dcraw/dcraw.c,setCanonBodyFeatures( unsigned id),7865,7921,56
libraw/libraw,CVE-2017-6887,664,7ed16d4d5f039f009dd84e99f98ee5b7f2bdabc8,True,False,dcraw/dcraw.c,ppm_thumb(),1924,1934,11
libraw/libraw,CVE-2017-6887,664,7ed16d4d5f039f009dd84e99f98ee5b7f2bdabc8,False,False,src/libraw_cxx.cpp,LibRaw::clearCancelFlag(),2185,2199,10
libraw/libraw,CVE-2017-6887,664,7ed16d4d5f039f009dd84e99f98ee5b7f2bdabc8,False,False,src/libraw_c_api.cpp,libraw_set_output_bps,270,276,7
libraw/libraw,CVE-2017-6887,664,7ed16d4d5f039f009dd84e99f98ee5b7f2bdabc8,True,False,internal/dcraw_common.cpp,parse_tiff_ifd( int base),11110,12297,1070
libraw/libraw,CVE-2017-6887,664,7ed16d4d5f039f009dd84e99f98ee5b7f2bdabc8,True,False,dcraw/dcraw.c,get2(),467,472,6
libraw/libraw,CVE-2017-6887,664,7ed16d4d5f039f009dd84e99f98ee5b7f2bdabc8,True,False,dcraw/dcraw.c,ljpeg_end( struct jhead * jh),1150,1155,6
libraw/libraw,CVE-2017-6887,664,7ed16d4d5f039f009dd84e99f98ee5b7f2bdabc8,True,False,dcraw/dcraw.c,foveon_huff( ushort * huff),4781,4794,13
libraw/libraw,CVE-2017-6887,664,7ed16d4d5f039f009dd84e99f98ee5b7f2bdabc8,True,False,dcraw/dcraw.c,"ahd_interpolate_build_homogeneity_map( int top , int left , short(*lab) [ TS ] [ TS ] [ 3 ] , char(*out_homogeneity_map) [ TS ] [ 2 ])",7300,7359,56
libraw/libraw,CVE-2017-6887,664,7ed16d4d5f039f009dd84e99f98ee5b7f2bdabc8,False,False,src/libraw_datastream.cpp,LibRaw_bigfile_datastream::fname(),613,613,1
libraw/libraw,CVE-2017-6887,664,7ed16d4d5f039f009dd84e99f98ee5b7f2bdabc8,False,False,src/libraw_cxx.cpp,LibRaw::open_datastream( LibRaw_abstract_datastream * stream),1807,2171,325
libraw/libraw,CVE-2017-6887,664,7ed16d4d5f039f009dd84e99f98ee5b7f2bdabc8,False,False,src/libraw_cxx.cpp,LibRaw::is_sraw(),307,307,1
libraw/libraw,CVE-2017-6887,664,7ed16d4d5f039f009dd84e99f98ee5b7f2bdabc8,True,False,internal/dcraw_common.cpp,"cam_xyz_coeff( float _rgb_cam [ 3 ] [ 4 ] , double cam_xyz [ 4 ] [ 3 ])",4587,4618,30
libraw/libraw,CVE-2017-6887,664,7ed16d4d5f039f009dd84e99f98ee5b7f2bdabc8,True,False,dcraw/dcraw.c,"canon_600_color( int ratio [ 2 ] , int mar)",631,675,44
libraw/libraw,CVE-2017-6887,664,7ed16d4d5f039f009dd84e99f98ee5b7f2bdabc8,True,False,dcraw/dcraw.c,"foveon_apply_curve( short * curve , int i)",5016,5021,6
libraw/libraw,CVE-2017-6887,664,7ed16d4d5f039f009dd84e99f98ee5b7f2bdabc8,False,False,src/libraw_c_api.cpp,libraw_get_iheight,344,349,6
libraw/libraw,CVE-2017-6887,664,7ed16d4d5f039f009dd84e99f98ee5b7f2bdabc8,False,False,src/libraw_cxx.cpp,LibRaw::~LibRaw(),529,541,11
libraw/libraw,CVE-2017-6887,664,7ed16d4d5f039f009dd84e99f98ee5b7f2bdabc8,True,False,dcraw/dcraw.c,"merror( void * ptr , const char * where)",349,355,7
libraw/libraw,CVE-2017-6887,664,7ed16d4d5f039f009dd84e99f98ee5b7f2bdabc8,False,False,src/libraw_c_api.cpp,libraw_set_demosaic,254,260,7
libraw/libraw,CVE-2017-6887,664,7ed16d4d5f039f009dd84e99f98ee5b7f2bdabc8,True,False,internal/dcraw_common.cpp,"sony_decrypt( unsigned * data , int len , int start , int key)",3737,3764,19
libraw/libraw,CVE-2017-6887,664,7ed16d4d5f039f009dd84e99f98ee5b7f2bdabc8,False,False,src/libraw_cxx.cpp,LibRaw::convert_to_rgb_loop( float out_cam [ 3 ] [ 4 ]),4268,4292,25
libraw/libraw,CVE-2017-6887,664,7ed16d4d5f039f009dd84e99f98ee5b7f2bdabc8,True,False,internal/dcraw_common.cpp,phase_one_load_raw(),2082,2120,36
libraw/libraw,CVE-2017-6887,664,7ed16d4d5f039f009dd84e99f98ee5b7f2bdabc8,True,False,internal/dcraw_common.cpp,canon_600_fixed_wb( int temp),329,346,17
libraw/libraw,CVE-2017-6887,664,7ed16d4d5f039f009dd84e99f98ee5b7f2bdabc8,True,False,internal/dcraw_common.cpp,imacon_full_load_raw(),2486,2519,24
libraw/libraw,CVE-2017-6887,664,7ed16d4d5f039f009dd84e99f98ee5b7f2bdabc8,False,False,src/libraw_cxx.cpp,LibRaw::kodak_thumb_loader(),3680,3884,149
libraw/libraw,CVE-2017-6887,664,7ed16d4d5f039f009dd84e99f98ee5b7f2bdabc8,False,False,src/libraw_cxx.cpp,"LibRaw::get_mem_image_format( int * width , int * height , int * colors , int * bps) const",3504,3519,15
libraw/libraw,CVE-2017-6887,664,7ed16d4d5f039f009dd84e99f98ee5b7f2bdabc8,True,False,internal/dcraw_common.cpp,ahd_interpolate(),6159,6267,98
libraw/libraw,CVE-2017-6887,664,7ed16d4d5f039f009dd84e99f98ee5b7f2bdabc8,True,False,internal/dcraw_common.cpp,kodak_jpeg_load_raw(),3212,3276,58
libraw/libraw,CVE-2017-6887,664,7ed16d4d5f039f009dd84e99f98ee5b7f2bdabc8,True,False,internal/dcraw_common.cpp,phase_one_correct(),1780,2080,280
libraw/libraw,CVE-2017-6887,664,7ed16d4d5f039f009dd84e99f98ee5b7f2bdabc8,True,False,internal/dcraw_common.cpp,"pseudoinverse( double(*in) [ 3 ] , double(*out) [ 3 ] , int size)",4554,4585,31
libraw/libraw,CVE-2017-6887,664,7ed16d4d5f039f009dd84e99f98ee5b7f2bdabc8,False,False,libraw/libraw_const.h,,-1,-1,-1
libraw/libraw,CVE-2017-6887,664,7ed16d4d5f039f009dd84e99f98ee5b7f2bdabc8,True,False,dcraw/dcraw.c,lossy_dng_load_raw(),3579,3676,88
libraw/libraw,CVE-2017-6887,664,7ed16d4d5f039f009dd84e99f98ee5b7f2bdabc8,True,False,dcraw/dcraw.c,"process_Sony_0x9050( uchar * buf , unsigned id)",9343,9439,86
libraw/libraw,CVE-2017-6887,664,7ed16d4d5f039f009dd84e99f98ee5b7f2bdabc8,False,False,src/libraw_cxx.cpp,LibRaw::x3f_thumb_size(),5904,5925,22
libraw/libraw,CVE-2017-6887,664,7ed16d4d5f039f009dd84e99f98ee5b7f2bdabc8,True,False,dcraw/dcraw.c,panasonic_load_raw(),3094,3125,29
libraw/libraw,CVE-2017-6887,664,7ed16d4d5f039f009dd84e99f98ee5b7f2bdabc8,False,False,src/libraw_c_api.cpp,libraw_dcraw_clear_mem,222,222,1
libraw/libraw,CVE-2017-6887,664,7ed16d4d5f039f009dd84e99f98ee5b7f2bdabc8,False,False,libraw/libraw_types.h,,-1,-1,-1
libraw/libraw,CVE-2017-6887,664,7ed16d4d5f039f009dd84e99f98ee5b7f2bdabc8,False,False,src/libraw_c_api.cpp,libraw_unpack_function_name,49,55,7
libraw/libraw,CVE-2017-6887,664,7ed16d4d5f039f009dd84e99f98ee5b7f2bdabc8,True,False,dcraw/dcraw.c,foveon_sd_load_raw(),4736,4779,40
libraw/libraw,CVE-2017-6887,664,7ed16d4d5f039f009dd84e99f98ee5b7f2bdabc8,True,False,dcraw/dcraw.c,int_to_float( int i),492,500,9
libraw/libraw,CVE-2017-6887,664,7ed16d4d5f039f009dd84e99f98ee5b7f2bdabc8,True,False,internal/dcraw_common.cpp,"PentaxLensInfo( unsigned id , unsigned len)",7452,7538,84
libraw/libraw,CVE-2017-6887,664,7ed16d4d5f039f009dd84e99f98ee5b7f2bdabc8,True,False,dcraw/dcraw.c,"processCanonCameraInfo( unsigned id , uchar * CameraInfo , unsigned maxlen)",7923,8152,230
libraw/libraw,CVE-2017-6887,664,7ed16d4d5f039f009dd84e99f98ee5b7f2bdabc8,False,False,src/libraw_datastream.cpp,LibRaw_windows_datastream::Open( HANDLE hFile),729,743,11
libraw/libraw,CVE-2017-6887,664,7ed16d4d5f039f009dd84e99f98ee5b7f2bdabc8,False,False,src/libraw_datastream.cpp,LibRaw_abstract_datastream::tempbuffer_close(),49,54,6
libraw/libraw,CVE-2017-6887,664,7ed16d4d5f039f009dd84e99f98ee5b7f2bdabc8,True,False,dcraw/dcraw.c,parse_riff(),14787,14834,47
libraw/libraw,CVE-2017-6887,664,7ed16d4d5f039f009dd84e99f98ee5b7f2bdabc8,False,False,src/libraw_datastream.cpp,LibRaw_bigfile_datastream::tell(),581,593,7
libraw/libraw,CVE-2017-6887,664,7ed16d4d5f039f009dd84e99f98ee5b7f2bdabc8,True,False,internal/dcraw_common.cpp,parse_minolta( int base),12584,12659,73
libraw/libraw,CVE-2017-6887,664,7ed16d4d5f039f009dd84e99f98ee5b7f2bdabc8,False,False,libraw/libraw_datastream.h,DllDefLibRaw_bigfile_datastream::get_char(),214,221,5
libraw/libraw,CVE-2017-6887,664,7ed16d4d5f039f009dd84e99f98ee5b7f2bdabc8,True,False,internal/dcraw_common.cpp,"find_green( int bps , int bite , int off0 , int off1)",14661,14688,27
libraw/libraw,CVE-2017-6887,664,7ed16d4d5f039f009dd84e99f98ee5b7f2bdabc8,True,False,internal/dcraw_common.cpp,panasonic_load_raw(),2798,2829,29
libraw/libraw,CVE-2017-6887,664,7ed16d4d5f039f009dd84e99f98ee5b7f2bdabc8,False,False,internal/dcraw_fileio.cpp,bad_pixels,32,97,50
libraw/libraw,CVE-2017-6887,664,7ed16d4d5f039f009dd84e99f98ee5b7f2bdabc8,False,False,src/libraw_xtrans_compressed.cpp,fuji_decode_interpolation_even,458,474,17
libraw/libraw,CVE-2017-6887,664,7ed16d4d5f039f009dd84e99f98ee5b7f2bdabc8,False,False,src/libraw_cxx.cpp,LibRaw::is_curve_linear(),2377,2383,7
libraw/libraw,CVE-2017-6887,664,7ed16d4d5f039f009dd84e99f98ee5b7f2bdabc8,True,False,dcraw/dcraw.c,colorcheck(),5938,6012,69
libraw/libraw,CVE-2017-6887,664,7ed16d4d5f039f009dd84e99f98ee5b7f2bdabc8,True,False,dcraw/dcraw.c,"my_strcasestr( char * haystack , const char * needle)",334,341,8
libraw/libraw,CVE-2017-6887,664,7ed16d4d5f039f009dd84e99f98ee5b7f2bdabc8,True,False,internal/dcraw_common.cpp,parse_tiff( int base),12299,12314,16
libraw/libraw,CVE-2017-6887,664,7ed16d4d5f039f009dd84e99f98ee5b7f2bdabc8,False,False,src/libraw_cxx.cpp,"LibRaw::open_file( const wchar_t * fname , INT64 max_buf_size)",1057,1095,37
libraw/libraw,CVE-2017-6887,664,7ed16d4d5f039f009dd84e99f98ee5b7f2bdabc8,False,False,src/libraw_c_api.cpp,libraw_COLOR,245,251,7
libraw/libraw,CVE-2017-6887,664,7ed16d4d5f039f009dd84e99f98ee5b7f2bdabc8,False,False,src/libraw_cxx.cpp,LibRaw::raw2image_start(),2828,2858,25
libraw/libraw,CVE-2017-6887,664,7ed16d4d5f039f009dd84e99f98ee5b7f2bdabc8,True,False,internal/dcraw_common.cpp,smal_v6_load_raw(),4178,4188,10
libraw/libraw,CVE-2017-6887,664,7ed16d4d5f039f009dd84e99f98ee5b7f2bdabc8,False,False,libraw/libraw_datastream.h,DllDefLibRaw_abstract_datastream::~LibRaw_abstract_datastream( void),77,81,5
libraw/libraw,CVE-2017-6887,664,7ed16d4d5f039f009dd84e99f98ee5b7f2bdabc8,True,False,dcraw/dcraw.c,leaf_hdr_load_raw(),2644,2693,43
libraw/libraw,CVE-2017-6887,664,7ed16d4d5f039f009dd84e99f98ee5b7f2bdabc8,False,False,src/libraw_cxx.cpp,LibRaw::dcraw_process( void),4414,4705,237
libraw/libraw,CVE-2017-6887,664,7ed16d4d5f039f009dd84e99f98ee5b7f2bdabc8,False,False,src/libraw_datastream.cpp,LibRaw_windows_datastream::LibRaw_windows_datastream( const TCHAR * sFile),690,709,18
libraw/libraw,CVE-2017-6887,664,7ed16d4d5f039f009dd84e99f98ee5b7f2bdabc8,False,False,src/libraw_cxx.cpp,LibRaw::is_floating_point(),1526,1536,10
libraw/libraw,CVE-2017-6887,664,7ed16d4d5f039f009dd84e99f98ee5b7f2bdabc8,False,False,src/libraw_datastream.cpp,LibRaw_bigfile_datastream::~LibRaw_bigfile_datastream(),539,545,7
libraw/libraw,CVE-2017-6887,664,7ed16d4d5f039f009dd84e99f98ee5b7f2bdabc8,False,False,src/libraw_cxx.cpp,LibRaw::scale_colors_loop( float scale_mul [ 4 ]),4294,4332,38
libraw/libraw,CVE-2017-6887,664,7ed16d4d5f039f009dd84e99f98ee5b7f2bdabc8,False,False,src/libraw_cxx.cpp,LibRaw::sraw_midpoint(),311,319,9
libraw/libraw,CVE-2017-6887,664,7ed16d4d5f039f009dd84e99f98ee5b7f2bdabc8,False,False,libraw/libraw_datastream.h,DllDefLibRaw_file_datastream::get_char(),142,147,6
libraw/libraw,CVE-2017-6887,664,7ed16d4d5f039f009dd84e99f98ee5b7f2bdabc8,False,False,src/libraw_c_api.cpp,libraw_get_iwidth,351,356,6
libraw/libraw,CVE-2017-6887,664,7ed16d4d5f039f009dd84e99f98ee5b7f2bdabc8,True,False,dcraw/dcraw.c,canon_load_raw(),986,1067,75
libraw/libraw,CVE-2017-6887,664,7ed16d4d5f039f009dd84e99f98ee5b7f2bdabc8,True,False,dcraw/dcraw.c,kodak_c330_load_raw(),3733,3774,35
libraw/libraw,CVE-2017-6887,664,7ed16d4d5f039f009dd84e99f98ee5b7f2bdabc8,True,False,internal/dcraw_common.cpp,parse_redcine(),13619,13652,31
libraw/libraw,CVE-2017-6887,664,7ed16d4d5f039f009dd84e99f98ee5b7f2bdabc8,True,False,dcraw/dcraw.c,recover_highlights(),7673,7769,91
libraw/libraw,CVE-2017-6887,664,7ed16d4d5f039f009dd84e99f98ee5b7f2bdabc8,True,False,dcraw/dcraw.c,crop_masked_pixels(),5468,5566,88
libraw/libraw,CVE-2017-6887,664,7ed16d4d5f039f009dd84e99f98ee5b7f2bdabc8,False,False,src/libraw_c_api.cpp,libraw_subtract_black,57,63,7
libraw/libraw,CVE-2017-6887,664,7ed16d4d5f039f009dd84e99f98ee5b7f2bdabc8,True,False,dcraw/dcraw.c,"raw( unsigned row , unsigned col)",2014,2014,1
libraw/libraw,CVE-2017-6887,664,7ed16d4d5f039f009dd84e99f98ee5b7f2bdabc8,False,False,internal/defines.h,fMAX,122,122,1
libraw/libraw,CVE-2017-6887,664,7ed16d4d5f039f009dd84e99f98ee5b7f2bdabc8,False,False,src/libraw_c_api.cpp,libraw_open_wfile_ex,89,95,7
libraw/libraw,CVE-2017-6887,664,a6b58744e331df0824bc11939cb70fc5c49894a9,True,True,internal/dcraw_common.cpp,parse_tiff_ifd,5740,6340,575
libraw/libraw,CVE-2017-6887,664,a6b58744e331df0824bc11939cb70fc5c49894a9,False,False,libraw/libraw_internal.h,,-1,-1,-1
libraw/libraw,CVE-2017-6887,664,dc7499b711417a8f547a9087466147115d121198,True,True,internal/dcraw_common.cpp,parse_tiff_ifd,5740,6342,575
libraw/libraw,CVE-2017-6887,664,dc7499b711417a8f547a9087466147115d121198,True,True,dcraw/dcraw.c,parse_tiff_ifd,6921,7523,575
libraw/libraw,CVE-2017-6887,664,dc7499b711417a8f547a9087466147115d121198,False,False,internal/dcraw_fileio.cpp,,-1,-1,-1
libraw/libraw,CVE-2017-6887,664,597ad1baab7ff36f0140f897af6fc86d71781004,True,False,dcraw/dcraw.c,,-1,-1,-1
libraw/libraw,CVE-2017-6887,664,597ad1baab7ff36f0140f897af6fc86d71781004,True,False,internal/dcraw_common.cpp,"flip_index( int row , int col)",8022,8028,7
libraw/libraw,CVE-2017-6887,664,597ad1baab7ff36f0140f897af6fc86d71781004,True,False,internal/dcraw_common.cpp,convert_to_rgb(),7807,7928,108
libraw/libraw,CVE-2017-6887,664,597ad1baab7ff36f0140f897af6fc86d71781004,True,False,dcraw/dcraw.c,fuji_rotate,8639,8684,37
libraw/libraw,CVE-2017-6887,664,597ad1baab7ff36f0140f897af6fc86d71781004,True,False,dcraw/dcraw.c,parse_redcine,5915,5944,27
libraw/libraw,CVE-2017-6887,664,597ad1baab7ff36f0140f897af6fc86d71781004,True,False,internal/dcraw_common.cpp,parse_rollei(),5095,5131,36
libraw/libraw,CVE-2017-6887,664,597ad1baab7ff36f0140f897af6fc86d71781004,True,False,internal/dcraw_common.cpp,parse_jpeg( int offset),5267,5291,23
libraw/libraw,CVE-2017-6887,664,597ad1baab7ff36f0140f897af6fc86d71781004,True,False,internal/dcraw_common.cpp,stretch(),7977,8020,37
libraw/libraw,CVE-2017-6887,664,597ad1baab7ff36f0140f897af6fc86d71781004,True,False,internal/dcraw_common.cpp,parse_sinar_ia(),5133,5163,30
libraw/libraw,CVE-2017-6887,664,597ad1baab7ff36f0140f897af6fc86d71781004,True,False,internal/dcraw_common.cpp,parse_redcine(),5401,5430,27
libraw/libraw,CVE-2017-6887,664,597ad1baab7ff36f0140f897af6fc86d71781004,True,False,internal/dcraw_common.cpp,parse_riff(),5293,5331,38
libraw/libraw,CVE-2017-6887,664,597ad1baab7ff36f0140f897af6fc86d71781004,True,False,internal/dcraw_common.cpp,"parse_ciff( int offset , int length)",4991,5093,99
libraw/libraw,CVE-2017-6887,664,597ad1baab7ff36f0140f897af6fc86d71781004,True,False,internal/dcraw_common.cpp,ciff_block_1030(),4967,4986,19
libraw/libraw,CVE-2017-6887,664,597ad1baab7ff36f0140f897af6fc86d71781004,True,False,internal/dcraw_common.cpp,"tiff_head( struct tiff_hdr * th , int full)",8049,8121,72
libraw/libraw,CVE-2017-6887,664,597ad1baab7ff36f0140f897af6fc86d71781004,True,False,internal/dcraw_common.cpp,jpeg_thumb(),8140,8149,9
libraw/libraw,CVE-2017-6887,664,597ad1baab7ff36f0140f897af6fc86d71781004,True,False,internal/dcraw_common.cpp,"adobe_coeff( const char * t_make , const char * t_model)",5435,6141,704
libraw/libraw,CVE-2017-6887,664,597ad1baab7ff36f0140f897af6fc86d71781004,True,False,dcraw/dcraw.c,tiff_head,8783,8855,72
libraw/libraw,CVE-2017-6887,664,597ad1baab7ff36f0140f897af6fc86d71781004,True,False,internal/dcraw_common.cpp,,-1,-1,-1
libraw/libraw,CVE-2017-6887,664,597ad1baab7ff36f0140f897af6fc86d71781004,True,False,dcraw/dcraw.c,parse_foveon,5957,6048,87
libraw/libraw,CVE-2017-6887,664,597ad1baab7ff36f0140f897af6fc86d71781004,True,False,dcraw/dcraw.c,parse_phase_one,5679,5744,65
libraw/libraw,CVE-2017-6887,664,597ad1baab7ff36f0140f897af6fc86d71781004,True,False,internal/dcraw_common.cpp,"find_green( int bps , int bite , int off0 , int off1)",6182,6205,23
libraw/libraw,CVE-2017-6887,664,597ad1baab7ff36f0140f897af6fc86d71781004,False,False,src/libraw_cxx.cpp,LibRaw::kodak_thumb_loader,1678,1839,117
libraw/libraw,CVE-2017-6887,664,597ad1baab7ff36f0140f897af6fc86d71781004,True,False,dcraw/dcraw.c,identify,6831,8425,1571
libraw/libraw,CVE-2017-6887,664,597ad1baab7ff36f0140f897af6fc86d71781004,True,False,dcraw/dcraw.c,write_ppm_tiff,8908,8956,48
libraw/libraw,CVE-2017-6887,664,597ad1baab7ff36f0140f897af6fc86d71781004,False,False,internal/dcraw_fileio.cpp,,-1,-1,-1
libraw/libraw,CVE-2017-6887,664,597ad1baab7ff36f0140f897af6fc86d71781004,True,False,internal/dcraw_common.cpp,fuji_rotate(),7930,7975,37
libraw/libraw,CVE-2017-6887,664,597ad1baab7ff36f0140f897af6fc86d71781004,True,False,internal/dcraw_common.cpp,write_ppm_tiff(),8174,8222,48
libraw/libraw,CVE-2017-6887,664,597ad1baab7ff36f0140f897af6fc86d71781004,True,False,internal/dcraw_common.cpp,simple_coeff( int index),6143,6161,14
libraw/libraw,CVE-2017-6887,664,597ad1baab7ff36f0140f897af6fc86d71781004,True,False,internal/dcraw_common.cpp,identify(),6211,7805,1571
libraw/libraw,CVE-2017-6887,664,597ad1baab7ff36f0140f897af6fc86d71781004,True,False,internal/dcraw_common.cpp,guess_byte_order( int words),6163,6180,17
libraw/libraw,CVE-2017-6887,664,597ad1baab7ff36f0140f897af6fc86d71781004,True,False,internal/dcraw_common.cpp,jpeg_thumb(),8151,8171,20
libraw/libraw,CVE-2017-6887,664,597ad1baab7ff36f0140f897af6fc86d71781004,True,False,internal/dcraw_common.cpp,"jpeg_thumb_writer( FILE * tfp , char * t_humb , int t_humb_length)",8124,8138,15
libraw/libraw,CVE-2017-6887,664,597ad1baab7ff36f0140f897af6fc86d71781004,True,False,internal/dcraw_common.cpp,parse_cine(),5352,5399,47
libraw/libraw,CVE-2017-6887,664,597ad1baab7ff36f0140f897af6fc86d71781004,True,False,dcraw/dcraw.c,apply_profile,8430,8511,62
libraw/libraw,CVE-2017-6887,664,597ad1baab7ff36f0140f897af6fc86d71781004,True,False,dcraw/dcraw.c,jpeg_thumb_writer,8858,8872,15
libraw/libraw,CVE-2017-6887,664,597ad1baab7ff36f0140f897af6fc86d71781004,True,False,internal/dcraw_common.cpp,"parse_smal( int offset , int fsize)",5333,5350,17
libraw/libraw,CVE-2017-6887,664,597ad1baab7ff36f0140f897af6fc86d71781004,False,False,samples/dcraw_emu.cpp,main,177,528,302
libraw/libraw,CVE-2017-6887,664,597ad1baab7ff36f0140f897af6fc86d71781004,True,False,internal/dcraw_common.cpp,parse_fuji( int offset),5232,5265,33
libraw/libraw,CVE-2017-6887,664,597ad1baab7ff36f0140f897af6fc86d71781004,True,False,dcraw/dcraw.c,jpeg_thumb,8874,8883,9
libraw/libraw,CVE-2017-6887,664,597ad1baab7ff36f0140f897af6fc86d71781004,False,False,internal/dcraw_fileio.cpp,apply_profile,157,238,62
libraw/libraw,CVE-2017-6887,664,597ad1baab7ff36f0140f897af6fc86d71781004,True,False,dcraw/dcraw.c,adobe_coeff,6055,6761,704
libraw/libraw,CVE-2017-6887,664,597ad1baab7ff36f0140f897af6fc86d71781004,True,False,internal/dcraw_common.cpp,"tiff_set( ushort * ntag , ushort tag , ushort type , int count , int val)",8030,8045,15
libraw/libraw,CVE-2017-6887,664,597ad1baab7ff36f0140f897af6fc86d71781004,True,False,internal/dcraw_common.cpp,parse_phase_one( int base),5165,5230,65
libraw/libraw,CVE-2017-6887,664,597ad1baab7ff36f0140f897af6fc86d71781004,True,False,dcraw/dcraw.c,stretch,8686,8729,37
libraw/libraw,CVE-2017-6887,664,597ad1baab7ff36f0140f897af6fc86d71781004,True,False,dcraw/dcraw.c,convert_to_rgb,8516,8637,108
libraw/libraw,CVE-2017-6887,664,7b1b8241bd8acd4826703492dfb9ce2b625453ed,False,False,libraw/libraw_types.h,,-1,-1,-1
libraw/libraw,CVE-2017-6887,664,7b1b8241bd8acd4826703492dfb9ce2b625453ed,True,False,dcraw/dcraw.c,vng_interpolate,3663,3793,125
libraw/libraw,CVE-2017-6887,664,7b1b8241bd8acd4826703492dfb9ce2b625453ed,False,False,internal/var_defines.h,,-1,-1,-1
libraw/libraw,CVE-2017-6887,664,7b1b8241bd8acd4826703492dfb9ce2b625453ed,True,False,internal/dcraw_common.cpp,parse_mos,4080,4146,66
libraw/libraw,CVE-2017-6887,664,7b1b8241bd8acd4826703492dfb9ce2b625453ed,True,False,internal/dcraw_common.cpp,parse_makernote,3680,3986,303
libraw/libraw,CVE-2017-6887,664,7b1b8241bd8acd4826703492dfb9ce2b625453ed,True,False,internal/dcraw_common.cpp,blend_highlights,3528,3571,37
libraw/libraw,CVE-2017-6887,664,7b1b8241bd8acd4826703492dfb9ce2b625453ed,True,False,internal/dcraw_common.cpp,apply_tiff,4700,4826,124
libraw/libraw,CVE-2017-6887,664,7b1b8241bd8acd4826703492dfb9ce2b625453ed,True,False,internal/dcraw_common.cpp,remove_zeroes,2595,2610,15
libraw/libraw,CVE-2017-6887,664,7b1b8241bd8acd4826703492dfb9ce2b625453ed,True,True,dcraw/dcraw.c,parse_tiff_ifd,4709,5197,481
libraw/libraw,CVE-2017-6887,664,7b1b8241bd8acd4826703492dfb9ce2b625453ed,True,False,dcraw/dcraw.c,ppg_interpolate,3798,3867,48
libraw/libraw,CVE-2017-6887,664,7b1b8241bd8acd4826703492dfb9ce2b625453ed,False,False,internal/dcb_demosaicing.c,fbdd_correction,495,511,13
libraw/libraw,CVE-2017-6887,664,7b1b8241bd8acd4826703492dfb9ce2b625453ed,True,False,internal/dcraw_common.cpp,ahd_interpolate,3370,3492,114
libraw/libraw,CVE-2017-6887,664,7b1b8241bd8acd4826703492dfb9ce2b625453ed,True,False,internal/dcraw_common.cpp,tiff_get,3656,3665,10
libraw/libraw,CVE-2017-6887,664,7b1b8241bd8acd4826703492dfb9ce2b625453ed,True,False,dcraw/dcraw.c,scale_colors,3411,3534,111
libraw/libraw,CVE-2017-6887,664,7b1b8241bd8acd4826703492dfb9ce2b625453ed,True,False,internal/dcraw_common.cpp,pseudoinverse,2647,2674,27
libraw/libraw,CVE-2017-6887,664,7b1b8241bd8acd4826703492dfb9ce2b625453ed,True,False,internal/dcraw_common.cpp,cam_xyz_coeff,2676,2697,20
libraw/libraw,CVE-2017-6887,664,7b1b8241bd8acd4826703492dfb9ce2b625453ed,True,False,internal/dcraw_common.cpp,scale_colors,2906,3029,111
libraw/libraw,CVE-2017-6887,664,7b1b8241bd8acd4826703492dfb9ce2b625453ed,True,False,internal/dcraw_common.cpp,lin_interpolate,3093,3146,44
libraw/libraw,CVE-2017-6887,664,7b1b8241bd8acd4826703492dfb9ce2b625453ed,True,False,internal/dcraw_common.cpp,colorcheck,2700,2766,61
libraw/libraw,CVE-2017-6887,664,7b1b8241bd8acd4826703492dfb9ce2b625453ed,True,False,internal/dcraw_common.cpp,parse_minolta,4828,4861,33
libraw/libraw,CVE-2017-6887,664,7b1b8241bd8acd4826703492dfb9ce2b625453ed,False,False,internal/dcraw_fileio.cpp,bad_pixels,37,95,42
libraw/libraw,CVE-2017-6887,664,7b1b8241bd8acd4826703492dfb9ce2b625453ed,True,False,internal/dcraw_common.cpp,vng_interpolate,3158,3288,125
libraw/libraw,CVE-2017-6887,664,7b1b8241bd8acd4826703492dfb9ce2b625453ed,True,False,dcraw/dcraw.c,median_filter,4000,4031,27
libraw/libraw,CVE-2017-6887,664,7b1b8241bd8acd4826703492dfb9ce2b625453ed,False,False,src/libraw_cxx.cpp,LibRaw::get_decoder_info,305,547,223
libraw/libraw,CVE-2017-6887,664,7b1b8241bd8acd4826703492dfb9ce2b625453ed,True,False,dcraw/dcraw.c,bad_pixels,2971,3054,64
libraw/libraw,CVE-2017-6887,664,7b1b8241bd8acd4826703492dfb9ce2b625453ed,True,False,internal/dcraw_common.cpp,parse_thumb_note,3667,3678,11
libraw/libraw,CVE-2017-6887,664,7b1b8241bd8acd4826703492dfb9ce2b625453ed,True,False,internal/dcraw_common.cpp,get_timestamp,3992,4012,20
libraw/libraw,CVE-2017-6887,664,7b1b8241bd8acd4826703492dfb9ce2b625453ed,True,False,internal/dcraw_common.cpp,linear_table,4148,4156,9
libraw/libraw,CVE-2017-6887,664,7b1b8241bd8acd4826703492dfb9ce2b625453ed,True,False,internal/dcraw_common.cpp,,-1,-1,-1
libraw/libraw,CVE-2017-6887,664,7b1b8241bd8acd4826703492dfb9ce2b625453ed,True,True,internal/dcraw_common.cpp,parse_tiff_ifd,4195,4683,481
libraw/libraw,CVE-2017-6887,664,7b1b8241bd8acd4826703492dfb9ce2b625453ed,True,False,dcraw/dcraw.c,green_matching,3366,3409,40
libraw/libraw,CVE-2017-6887,664,7b1b8241bd8acd4826703492dfb9ce2b625453ed,True,False,internal/dcraw_common.cpp,parse_kodak_ifd,4158,4193,35
libraw/libraw,CVE-2017-6887,664,7b1b8241bd8acd4826703492dfb9ce2b625453ed,False,False,libraw/libraw_internal.h,,-1,-1,-1
libraw/libraw,CVE-2017-6887,664,7b1b8241bd8acd4826703492dfb9ce2b625453ed,True,False,internal/dcraw_common.cpp,gamma_curve,2612,2645,33
libraw/libraw,CVE-2017-6887,664,7b1b8241bd8acd4826703492dfb9ce2b625453ed,False,False,src/libraw_cxx.cpp,LibRaw::raw2image_ex,1015,1214,163
libraw/libraw,CVE-2017-6887,664,7b1b8241bd8acd4826703492dfb9ce2b625453ed,True,False,dcraw/dcraw.c,phase_one_load_raw,1610,1628,18
libraw/libraw,CVE-2017-6887,664,7b1b8241bd8acd4826703492dfb9ce2b625453ed,True,False,internal/dcraw_common.cpp,border_interpolate,3071,3091,20
libraw/libraw,CVE-2017-6887,664,7b1b8241bd8acd4826703492dfb9ce2b625453ed,False,False,src/libraw_cxx.cpp,LibRaw::raw2image,1221,1308,76
libraw/libraw,CVE-2017-6887,664,7b1b8241bd8acd4826703492dfb9ce2b625453ed,True,False,internal/dcraw_common.cpp,wavelet_denoise,2780,2858,75
libraw/libraw,CVE-2017-6887,664,7b1b8241bd8acd4826703492dfb9ce2b625453ed,True,False,internal/dcraw_common.cpp,recover_highlights,3574,3653,74
libraw/libraw,CVE-2017-6887,664,7b1b8241bd8acd4826703492dfb9ce2b625453ed,False,False,samples/raw-identify.cpp,main,36,151,102
libraw/libraw,CVE-2017-6887,664,7b1b8241bd8acd4826703492dfb9ce2b625453ed,True,False,dcraw/dcraw.c,recover_highlights,4079,4158,74
libraw/libraw,CVE-2017-6887,664,7b1b8241bd8acd4826703492dfb9ce2b625453ed,True,False,internal/dcraw_common.cpp,ppg_interpolate,3293,3362,48
libraw/libraw,CVE-2017-6887,664,7b1b8241bd8acd4826703492dfb9ce2b625453ed,False,False,internal/dcraw_fileio.cpp,,-1,-1,-1
libraw/libraw,CVE-2017-6887,664,7b1b8241bd8acd4826703492dfb9ce2b625453ed,True,False,dcraw/dcraw.c,parse_external_jpeg,5382,5475,78
libraw/libraw,CVE-2017-6887,664,7b1b8241bd8acd4826703492dfb9ce2b625453ed,True,False,dcraw/dcraw.c,blend_highlights,4033,4076,37
libraw/libraw,CVE-2017-6887,664,7b1b8241bd8acd4826703492dfb9ce2b625453ed,True,False,internal/dcraw_common.cpp,pre_interpolate,3031,3069,35
libraw/libraw,CVE-2017-6887,664,7b1b8241bd8acd4826703492dfb9ce2b625453ed,True,False,internal/dcraw_common.cpp,parse_external_jpeg,4868,4961,78
libraw/libraw,CVE-2017-6887,664,7b1b8241bd8acd4826703492dfb9ce2b625453ed,True,False,internal/dcraw_common.cpp,phase_one_load_raw,1341,1359,18
libraw/libraw,CVE-2017-6887,664,7b1b8241bd8acd4826703492dfb9ce2b625453ed,True,False,internal/dcraw_common.cpp,green_matching,2861,2904,40
libraw/libraw,CVE-2017-6887,664,7b1b8241bd8acd4826703492dfb9ce2b625453ed,True,False,internal/dcraw_common.cpp,median_filter,3495,3526,27
libraw/libraw,CVE-2017-6887,664,7b1b8241bd8acd4826703492dfb9ce2b625453ed,True,False,dcraw/dcraw.c,pre_interpolate,3536,3574,35
libraw/libraw,CVE-2017-6887,664,7b1b8241bd8acd4826703492dfb9ce2b625453ed,True,False,internal/dcraw_common.cpp,fcol,35,65,30
libraw/libraw,CVE-2017-6887,664,7b1b8241bd8acd4826703492dfb9ce2b625453ed,True,False,internal/dcraw_common.cpp,parse_gps,4045,4064,19
libraw/libraw,CVE-2017-6887,664,7b1b8241bd8acd4826703492dfb9ce2b625453ed,True,False,dcraw/dcraw.c,wavelet_denoise,3285,3363,75
libraw/libraw,CVE-2017-6887,664,7b1b8241bd8acd4826703492dfb9ce2b625453ed,True,False,internal/dcraw_common.cpp,parse_exif,4014,4043,29
libraw/libraw,CVE-2017-6887,664,7b1b8241bd8acd4826703492dfb9ce2b625453ed,True,False,internal/dcraw_common.cpp,parse_tiff,4685,4698,13
libraw/libraw,CVE-2017-6887,664,7b1b8241bd8acd4826703492dfb9ce2b625453ed,False,False,libraw/libraw.h,,-1,-1,-1
libraw/libraw,CVE-2017-6887,664,7b1b8241bd8acd4826703492dfb9ce2b625453ed,False,False,src/libraw_cxx.cpp,,-1,-1,-1
libraw/libraw,CVE-2017-6887,664,7b1b8241bd8acd4826703492dfb9ce2b625453ed,True,False,dcraw/dcraw.c,lin_interpolate,3598,3651,44
libraw/libraw,CVE-2017-6887,664,7b1b8241bd8acd4826703492dfb9ce2b625453ed,True,False,dcraw/dcraw.c,apply_tiff,5214,5340,124
libraw/libraw,CVE-2017-6887,664,7b1b8241bd8acd4826703492dfb9ce2b625453ed,True,False,internal/dcraw_common.cpp,hat_transform,2769,2778,10
libraw/libraw,CVE-2017-6887,664,7b1b8241bd8acd4826703492dfb9ce2b625453ed,False,False,internal/dcraw_fileio.cpp,subtract,97,154,45
libraw/libraw,CVE-2017-6887,664,7b1b8241bd8acd4826703492dfb9ce2b625453ed,True,False,internal/dcraw_common.cpp,romm_coeff,4066,4078,12
libraw/libraw,CVE-2017-6887,664,7b1b8241bd8acd4826703492dfb9ce2b625453ed,True,False,dcraw/dcraw.c,subtract,3056,3113,45
libraw/libraw,CVE-2017-6887,664,701847c3da8dd447872074aca94d6cc7bad4c2e3,True,False,dcraw/dcraw.c,fill_input_buffer( j_decompress_ptr cinfo),2571,2588,10
libraw/libraw,CVE-2017-6887,664,701847c3da8dd447872074aca94d6cc7bad4c2e3,True,False,dcraw/dcraw.c,smal_v9_load_raw(),3269,3287,18
libraw/libraw,CVE-2017-6887,664,701847c3da8dd447872074aca94d6cc7bad4c2e3,True,False,internal/dcraw_common.cpp,sinar_4shot_load_raw(),1748,1781,33
libraw/libraw,CVE-2017-6887,664,701847c3da8dd447872074aca94d6cc7bad4c2e3,False,False,src/libraw_cxx.cpp,LibRaw::fc,234,256,22
libraw/libraw,CVE-2017-6887,664,701847c3da8dd447872074aca94d6cc7bad4c2e3,False,False,src/libraw_cxx.cpp,LibRaw::unpack_thumb,1293,1352,52
libraw/libraw,CVE-2017-6887,664,701847c3da8dd447872074aca94d6cc7bad4c2e3,True,False,dcraw/dcraw.c,"bayer( unsigned row , unsigned col)",1578,1581,4
libraw/libraw,CVE-2017-6887,664,701847c3da8dd447872074aca94d6cc7bad4c2e3,True,False,internal/dcraw_common.cpp,fuji_load_raw(),1161,1211,47
libraw/libraw,CVE-2017-6887,664,701847c3da8dd447872074aca94d6cc7bad4c2e3,False,False,src/libraw_cxx.cpp,LibRaw::add_masked_borders_to_bitmap,479,550,59
libraw/libraw,CVE-2017-6887,664,701847c3da8dd447872074aca94d6cc7bad4c2e3,True,False,internal/dcraw_common.cpp,"if( ! strcmp(model,""Fotoman Pixtura""))",8113,8120,8
libraw/libraw,CVE-2017-6887,664,701847c3da8dd447872074aca94d6cc7bad4c2e3,True,False,dcraw/dcraw.c,sony_arw_load_raw(),3055,3090,31
libraw/libraw,CVE-2017-6887,664,701847c3da8dd447872074aca94d6cc7bad4c2e3,True,False,internal/dcraw_common.cpp,"find_green( int bps , int bite , int off0 , int off1)",6763,6786,23
libraw/libraw,CVE-2017-6887,664,701847c3da8dd447872074aca94d6cc7bad4c2e3,True,False,dcraw/dcraw.c,parse_sinar_ia(),6346,6376,30
libraw/libraw,CVE-2017-6887,664,701847c3da8dd447872074aca94d6cc7bad4c2e3,True,False,internal/dcraw_common.cpp,"if( ! strcmp(model,""EX-P700""))",8242,8246,5
libraw/libraw,CVE-2017-6887,664,701847c3da8dd447872074aca94d6cc7bad4c2e3,True,False,internal/dcraw_common.cpp,parse_sinar_ia(),5894,5924,30
libraw/libraw,CVE-2017-6887,664,701847c3da8dd447872074aca94d6cc7bad4c2e3,True,False,internal/dcraw_common.cpp,imacon_full_load_raw(),1783,1796,11
libraw/libraw,CVE-2017-6887,664,701847c3da8dd447872074aca94d6cc7bad4c2e3,False,False,src/libraw_cxx.cpp,LibRaw::strerror,139,139,1
libraw/libraw,CVE-2017-6887,664,701847c3da8dd447872074aca94d6cc7bad4c2e3,True,False,dcraw/dcraw.c,nikon_e2100(),1379,1392,13
libraw/libraw,CVE-2017-6887,664,701847c3da8dd447872074aca94d6cc7bad4c2e3,False,False,samples/mem_image.cpp,,-1,-1,-1
libraw/libraw,CVE-2017-6887,664,701847c3da8dd447872074aca94d6cc7bad4c2e3,False,False,internal/dcraw_fileio.cpp,if,215,221,5
libraw/libraw,CVE-2017-6887,664,701847c3da8dd447872074aca94d6cc7bad4c2e3,True,False,internal/dcraw_common.cpp,ljpeg_end( struct jhead * jh),647,652,6
libraw/libraw,CVE-2017-6887,664,701847c3da8dd447872074aca94d6cc7bad4c2e3,False,False,libraw/libraw_datastream.h,"LibRaw_file_datastream::read( void * ptr , size_t size , size_t nmemb)",109,109,1
libraw/libraw,CVE-2017-6887,664,701847c3da8dd447872074aca94d6cc7bad4c2e3,True,False,internal/dcraw_common.cpp,wavelet_denoise(),3293,3397,79
libraw/libraw,CVE-2017-6887,664,701847c3da8dd447872074aca94d6cc7bad4c2e3,True,False,internal/dcraw_common.cpp,canon_compressed_load_raw(),512,594,76
libraw/libraw,CVE-2017-6887,664,701847c3da8dd447872074aca94d6cc7bad4c2e3,False,False,samples/half_mt.c,show_files,116,127,11
libraw/libraw,CVE-2017-6887,664,701847c3da8dd447872074aca94d6cc7bad4c2e3,True,False,internal/dcraw_common.cpp,parse_minolta( int base),5581,5617,34
libraw/libraw,CVE-2017-6887,664,701847c3da8dd447872074aca94d6cc7bad4c2e3,True,False,dcraw/dcraw.c,ljpeg_end( struct jhead * jh),921,926,6
libraw/libraw,CVE-2017-6887,664,701847c3da8dd447872074aca94d6cc7bad4c2e3,True,False,dcraw/dcraw.c,rollei_thumb(),1520,1536,16
libraw/libraw,CVE-2017-6887,664,701847c3da8dd447872074aca94d6cc7bad4c2e3,False,False,samples/simple_dcraw.cpp,main,48,164,92
libraw/libraw,CVE-2017-6887,664,701847c3da8dd447872074aca94d6cc7bad4c2e3,False,False,libraw/libraw_datastream.h,"LibRaw_buffer_datastream::seek( INT64 o , int whence)",234,274,41
libraw/libraw,CVE-2017-6887,664,701847c3da8dd447872074aca94d6cc7bad4c2e3,False,False,libraw/libraw_datastream.h,"LibRaw_bigfile_datastream::gets( char * str , int sz)",429,433,5
libraw/libraw,CVE-2017-6887,664,701847c3da8dd447872074aca94d6cc7bad4c2e3,False,False,samples/dcraw_emu.cpp,"timerprint( const char * msg , const char * filename)",137,145,9
libraw/libraw,CVE-2017-6887,664,701847c3da8dd447872074aca94d6cc7bad4c2e3,True,False,dcraw/dcraw.c,ljpeg_diff( ushort * huff),928,939,11
libraw/libraw,CVE-2017-6887,664,701847c3da8dd447872074aca94d6cc7bad4c2e3,True,False,dcraw/dcraw.c,green_matching(),3849,3890,38
libraw/libraw,CVE-2017-6887,664,701847c3da8dd447872074aca94d6cc7bad4c2e3,True,False,internal/dcraw_common.cpp,"ljpeg_row( int jrow , struct jhead * jh)",667,704,37
libraw/libraw,CVE-2017-6887,664,701847c3da8dd447872074aca94d6cc7bad4c2e3,False,False,libraw/libraw_datastream.h,LibRaw_abstract_datastream::subfile_close(),67,67,1
libraw/libraw,CVE-2017-6887,664,701847c3da8dd447872074aca94d6cc7bad4c2e3,False,False,src/libraw_cxx.cpp,LibRaw::dcraw_clear_mem,163,166,4
libraw/libraw,CVE-2017-6887,664,701847c3da8dd447872074aca94d6cc7bad4c2e3,True,False,internal/dcraw_common.cpp,wavelet_denoise(),3213,3291,75
libraw/libraw,CVE-2017-6887,664,701847c3da8dd447872074aca94d6cc7bad4c2e3,True,False,internal/dcraw_common.cpp,canon_has_lowbits(),496,510,14
libraw/libraw,CVE-2017-6887,664,701847c3da8dd447872074aca94d6cc7bad4c2e3,True,False,dcraw/dcraw.c,"ljpeg_row( int jrow , struct jhead * jh)",941,978,37
libraw/libraw,CVE-2017-6887,664,701847c3da8dd447872074aca94d6cc7bad4c2e3,True,False,dcraw/dcraw.c,linear_table( unsigned len),5334,5345,10
libraw/libraw,CVE-2017-6887,664,701847c3da8dd447872074aca94d6cc7bad4c2e3,False,False,src/libraw_cxx.cpp,LibRaw::recycle,258,286,25
libraw/libraw,CVE-2017-6887,664,701847c3da8dd447872074aca94d6cc7bad4c2e3,False,False,src/libraw_c_api.cpp,libraw_init,33,44,12
libraw/libraw,CVE-2017-6887,664,701847c3da8dd447872074aca94d6cc7bad4c2e3,True,False,internal/dcraw_common.cpp,identify(),6792,8022,1207
libraw/libraw,CVE-2017-6887,664,701847c3da8dd447872074aca94d6cc7bad4c2e3,False,False,libraw/libraw_datastream.h,"LibRaw_file_datastream::gets( char * str , int sz)",131,138,8
libraw/libraw,CVE-2017-6887,664,701847c3da8dd447872074aca94d6cc7bad4c2e3,False,False,src/libraw_c_api.cpp,libraw_dcraw_clear_mem,190,193,4
libraw/libraw,CVE-2017-6887,664,701847c3da8dd447872074aca94d6cc7bad4c2e3,True,False,dcraw/dcraw.c,canon_s2is(),588,597,9
libraw/libraw,CVE-2017-6887,664,701847c3da8dd447872074aca94d6cc7bad4c2e3,True,False,dcraw/dcraw.c,sony_arw2_load_raw(),3092,3133,38
libraw/libraw,CVE-2017-6887,664,701847c3da8dd447872074aca94d6cc7bad4c2e3,False,False,libraw/libraw_alloc.h,DllDeflibraw_memmgr::libraw_memmgr,35,39,5
libraw/libraw,CVE-2017-6887,664,701847c3da8dd447872074aca94d6cc7bad4c2e3,False,False,libraw/libraw_datastream.h,"LibRaw_buffer_datastream::gets( char * s , int sz)",288,312,25
libraw/libraw,CVE-2017-6887,664,701847c3da8dd447872074aca94d6cc7bad4c2e3,True,False,dcraw/dcraw.c,"fc( int row , int col)",240,262,22
libraw/libraw,CVE-2017-6887,664,701847c3da8dd447872074aca94d6cc7bad4c2e3,True,False,dcraw/dcraw.c,colorcheck(),3575,3643,61
libraw/libraw,CVE-2017-6887,664,701847c3da8dd447872074aca94d6cc7bad4c2e3,False,False,samples/mem_image.cpp,write_ppm,39,66,16
libraw/libraw,CVE-2017-6887,664,701847c3da8dd447872074aca94d6cc7bad4c2e3,True,False,dcraw/dcraw.c,unpacked_load_raw(),2141,2180,34
libraw/libraw,CVE-2017-6887,664,701847c3da8dd447872074aca94d6cc7bad4c2e3,True,False,internal/dcraw_common.cpp,"parse_smal( int offset , int fsize)",6106,6123,17
libraw/libraw,CVE-2017-6887,664,701847c3da8dd447872074aca94d6cc7bad4c2e3,True,False,internal/dcraw_common.cpp,"if( ! strcmp(model,""EX-Z850""))",8223,8228,6
libraw/libraw,CVE-2017-6887,664,701847c3da8dd447872074aca94d6cc7bad4c2e3,True,False,internal/dcraw_common.cpp,parse_tiff_ifd( int base),4945,5445,470
libraw/libraw,CVE-2017-6887,664,701847c3da8dd447872074aca94d6cc7bad4c2e3,False,False,src/libraw_c_api.cpp,libraw_strprogress,47,47,1
libraw/libraw,CVE-2017-6887,664,701847c3da8dd447872074aca94d6cc7bad4c2e3,True,False,dcraw/dcraw.c,sget4( uchar * s),325,331,7
libraw/libraw,CVE-2017-6887,664,701847c3da8dd447872074aca94d6cc7bad4c2e3,True,False,internal/dcraw_common.cpp,sget2( uchar * s),49,55,7
libraw/libraw,CVE-2017-6887,664,701847c3da8dd447872074aca94d6cc7bad4c2e3,False,False,src/libraw_cxx.cpp,LibRaw::calloc,223,227,5
libraw/libraw,CVE-2017-6887,664,701847c3da8dd447872074aca94d6cc7bad4c2e3,True,False,dcraw/dcraw.c,"getbithuff( int nbits , ushort * huff)",603,636,22
libraw/libraw,CVE-2017-6887,664,701847c3da8dd447872074aca94d6cc7bad4c2e3,True,False,dcraw/dcraw.c,kodak_radc_load_raw(),2458,2561,100
libraw/libraw,CVE-2017-6887,664,701847c3da8dd447872074aca94d6cc7bad4c2e3,True,False,internal/dcraw_common.cpp,getreal( int type),92,114,22
libraw/libraw,CVE-2017-6887,664,701847c3da8dd447872074aca94d6cc7bad4c2e3,True,False,internal/dcraw_common.cpp,canon_600_load_raw(),249,299,46
libraw/libraw,CVE-2017-6887,664,701847c3da8dd447872074aca94d6cc7bad4c2e3,True,False,internal/dcraw_common.cpp,get4(),73,78,6
libraw/libraw,CVE-2017-6887,664,701847c3da8dd447872074aca94d6cc7bad4c2e3,True,False,dcraw/dcraw.c,romm_coeff( float romm_cam [ 3 ] [ 3 ]),5249,5264,13
libraw/libraw,CVE-2017-6887,664,701847c3da8dd447872074aca94d6cc7bad4c2e3,True,False,internal/dcraw_common.cpp,"ahd_interpolate_r_and_b_in_rgb_and_convert_to_cielab( int top , int left , ushort(*inout_rgb) [ TS ] [ 3 ] , short(*out_lab) [ TS ] [ 3 ] , const float(&xyz_cam) [ 3 ] [ 4 ])",3959,4025,59
libraw/libraw,CVE-2017-6887,664,701847c3da8dd447872074aca94d6cc7bad4c2e3,True,False,internal/dcraw_common.cpp,kodak_jpeg_load_raw(),2309,2362,44
libraw/libraw,CVE-2017-6887,664,701847c3da8dd447872074aca94d6cc7bad4c2e3,True,False,internal/dcraw_common.cpp,unpacked_load_raw(),1860,1899,34
libraw/libraw,CVE-2017-6887,664,701847c3da8dd447872074aca94d6cc7bad4c2e3,True,False,dcraw/dcraw.c,"if( ! strcmp(model,""EX-P700""))",8703,8707,5
libraw/libraw,CVE-2017-6887,664,701847c3da8dd447872074aca94d6cc7bad4c2e3,False,False,src/libraw_cxx.cpp,LibRaw::cameraCount,2076,2076,1
libraw/libraw,CVE-2017-6887,664,701847c3da8dd447872074aca94d6cc7bad4c2e3,False,False,samples/4channels.cpp,,-1,-1,-1
libraw/libraw,CVE-2017-6887,664,701847c3da8dd447872074aca94d6cc7bad4c2e3,True,False,dcraw/dcraw.c,"ahd_interpolate_r_and_b_and_convert_to_cielab( int top , int left , ushort(*inout_rgb) [ TS ] [ TS ] [ 3 ] , short(*out_lab) [ TS ] [ TS ] [ 3 ] , const float(&xyz_cam) [ 3 ] [ 4 ])",4471,4477,7
libraw/libraw,CVE-2017-6887,664,701847c3da8dd447872074aca94d6cc7bad4c2e3,True,False,internal/dcraw_common.cpp,parse_jpeg( int offset),6036,6060,23
libraw/libraw,CVE-2017-6887,664,701847c3da8dd447872074aca94d6cc7bad4c2e3,True,False,dcraw/dcraw.c,crop_pixels(),3454,3481,22
libraw/libraw,CVE-2017-6887,664,701847c3da8dd447872074aca94d6cc7bad4c2e3,False,False,libraw/libraw_datastream.h,LibRaw_buffer_datastream::tell(),276,280,5
libraw/libraw,CVE-2017-6887,664,701847c3da8dd447872074aca94d6cc7bad4c2e3,True,False,internal/dcraw_common.cpp,phase_one_load_raw(),1475,1529,51
libraw/libraw,CVE-2017-6887,664,701847c3da8dd447872074aca94d6cc7bad4c2e3,False,False,samples/half_mt.c,main,129,173,42
libraw/libraw,CVE-2017-6887,664,701847c3da8dd447872074aca94d6cc7bad4c2e3,True,False,internal/dcraw_common.cpp,kodak_262_load_raw(),2483,2548,57
libraw/libraw,CVE-2017-6887,664,701847c3da8dd447872074aca94d6cc7bad4c2e3,True,False,internal/dcraw_common.cpp,eight_bit_load_raw(),2390,2452,56
libraw/libraw,CVE-2017-6887,664,701847c3da8dd447872074aca94d6cc7bad4c2e3,True,False,dcraw/dcraw.c,rollei_load_raw(),1538,1576,34
libraw/libraw,CVE-2017-6887,664,701847c3da8dd447872074aca94d6cc7bad4c2e3,True,False,internal/dcraw_common.cpp,"if( ! strcmp(make,""Rollei"") && ! load_raw)",8139,8155,17
libraw/libraw,CVE-2017-6887,664,701847c3da8dd447872074aca94d6cc7bad4c2e3,True,False,dcraw/dcraw.c,if( fsize == 3217760),8627,8632,6
libraw/libraw,CVE-2017-6887,664,701847c3da8dd447872074aca94d6cc7bad4c2e3,True,False,internal/dcraw_common.cpp,"sony_decrypt( unsigned * data , int len , int start , int key)",2692,2716,15
libraw/libraw,CVE-2017-6887,664,701847c3da8dd447872074aca94d6cc7bad4c2e3,True,False,dcraw/dcraw.c,sony_load_raw(),2999,3053,49
libraw/libraw,CVE-2017-6887,664,701847c3da8dd447872074aca94d6cc7bad4c2e3,False,False,samples/dcraw_emu.cpp,,-1,-1,-1
libraw/libraw,CVE-2017-6887,664,701847c3da8dd447872074aca94d6cc7bad4c2e3,True,False,dcraw/dcraw.c,"if( ! strcmp(model,""EX-P505""))",8694,8699,6
libraw/libraw,CVE-2017-6887,664,701847c3da8dd447872074aca94d6cc7bad4c2e3,False,False,src/libraw_cxx.cpp,LibRaw::strprogress,2079,2126,48
libraw/libraw,CVE-2017-6887,664,701847c3da8dd447872074aca94d6cc7bad4c2e3,True,False,internal/dcraw_common.cpp,"ahd_interpolate_build_homogeneity_map( int top , int left , short(*lab) [ TS ] [ TS ] [ 3 ] , char(*out_homogeneity_map) [ TS ] [ 2 ])",4033,4086,50
libraw/libraw,CVE-2017-6887,664,701847c3da8dd447872074aca94d6cc7bad4c2e3,True,False,internal/dcraw_common.cpp,calc_64cbrt( float f),3922,3937,14
libraw/libraw,CVE-2017-6887,664,701847c3da8dd447872074aca94d6cc7bad4c2e3,True,False,dcraw/dcraw.c,kodak_jpeg_load_raw(),2590,2643,44
libraw/libraw,CVE-2017-6887,664,701847c3da8dd447872074aca94d6cc7bad4c2e3,False,False,libraw/libraw_datastream.h,LibRaw_file_datastream::valid(),101,101,1
libraw/libraw,CVE-2017-6887,664,701847c3da8dd447872074aca94d6cc7bad4c2e3,True,False,internal/dcraw_common.cpp,quicktake_100_load_raw(),2096,2168,70
libraw/libraw,CVE-2017-6887,664,701847c3da8dd447872074aca94d6cc7bad4c2e3,False,False,samples/half_mt.c,usage,104,114,11
libraw/libraw,CVE-2017-6887,664,701847c3da8dd447872074aca94d6cc7bad4c2e3,True,False,dcraw/dcraw.c,fill_holes( int holes),3243,3267,24
libraw/libraw,CVE-2017-6887,664,701847c3da8dd447872074aca94d6cc7bad4c2e3,True,False,dcraw/dcraw.c,"ahd_interpolate_combine_homogeneous_pixels( int top , int left , ushort(*rgb) [ TS ] [ TS ] [ 3 ] , char(*homogeneity_map) [ TS ] [ 2 ])",4532,4577,42
libraw/libraw,CVE-2017-6887,664,701847c3da8dd447872074aca94d6cc7bad4c2e3,True,False,dcraw/dcraw.c,"if( ! strcmp(model,""EX-Z50""))",8660,8664,5
libraw/libraw,CVE-2017-6887,664,701847c3da8dd447872074aca94d6cc7bad4c2e3,True,False,dcraw/dcraw.c,if( fsize == 9313536),8699,8703,5
libraw/libraw,CVE-2017-6887,664,701847c3da8dd447872074aca94d6cc7bad4c2e3,False,False,samples/mem_image.cpp,write_thumb,68,87,19
libraw/libraw,CVE-2017-6887,664,701847c3da8dd447872074aca94d6cc7bad4c2e3,True,False,internal/dcraw_common.cpp,"gamma_curve( double pwr , double ts , int mode , int imax)",3038,3071,33
libraw/libraw,CVE-2017-6887,664,701847c3da8dd447872074aca94d6cc7bad4c2e3,True,False,internal/dcraw_common.cpp,"hat_transform( float * temp , float * base , int st , int size , int sc)",3201,3210,10
libraw/libraw,CVE-2017-6887,664,701847c3da8dd447872074aca94d6cc7bad4c2e3,False,False,libraw/libraw_datastream.h,LibRaw_abstract_datastream::~LibRaw_abstract_datastream( void),54,54,1
libraw/libraw,CVE-2017-6887,664,701847c3da8dd447872074aca94d6cc7bad4c2e3,True,False,dcraw/dcraw.c,"if( ! strcmp(model,""QV-5700""))",8637,8642,6
libraw/libraw,CVE-2017-6887,664,701847c3da8dd447872074aca94d6cc7bad4c2e3,False,False,internal/defines.h,,-1,-1,-1
libraw/libraw,CVE-2017-6887,664,701847c3da8dd447872074aca94d6cc7bad4c2e3,True,False,dcraw/dcraw.c,if( thumb_offset && ! thumb_height),8715,8721,7
libraw/libraw,CVE-2017-6887,664,701847c3da8dd447872074aca94d6cc7bad4c2e3,True,False,dcraw/dcraw.c,"sony_decrypt( unsigned * data , int len , int start , int key)",2973,2997,15
libraw/libraw,CVE-2017-6887,664,701847c3da8dd447872074aca94d6cc7bad4c2e3,True,False,internal/dcraw_common.cpp,"ljpeg_start( struct jhead * jh , int info_only)",597,645,48
libraw/libraw,CVE-2017-6887,664,701847c3da8dd447872074aca94d6cc7bad4c2e3,False,False,samples/dcraw_emu.cpp,"main( int argc , char * argv [ ])",149,366,171
libraw/libraw,CVE-2017-6887,664,701847c3da8dd447872074aca94d6cc7bad4c2e3,True,False,dcraw/dcraw.c,"if( ! strcmp(model,""QV-R41""))",8642,8647,6
libraw/libraw,CVE-2017-6887,664,701847c3da8dd447872074aca94d6cc7bad4c2e3,True,False,dcraw/dcraw.c,"if( ! strcmp(model,""EX-S20""))",8651,8656,6
libraw/libraw,CVE-2017-6887,664,701847c3da8dd447872074aca94d6cc7bad4c2e3,True,False,dcraw/dcraw.c,parse_jpeg( int offset),6488,6512,23
libraw/libraw,CVE-2017-6887,664,701847c3da8dd447872074aca94d6cc7bad4c2e3,False,False,src/libraw_c_api.cpp,libraw_unpack,97,102,6
libraw/libraw,CVE-2017-6887,664,701847c3da8dd447872074aca94d6cc7bad4c2e3,False,False,src/libraw_cxx.cpp,LibRaw::open_buffer,598,630,31
libraw/libraw,CVE-2017-6887,664,701847c3da8dd447872074aca94d6cc7bad4c2e3,True,False,dcraw/dcraw.c,remove_zeroes(),565,586,17
libraw/libraw,CVE-2017-6887,664,701847c3da8dd447872074aca94d6cc7bad4c2e3,True,False,dcraw/dcraw.c,quicktake_100_load_raw(),2377,2449,70
libraw/libraw,CVE-2017-6887,664,701847c3da8dd447872074aca94d6cc7bad4c2e3,False,False,samples/unprocessed_raw.cpp,,-1,-1,-1
libraw/libraw,CVE-2017-6887,664,701847c3da8dd447872074aca94d6cc7bad4c2e3,True,False,internal/dcraw_common.cpp,ciff_block_1030(),5713,5732,19
libraw/libraw,CVE-2017-6887,664,701847c3da8dd447872074aca94d6cc7bad4c2e3,False,False,samples/simple_dcraw.cpp,my_progress_callback,40,45,6
libraw/libraw,CVE-2017-6887,664,701847c3da8dd447872074aca94d6cc7bad4c2e3,False,False,src/libraw_cxx.cpp,LibRaw::LibRaw,171,208,34
libraw/libraw,CVE-2017-6887,664,701847c3da8dd447872074aca94d6cc7bad4c2e3,True,False,internal/dcraw_common.cpp,layer_thumb(),1225,1240,15
libraw/libraw,CVE-2017-6887,664,701847c3da8dd447872074aca94d6cc7bad4c2e3,True,False,internal/dcraw_common.cpp,"read_shorts( ushort * pixel , int count)",116,121,6
libraw/libraw,CVE-2017-6887,664,701847c3da8dd447872074aca94d6cc7bad4c2e3,True,False,internal/dcraw_common.cpp,if( thumb_offset && ! thumb_height),8254,8260,7
libraw/libraw,CVE-2017-6887,664,701847c3da8dd447872074aca94d6cc7bad4c2e3,True,False,dcraw/dcraw.c,"if( ! strcmp(model,""EX-Z1050""))",8689,8694,6
libraw/libraw,CVE-2017-6887,664,701847c3da8dd447872074aca94d6cc7bad4c2e3,True,False,dcraw/dcraw.c,"parse_makernote( int base , int uptag)",4844,5170,296
libraw/libraw,CVE-2017-6887,664,701847c3da8dd447872074aca94d6cc7bad4c2e3,True,False,internal/dcraw_common.cpp,kodak_ycbcr_load_raw(),2624,2659,32
libraw/libraw,CVE-2017-6887,664,701847c3da8dd447872074aca94d6cc7bad4c2e3,False,False,libraw/libraw_internal.h,LibRaw_TLS::init,69,74,6
libraw/libraw,CVE-2017-6887,664,701847c3da8dd447872074aca94d6cc7bad4c2e3,True,False,dcraw/dcraw.c,parse_tiff_ifd( int base),5397,5897,470
libraw/libraw,CVE-2017-6887,664,701847c3da8dd447872074aca94d6cc7bad4c2e3,False,False,libraw/libraw_datastream.h,LibRaw_buffer_datastream::get_char(),281,287,7
libraw/libraw,CVE-2017-6887,664,701847c3da8dd447872074aca94d6cc7bad4c2e3,False,False,samples/half_mt_win32.c,,-1,-1,-1
libraw/libraw,CVE-2017-6887,664,701847c3da8dd447872074aca94d6cc7bad4c2e3,True,False,dcraw/dcraw.c,,-1,-1,-1
libraw/libraw,CVE-2017-6887,664,701847c3da8dd447872074aca94d6cc7bad4c2e3,True,False,dcraw/dcraw.c,kodak_yrgb_load_raw(),2735,2762,25
libraw/libraw,CVE-2017-6887,664,701847c3da8dd447872074aca94d6cc7bad4c2e3,True,False,dcraw/dcraw.c,"find_green( int bps , int bite , int off0 , int off1)",7224,7247,23
libraw/libraw,CVE-2017-6887,664,701847c3da8dd447872074aca94d6cc7bad4c2e3,False,False,src/libraw_cxx.cpp,LibRaw::dcraw_thumb_writer,1354,1393,34
libraw/libraw,CVE-2017-6887,664,701847c3da8dd447872074aca94d6cc7bad4c2e3,True,False,dcraw/dcraw.c,canon_600_load_raw(),513,563,46
libraw/libraw,CVE-2017-6887,664,701847c3da8dd447872074aca94d6cc7bad4c2e3,True,False,dcraw/dcraw.c,scale_colors(),3893,4030,118
libraw/libraw,CVE-2017-6887,664,701847c3da8dd447872074aca94d6cc7bad4c2e3,True,False,dcraw/dcraw.c,"ljpeg_start( struct jhead * jh , int info_only)",871,919,48
libraw/libraw,CVE-2017-6887,664,701847c3da8dd447872074aca94d6cc7bad4c2e3,True,False,dcraw/dcraw.c,parse_cine(),6577,6627,48
libraw/libraw,CVE-2017-6887,664,701847c3da8dd447872074aca94d6cc7bad4c2e3,True,False,internal/dcraw_common.cpp,parse_gps( int base),4780,4799,19
libraw/libraw,CVE-2017-6887,664,701847c3da8dd447872074aca94d6cc7bad4c2e3,True,False,internal/dcraw_common.cpp,olympus_load_raw(),2007,2059,49
libraw/libraw,CVE-2017-6887,664,701847c3da8dd447872074aca94d6cc7bad4c2e3,True,False,dcraw/dcraw.c,"phase_one_flat_field( int is_float , int nc)",1583,1625,42
libraw/libraw,CVE-2017-6887,664,701847c3da8dd447872074aca94d6cc7bad4c2e3,True,False,internal/dcraw_common.cpp,"adobe_coeff( const char * p_make , const char * p_model)",6177,6717,538
libraw/libraw,CVE-2017-6887,664,701847c3da8dd447872074aca94d6cc7bad4c2e3,True,False,internal/dcraw_common.cpp,vng_interpolate(),3711,3839,124
libraw/libraw,CVE-2017-6887,664,701847c3da8dd447872074aca94d6cc7bad4c2e3,True,False,internal/dcraw_common.cpp,green_matching(),3404,3445,38
libraw/libraw,CVE-2017-6887,664,701847c3da8dd447872074aca94d6cc7bad4c2e3,True,False,internal/dcraw_common.cpp,panasonic_load_raw(),1969,2005,30
libraw/libraw,CVE-2017-6887,664,701847c3da8dd447872074aca94d6cc7bad4c2e3,True,False,internal/dcraw_common.cpp,"if( ! strcmp(model,""QV-5700""))",8176,8181,6
libraw/libraw,CVE-2017-6887,664,701847c3da8dd447872074aca94d6cc7bad4c2e3,False,False,src/libraw_c_api.cpp,libraw_dcraw_document_mode_processing,151,157,6
libraw/libraw,CVE-2017-6887,664,701847c3da8dd447872074aca94d6cc7bad4c2e3,False,False,src/libraw_c_api.cpp,libraw_add_masked_borders_to_bitmap,72,77,6
libraw/libraw,CVE-2017-6887,664,701847c3da8dd447872074aca94d6cc7bad4c2e3,False,False,src/libraw_cxx.cpp,LibRaw::dcraw_process,1549,1691,110
libraw/libraw,CVE-2017-6887,664,701847c3da8dd447872074aca94d6cc7bad4c2e3,True,False,internal/dcraw_common.cpp,"ph1_bithuff( int nbits , ushort * huff)",1531,1560,20
libraw/libraw,CVE-2017-6887,664,701847c3da8dd447872074aca94d6cc7bad4c2e3,False,False,src/libraw_cxx.cpp,LibRaw::subtract_black,1480,1547,61
libraw/libraw,CVE-2017-6887,664,701847c3da8dd447872074aca94d6cc7bad4c2e3,True,False,dcraw/dcraw.c,"if( ! strncasecmp(model,""EasyShare"",9))",8483,8486,4
libraw/libraw,CVE-2017-6887,664,701847c3da8dd447872074aca94d6cc7bad4c2e3,False,False,libraw/libraw_alloc.h,,-1,-1,-1
libraw/libraw,CVE-2017-6887,664,701847c3da8dd447872074aca94d6cc7bad4c2e3,False,False,samples/half_mt_win32.c,get_next_file,56,77,20
libraw/libraw,CVE-2017-6887,664,701847c3da8dd447872074aca94d6cc7bad4c2e3,False,False,src/libraw_cxx.cpp,LibRaw::free,228,231,4
libraw/libraw,CVE-2017-6887,664,701847c3da8dd447872074aca94d6cc7bad4c2e3,True,False,dcraw/dcraw.c,ppm_thumb(),1491,1501,11
libraw/libraw,CVE-2017-6887,664,701847c3da8dd447872074aca94d6cc7bad4c2e3,True,False,internal/dcraw_common.cpp,rollei_load_raw(),1260,1298,34
libraw/libraw,CVE-2017-6887,664,701847c3da8dd447872074aca94d6cc7bad4c2e3,True,False,internal/dcraw_common.cpp,pentax_load_raw(),929,973,37
libraw/libraw,CVE-2017-6887,664,701847c3da8dd447872074aca94d6cc7bad4c2e3,True,False,internal/dcraw_common.cpp,border_interpolate( int border),3627,3647,20
libraw/libraw,CVE-2017-6887,664,701847c3da8dd447872074aca94d6cc7bad4c2e3,False,False,samples/half_mt_win32.c,usage,124,134,11
libraw/libraw,CVE-2017-6887,664,701847c3da8dd447872074aca94d6cc7bad4c2e3,True,False,dcraw/dcraw.c,smal_v6_load_raw(),3218,3228,10
libraw/libraw,CVE-2017-6887,664,701847c3da8dd447872074aca94d6cc7bad4c2e3,False,False,samples/dcraw_half.c,,-1,-1,-1
libraw/libraw,CVE-2017-6887,664,701847c3da8dd447872074aca94d6cc7bad4c2e3,False,False,src/libraw_cxx.cpp,LibRaw::get_masked_pointer,385,458,68
libraw/libraw,CVE-2017-6887,664,701847c3da8dd447872074aca94d6cc7bad4c2e3,True,False,dcraw/dcraw.c,"parse_ciff( int offset , int length)",6189,6306,104
libraw/libraw,CVE-2017-6887,664,701847c3da8dd447872074aca94d6cc7bad4c2e3,True,False,dcraw/dcraw.c,"if( ! strcmp(model,""PC-CAM 600""))",8616,8621,6
libraw/libraw,CVE-2017-6887,664,701847c3da8dd447872074aca94d6cc7bad4c2e3,True,False,internal/dcraw_common.cpp,"if( ! strcmp(model,""EX-P505""))",8233,8238,6
libraw/libraw,CVE-2017-6887,664,701847c3da8dd447872074aca94d6cc7bad4c2e3,False,False,src/libraw_cxx.cpp,LibRaw::realloc,216,220,5
libraw/libraw,CVE-2017-6887,664,701847c3da8dd447872074aca94d6cc7bad4c2e3,False,False,libraw/libraw_alloc.h,DllDeflibraw_memmgr::mem_ptr,77,86,10
libraw/libraw,CVE-2017-6887,664,701847c3da8dd447872074aca94d6cc7bad4c2e3,True,False,internal/dcraw_common.cpp,pana_bits( int nbits),1944,1967,14
libraw/libraw,CVE-2017-6887,664,701847c3da8dd447872074aca94d6cc7bad4c2e3,True,False,internal/dcraw_common.cpp,"bayer( unsigned row , unsigned col)",1300,1303,4
libraw/libraw,CVE-2017-6887,664,701847c3da8dd447872074aca94d6cc7bad4c2e3,True,False,internal/dcraw_common.cpp,"ahd_interpolate_combine_homogeneous_pixels( int top , int left , ushort(*rgb) [ TS ] [ TS ] [ 3 ] , char(*homogeneity_map) [ TS ] [ 2 ])",4087,4132,42
libraw/libraw,CVE-2017-6887,664,701847c3da8dd447872074aca94d6cc7bad4c2e3,True,False,dcraw/dcraw.c,border_interpolate( int border),4072,4092,20
libraw/libraw,CVE-2017-6887,664,701847c3da8dd447872074aca94d6cc7bad4c2e3,True,False,dcraw/dcraw.c,median_filter(),4655,4686,27
libraw/libraw,CVE-2017-6887,664,701847c3da8dd447872074aca94d6cc7bad4c2e3,True,False,internal/dcraw_common.cpp,packed_load_raw(),1798,1858,53
libraw/libraw,CVE-2017-6887,664,701847c3da8dd447872074aca94d6cc7bad4c2e3,False,False,samples/half_mt_win32.c,process_files,81,122,34
libraw/libraw,CVE-2017-6887,664,701847c3da8dd447872074aca94d6cc7bad4c2e3,True,False,dcraw/dcraw.c,"if( ! strcmp(model,""EX-Z60""))",8668,8674,7
libraw/libraw,CVE-2017-6887,664,701847c3da8dd447872074aca94d6cc7bad4c2e3,False,False,samples/unprocessed_raw.cpp,main,38,162,105
libraw/libraw,CVE-2017-6887,664,701847c3da8dd447872074aca94d6cc7bad4c2e3,True,False,dcraw/dcraw.c,hasselblad_load_raw(),1947,1985,34
libraw/libraw,CVE-2017-6887,664,701847c3da8dd447872074aca94d6cc7bad4c2e3,False,False,libraw/libraw_version.h,,-1,-1,-1
libraw/libraw,CVE-2017-6887,664,701847c3da8dd447872074aca94d6cc7bad4c2e3,True,False,dcraw/dcraw.c,parse_mos( int offset),5266,5332,64
libraw/libraw,CVE-2017-6887,664,701847c3da8dd447872074aca94d6cc7bad4c2e3,False,False,src/libraw_c_api.cpp,libraw_cameraList,49,49,1
libraw/libraw,CVE-2017-6887,664,701847c3da8dd447872074aca94d6cc7bad4c2e3,True,False,dcraw/dcraw.c,sinar_4shot_load_raw(),2029,2062,33
libraw/libraw,CVE-2017-6887,664,701847c3da8dd447872074aca94d6cc7bad4c2e3,True,False,dcraw/dcraw.c,kodak_262_load_raw(),2764,2829,57
libraw/libraw,CVE-2017-6887,664,701847c3da8dd447872074aca94d6cc7bad4c2e3,False,False,src/libraw_cxx.cpp,LibRaw::dcraw_document_mode_processing,802,900,76
libraw/libraw,CVE-2017-6887,664,701847c3da8dd447872074aca94d6cc7bad4c2e3,True,False,internal/dcraw_common.cpp,parse_riff(),6062,6104,42
libraw/libraw,CVE-2017-6887,664,701847c3da8dd447872074aca94d6cc7bad4c2e3,True,False,dcraw/dcraw.c,kodak_ycbcr_load_raw(),2905,2940,32
libraw/libraw,CVE-2017-6887,664,701847c3da8dd447872074aca94d6cc7bad4c2e3,True,False,dcraw/dcraw.c,kodak_65000_load_raw(),2877,2903,23
libraw/libraw,CVE-2017-6887,664,701847c3da8dd447872074aca94d6cc7bad4c2e3,True,False,internal/dcraw_common.cpp,ppm_thumb(),1213,1223,11
libraw/libraw,CVE-2017-6887,664,701847c3da8dd447872074aca94d6cc7bad4c2e3,True,False,dcraw/dcraw.c,"if( ! strcmp(model,""Fotoman Pixtura""))",8574,8581,8
libraw/libraw,CVE-2017-6887,664,701847c3da8dd447872074aca94d6cc7bad4c2e3,False,False,src/libraw_cxx.cpp,LibRaw::open_file,552,596,40
libraw/libraw,CVE-2017-6887,664,701847c3da8dd447872074aca94d6cc7bad4c2e3,True,False,dcraw/dcraw.c,packed_load_raw(),2079,2139,53
libraw/libraw,CVE-2017-6887,664,701847c3da8dd447872074aca94d6cc7bad4c2e3,True,False,dcraw/dcraw.c,imacon_full_load_raw(),2064,2077,11
libraw/libraw,CVE-2017-6887,664,701847c3da8dd447872074aca94d6cc7bad4c2e3,False,False,libraw/libraw_alloc.h,DllDeflibraw_memmgr::forget_ptr,87,93,7
libraw/libraw,CVE-2017-6887,664,701847c3da8dd447872074aca94d6cc7bad4c2e3,True,False,internal/dcraw_common.cpp,minolta_rd175_load_raw(),2061,2094,31
libraw/libraw,CVE-2017-6887,664,701847c3da8dd447872074aca94d6cc7bad4c2e3,True,False,dcraw/dcraw.c,"if( ! strcmp(model,""EX-Z55""))",8664,8668,5
libraw/libraw,CVE-2017-6887,664,701847c3da8dd447872074aca94d6cc7bad4c2e3,False,False,src/libraw_cxx.cpp,LibRaw::unpack,730,800,56
libraw/libraw,CVE-2017-6887,664,701847c3da8dd447872074aca94d6cc7bad4c2e3,True,False,internal/dcraw_common.cpp,guess_byte_order( int words),6742,6759,17
libraw/libraw,CVE-2017-6887,664,701847c3da8dd447872074aca94d6cc7bad4c2e3,False,False,samples/dcraw_emu.cpp,"my_progress_callback( void * d , enum LibRaw_progress p , int iteration , int expected)",100,116,13
libraw/libraw,CVE-2017-6887,664,701847c3da8dd447872074aca94d6cc7bad4c2e3,True,False,dcraw/dcraw.c,adobe_dng_load_raw_nc(),1182,1201,19
libraw/libraw,CVE-2017-6887,664,701847c3da8dd447872074aca94d6cc7bad4c2e3,False,False,src/libraw_c_api.cpp,libraw_adjust_sizes_info_only,145,150,6
libraw/libraw,CVE-2017-6887,664,701847c3da8dd447872074aca94d6cc7bad4c2e3,False,False,samples/half_mt_win32.c,main,149,211,53
libraw/libraw,CVE-2017-6887,664,701847c3da8dd447872074aca94d6cc7bad4c2e3,False,False,src/libraw_c_api.cpp,,-1,-1,-1
libraw/libraw,CVE-2017-6887,664,701847c3da8dd447872074aca94d6cc7bad4c2e3,True,False,dcraw/dcraw.c,int_to_float( int i),346,351,6
libraw/libraw,CVE-2017-6887,664,701847c3da8dd447872074aca94d6cc7bad4c2e3,True,False,internal/dcraw_common.cpp,colorcheck(),3130,3198,61
libraw/libraw,CVE-2017-6887,664,701847c3da8dd447872074aca94d6cc7bad4c2e3,True,False,dcraw/dcraw.c,if(load_raw==&CLASS kodak_jpeg_load_raw),8727,8735,5
libraw/libraw,CVE-2017-6887,664,701847c3da8dd447872074aca94d6cc7bad4c2e3,True,False,dcraw/dcraw.c,lossless_jpeg_load_raw(),980,1033,46
libraw/libraw,CVE-2017-6887,664,701847c3da8dd447872074aca94d6cc7bad4c2e3,True,False,dcraw/dcraw.c,parse_minolta( int base),6033,6069,34
libraw/libraw,CVE-2017-6887,664,701847c3da8dd447872074aca94d6cc7bad4c2e3,True,False,internal/dcraw_common.cpp,remove_zeroes(),301,322,17
libraw/libraw,CVE-2017-6887,664,701847c3da8dd447872074aca94d6cc7bad4c2e3,True,False,dcraw/dcraw.c,"canon_600_color( int ratio [ 2 ] , int mar)",412,439,27
libraw/libraw,CVE-2017-6887,664,701847c3da8dd447872074aca94d6cc7bad4c2e3,True,False,internal/dcraw_common.cpp,"ahd_interpolate_r_and_b_and_convert_to_cielab( int top , int left , ushort(*inout_rgb) [ TS ] [ TS ] [ 3 ] , short(*out_lab) [ TS ] [ TS ] [ 3 ] , const float(&xyz_cam) [ 3 ] [ 4 ])",4026,4032,7
libraw/libraw,CVE-2017-6887,664,701847c3da8dd447872074aca94d6cc7bad4c2e3,True,False,dcraw/dcraw.c,"kodak_65000_decode( short * out , int bsize)",2831,2875,44
libraw/libraw,CVE-2017-6887,664,701847c3da8dd447872074aca94d6cc7bad4c2e3,True,False,internal/dcraw_common.cpp,crop_pixels(),3009,3036,22
libraw/libraw,CVE-2017-6887,664,701847c3da8dd447872074aca94d6cc7bad4c2e3,True,False,internal/dcraw_common.cpp,sget4( uchar * s),64,70,7
libraw/libraw,CVE-2017-6887,664,701847c3da8dd447872074aca94d6cc7bad4c2e3,True,False,internal/dcraw_common.cpp,leaf_hdr_load_raw(),1709,1745,34
libraw/libraw,CVE-2017-6887,664,701847c3da8dd447872074aca94d6cc7bad4c2e3,True,False,dcraw/dcraw.c,getint( int type),341,344,4
libraw/libraw,CVE-2017-6887,664,701847c3da8dd447872074aca94d6cc7bad4c2e3,False,False,src/libraw_cxx.cpp,LibRaw::dcraw_make_mem_thumb,907,992,75
libraw/libraw,CVE-2017-6887,664,701847c3da8dd447872074aca94d6cc7bad4c2e3,True,False,dcraw/dcraw.c,nikon_e995(),1361,1374,13
libraw/libraw,CVE-2017-6887,664,701847c3da8dd447872074aca94d6cc7bad4c2e3,True,False,internal/dcraw_common.cpp,adobe_dng_load_raw_lj(),879,906,27
libraw/libraw,CVE-2017-6887,664,701847c3da8dd447872074aca94d6cc7bad4c2e3,True,False,dcraw/dcraw.c,make_decoder( const uchar * source),686,689,4
libraw/libraw,CVE-2017-6887,664,701847c3da8dd447872074aca94d6cc7bad4c2e3,False,False,samples/half_mt_win32.c,show_files,136,147,11
libraw/libraw,CVE-2017-6887,664,701847c3da8dd447872074aca94d6cc7bad4c2e3,True,False,dcraw/dcraw.c,pentax_load_raw(),1203,1247,37
libraw/libraw,CVE-2017-6887,664,701847c3da8dd447872074aca94d6cc7bad4c2e3,False,False,libraw/libraw_datastream.h,LibRaw_bigfile_datastream::subfile_open( const char * fn),447,464,15
libraw/libraw,CVE-2017-6887,664,701847c3da8dd447872074aca94d6cc7bad4c2e3,True,False,internal/dcraw_common.cpp,"tiff_get( unsigned base , unsigned * tag , unsigned * type , unsigned * len , unsigned * save)",4371,4380,10
libraw/libraw,CVE-2017-6887,664,701847c3da8dd447872074aca94d6cc7bad4c2e3,True,False,internal/dcraw_common.cpp,ljpeg_diff( ushort * huff),654,665,11
libraw/libraw,CVE-2017-6887,664,701847c3da8dd447872074aca94d6cc7bad4c2e3,False,False,src/libraw_c_api.cpp,libraw_cameraCount,50,50,1
libraw/libraw,CVE-2017-6887,664,701847c3da8dd447872074aca94d6cc7bad4c2e3,True,False,dcraw/dcraw.c,canon_600_coeff(),486,511,23
libraw/libraw,CVE-2017-6887,664,701847c3da8dd447872074aca94d6cc7bad4c2e3,False,False,libraw/libraw_datastream.h,LibRaw_file_datastream::eof(),112,112,1
libraw/libraw,CVE-2017-6887,664,701847c3da8dd447872074aca94d6cc7bad4c2e3,False,False,libraw/libraw.h,DllDefLibRaw::own_filtering_supported,184,184,1
libraw/libraw,CVE-2017-6887,664,701847c3da8dd447872074aca94d6cc7bad4c2e3,False,False,libraw/libraw.h,DllDefLibRaw::FCF,146,156,11
libraw/libraw,CVE-2017-6887,664,701847c3da8dd447872074aca94d6cc7bad4c2e3,False,False,src/libraw_c_api.cpp,libraw_open_file,79,84,6
libraw/libraw,CVE-2017-6887,664,701847c3da8dd447872074aca94d6cc7bad4c2e3,False,False,src/libraw_c_api.cpp,libraw_set_progress_handler,136,142,6
libraw/libraw,CVE-2017-6887,664,701847c3da8dd447872074aca94d6cc7bad4c2e3,True,False,internal/dcraw_common.cpp,ahd_interpolate(),4133,4204,50
libraw/libraw,CVE-2017-6887,664,701847c3da8dd447872074aca94d6cc7bad4c2e3,True,False,internal/dcraw_common.cpp,make_decoder( const uchar * source),422,425,4
libraw/libraw,CVE-2017-6887,664,701847c3da8dd447872074aca94d6cc7bad4c2e3,False,False,libraw/libraw_datastream.h,,-1,-1,-1
libraw/libraw,CVE-2017-6887,664,701847c3da8dd447872074aca94d6cc7bad4c2e3,False,False,internal/dcraw_fileio.cpp,apply_profile,158,213,44
libraw/libraw,CVE-2017-6887,664,701847c3da8dd447872074aca94d6cc7bad4c2e3,False,False,src/libraw_cxx.cpp,LibRaw::rotate_fuji_raw,1435,1478,37
libraw/libraw,CVE-2017-6887,664,701847c3da8dd447872074aca94d6cc7bad4c2e3,True,False,dcraw/dcraw.c,minolta_z2(),1420,1430,10
libraw/libraw,CVE-2017-6887,664,701847c3da8dd447872074aca94d6cc7bad4c2e3,False,False,src/libraw_cxx.cpp,LibRaw::dcraw_make_mem_image,996,1079,65
libraw/libraw,CVE-2017-6887,664,701847c3da8dd447872074aca94d6cc7bad4c2e3,True,False,dcraw/dcraw.c,"smal_decode_segment( unsigned seg [ 2 ] [ 2 ] , int holes)",3138,3216,74
libraw/libraw,CVE-2017-6887,664,701847c3da8dd447872074aca94d6cc7bad4c2e3,False,False,src/libraw_c_api.cpp,libraw_close,115,120,6
libraw/libraw,CVE-2017-6887,664,701847c3da8dd447872074aca94d6cc7bad4c2e3,False,False,libraw/libraw_datastream.h,LibRaw_buffer_datastream::eof(),228,232,5
libraw/libraw,CVE-2017-6887,664,701847c3da8dd447872074aca94d6cc7bad4c2e3,True,False,dcraw/dcraw.c,panasonic_load_raw(),2250,2286,30
libraw/libraw,CVE-2017-6887,664,701847c3da8dd447872074aca94d6cc7bad4c2e3,False,False,src/libraw_cxx.cpp,default_memory_callback,40,43,4
libraw/libraw,CVE-2017-6887,664,701847c3da8dd447872074aca94d6cc7bad4c2e3,True,False,dcraw/dcraw.c,"parse_smal( int offset , int fsize)",6558,6575,17
libraw/libraw,CVE-2017-6887,664,701847c3da8dd447872074aca94d6cc7bad4c2e3,True,False,dcraw/dcraw.c,"if( ! strcmp(model,""QV-2000UX""))",8622,8627,6
libraw/libraw,CVE-2017-6887,664,701847c3da8dd447872074aca94d6cc7bad4c2e3,True,False,dcraw/dcraw.c,derror(),297,307,11
libraw/libraw,CVE-2017-6887,664,701847c3da8dd447872074aca94d6cc7bad4c2e3,True,False,internal/dcraw_common.cpp,parse_rollei(),5856,5892,36
libraw/libraw,CVE-2017-6887,664,701847c3da8dd447872074aca94d6cc7bad4c2e3,False,False,samples/simple_dcraw.cpp,,-1,-1,-1
libraw/libraw,CVE-2017-6887,664,701847c3da8dd447872074aca94d6cc7bad4c2e3,True,False,internal/dcraw_common.cpp,"if( ! strcmp(model,""QuickTake 150""))",8132,8139,8
libraw/libraw,CVE-2017-6887,664,701847c3da8dd447872074aca94d6cc7bad4c2e3,True,False,internal/dcraw_common.cpp,minolta_z2(),1146,1156,10
libraw/libraw,CVE-2017-6887,664,701847c3da8dd447872074aca94d6cc7bad4c2e3,False,False,src/libraw_cxx.cpp,LibRaw::init_masked_ptrs,460,478,12
libraw/libraw,CVE-2017-6887,664,701847c3da8dd447872074aca94d6cc7bad4c2e3,False,False,libraw/libraw_datastream.h,"LibRaw_file_datastream::tempbuffer_open( void * buf , size_t size)",182,195,13
libraw/libraw,CVE-2017-6887,664,701847c3da8dd447872074aca94d6cc7bad4c2e3,True,False,dcraw/dcraw.c,phase_one_correct(),1627,1751,122
libraw/libraw,CVE-2017-6887,664,701847c3da8dd447872074aca94d6cc7bad4c2e3,True,False,internal/dcraw_common.cpp,"smal_decode_segment( unsigned seg [ 2 ] [ 2 ] , int holes)",2857,2935,74
libraw/libraw,CVE-2017-6887,664,701847c3da8dd447872074aca94d6cc7bad4c2e3,True,False,internal/dcraw_common.cpp,if(load_raw==&CLASS kodak_jpeg_load_raw),8266,8274,5
libraw/libraw,CVE-2017-6887,664,701847c3da8dd447872074aca94d6cc7bad4c2e3,True,False,internal/dcraw_common.cpp,median4( int * p),2949,2960,11
libraw/libraw,CVE-2017-6887,664,701847c3da8dd447872074aca94d6cc7bad4c2e3,True,False,dcraw/dcraw.c,adobe_dng_load_raw_lj(),1153,1180,27
libraw/libraw,CVE-2017-6887,664,701847c3da8dd447872074aca94d6cc7bad4c2e3,False,False,src/libraw_cxx.cpp,LibRaw::malloc,211,215,5
libraw/libraw,CVE-2017-6887,664,701847c3da8dd447872074aca94d6cc7bad4c2e3,True,False,internal/dcraw_common.cpp,canon_600_coeff(),222,247,23
libraw/libraw,CVE-2017-6887,664,701847c3da8dd447872074aca94d6cc7bad4c2e3,True,False,internal/dcraw_common.cpp,"phase_one_flat_field( int is_float , int nc)",1305,1347,42
libraw/libraw,CVE-2017-6887,664,701847c3da8dd447872074aca94d6cc7bad4c2e3,True,False,internal/dcraw_common.cpp,"ahd_interpolate_green_h_and_v( int top , int left , ushort(*out_rgb) [ TS ] [ TS ] [ 3 ])",3938,3958,20
libraw/libraw,CVE-2017-6887,664,701847c3da8dd447872074aca94d6cc7bad4c2e3,True,False,dcraw/dcraw.c,identify(),7253,8483,1207
libraw/libraw,CVE-2017-6887,664,701847c3da8dd447872074aca94d6cc7bad4c2e3,False,False,libraw/libraw_datastream.h,"LibRaw_bigfile_datastream::read( void * ptr , size_t size , size_t nmemb)",381,385,5
libraw/libraw,CVE-2017-6887,664,701847c3da8dd447872074aca94d6cc7bad4c2e3,True,False,internal/dcraw_common.cpp,nikon_compressed_load_raw(),975,1065,82
libraw/libraw,CVE-2017-6887,664,701847c3da8dd447872074aca94d6cc7bad4c2e3,False,False,src/libraw_c_api.cpp,libraw_dcraw_process,171,176,6
libraw/libraw,CVE-2017-6887,664,701847c3da8dd447872074aca94d6cc7bad4c2e3,False,False,src/libraw_cxx.cpp,LibRaw::unpack_function_name,288,345,42
libraw/libraw,CVE-2017-6887,664,701847c3da8dd447872074aca94d6cc7bad4c2e3,True,False,dcraw/dcraw.c,canon_sraw_load_raw(),1035,1108,69
libraw/libraw,CVE-2017-6887,664,701847c3da8dd447872074aca94d6cc7bad4c2e3,True,False,dcraw/dcraw.c,phase_one_load_raw_c(),1842,1945,88
libraw/libraw,CVE-2017-6887,664,701847c3da8dd447872074aca94d6cc7bad4c2e3,True,False,internal/dcraw_common.cpp,parse_phase_one( int base),5926,5994,66
libraw/libraw,CVE-2017-6887,664,701847c3da8dd447872074aca94d6cc7bad4c2e3,True,False,dcraw/dcraw.c,"if( ! strcmp(model,""QV-R51""))",8647,8651,5
libraw/libraw,CVE-2017-6887,664,701847c3da8dd447872074aca94d6cc7bad4c2e3,False,False,src/libraw_c_api.cpp,libraw_dcraw_make_mem_image,177,182,6
libraw/libraw,CVE-2017-6887,664,701847c3da8dd447872074aca94d6cc7bad4c2e3,True,False,dcraw/dcraw.c,nikon_is_compressed(),1346,1356,10
libraw/libraw,CVE-2017-6887,664,701847c3da8dd447872074aca94d6cc7bad4c2e3,True,False,dcraw/dcraw.c,"ahd_interpolate_build_homogeneity_map( int top , int left , short(*lab) [ TS ] [ TS ] [ 3 ] , char(*out_homogeneity_map) [ TS ] [ 2 ])",4478,4531,50
libraw/libraw,CVE-2017-6887,664,701847c3da8dd447872074aca94d6cc7bad4c2e3,True,False,dcraw/dcraw.c,get2(),318,323,6
libraw/libraw,CVE-2017-6887,664,701847c3da8dd447872074aca94d6cc7bad4c2e3,True,False,dcraw/dcraw.c,bad_pixels( const char * cfname),3307,3390,64
libraw/libraw,CVE-2017-6887,664,701847c3da8dd447872074aca94d6cc7bad4c2e3,True,False,internal/dcraw_common.cpp,blend_highlights(),4243,4286,37
libraw/libraw,CVE-2017-6887,664,701847c3da8dd447872074aca94d6cc7bad4c2e3,True,False,dcraw/dcraw.c,sget2( uchar * s),310,316,7
libraw/libraw,CVE-2017-6887,664,701847c3da8dd447872074aca94d6cc7bad4c2e3,True,False,dcraw/dcraw.c,"tiff_get( unsigned base , unsigned * tag , unsigned * type , unsigned * len , unsigned * save)",4816,4825,10
libraw/libraw,CVE-2017-6887,664,701847c3da8dd447872074aca94d6cc7bad4c2e3,False,False,libraw/libraw_datastream.h,LibRaw_file_datastream::LibRaw_file_datastream( const char * fname),89,99,11
libraw/libraw,CVE-2017-6887,664,701847c3da8dd447872074aca94d6cc7bad4c2e3,True,False,internal/dcraw_common.cpp,kodak_dc120_load_raw(),2365,2388,20
libraw/libraw,CVE-2017-6887,664,701847c3da8dd447872074aca94d6cc7bad4c2e3,True,False,internal/dcraw_common.cpp,lin_interpolate(),3649,3699,41
libraw/libraw,CVE-2017-6887,664,701847c3da8dd447872074aca94d6cc7bad4c2e3,True,False,dcraw/dcraw.c,"if( ! strcmp(model,""EX-Z750""))",8679,8684,6
libraw/libraw,CVE-2017-6887,664,701847c3da8dd447872074aca94d6cc7bad4c2e3,True,False,dcraw/dcraw.c,parse_rollei(),6308,6344,36
libraw/libraw,CVE-2017-6887,664,701847c3da8dd447872074aca94d6cc7bad4c2e3,True,False,dcraw/dcraw.c,"merror( void * ptr , const char * where)",290,295,6
libraw/libraw,CVE-2017-6887,664,701847c3da8dd447872074aca94d6cc7bad4c2e3,False,False,samples/dcraw_emu.cpp,timerstart( void),133,136,4
libraw/libraw,CVE-2017-6887,664,701847c3da8dd447872074aca94d6cc7bad4c2e3,True,False,dcraw/dcraw.c,"ahd_interpolate_green_h_and_v( int top , int left , ushort(*out_rgb) [ TS ] [ TS ] [ 3 ])",4383,4403,20
libraw/libraw,CVE-2017-6887,664,701847c3da8dd447872074aca94d6cc7bad4c2e3,True,False,dcraw/dcraw.c,"if( ! strcmp(model,""EX-S100""))",8656,8660,5
libraw/libraw,CVE-2017-6887,664,701847c3da8dd447872074aca94d6cc7bad4c2e3,False,False,libraw/libraw_alloc.h,DllDeflibraw_memmgr::free,59,63,5
libraw/libraw,CVE-2017-6887,664,701847c3da8dd447872074aca94d6cc7bad4c2e3,True,False,dcraw/dcraw.c,"if( ! strcmp(model,""QuickTake 150""))",8593,8600,8
libraw/libraw,CVE-2017-6887,664,701847c3da8dd447872074aca94d6cc7bad4c2e3,True,False,dcraw/dcraw.c,"read_shorts( ushort * pixel , int count)",377,382,6
libraw/libraw,CVE-2017-6887,664,701847c3da8dd447872074aca94d6cc7bad4c2e3,False,False,internal/libraw_internal_funcs.h,,-1,-1,-1
libraw/libraw,CVE-2017-6887,664,701847c3da8dd447872074aca94d6cc7bad4c2e3,True,False,dcraw/dcraw.c,cam_xyz_coeff( double cam_xyz [ 4 ] [ 3 ]),3547,3572,22
libraw/libraw,CVE-2017-6887,664,701847c3da8dd447872074aca94d6cc7bad4c2e3,False,False,libraw/libraw_datastream.h,LibRaw_bigfile_datastream::tell(),405,417,7
libraw/libraw,CVE-2017-6887,664,701847c3da8dd447872074aca94d6cc7bad4c2e3,True,False,dcraw/dcraw.c,"if( ! strcmp(model,""QV-4000""))",8632,8637,6
libraw/libraw,CVE-2017-6887,664,701847c3da8dd447872074aca94d6cc7bad4c2e3,True,False,internal/dcraw_common.cpp,canon_s2is(),324,333,9
libraw/libraw,CVE-2017-6887,664,701847c3da8dd447872074aca94d6cc7bad4c2e3,True,False,internal/dcraw_common.cpp,nokia_load_raw(),1901,1942,36
libraw/libraw,CVE-2017-6887,664,701847c3da8dd447872074aca94d6cc7bad4c2e3,False,False,samples/half_mt.c,,-1,-1,-1
libraw/libraw,CVE-2017-6887,664,701847c3da8dd447872074aca94d6cc7bad4c2e3,True,False,internal/dcraw_common.cpp,phase_one_correct(),1349,1473,122
libraw/libraw,CVE-2017-6887,664,701847c3da8dd447872074aca94d6cc7bad4c2e3,True,False,internal/dcraw_common.cpp,,-1,-1,-1
libraw/libraw,CVE-2017-6887,664,701847c3da8dd447872074aca94d6cc7bad4c2e3,False,False,libraw/libraw_datastream.h,"LibRaw_bigfile_datastream::scanf_one( const char * fmt , void * val)",435,445,8
libraw/libraw,CVE-2017-6887,664,701847c3da8dd447872074aca94d6cc7bad4c2e3,True,False,dcraw/dcraw.c,get_timestamp( int reversed),5176,5195,19
libraw/libraw,CVE-2017-6887,664,701847c3da8dd447872074aca94d6cc7bad4c2e3,False,False,src/libraw_cxx.cpp,LibRaw::dcraw_ppm_tiff_writer,1087,1119,29
libraw/libraw,CVE-2017-6887,664,701847c3da8dd447872074aca94d6cc7bad4c2e3,True,False,internal/dcraw_common.cpp,parse_tiff( int base),5447,5460,13
libraw/libraw,CVE-2017-6887,664,701847c3da8dd447872074aca94d6cc7bad4c2e3,True,False,dcraw/dcraw.c,minolta_rd175_load_raw(),2342,2375,31
libraw/libraw,CVE-2017-6887,664,701847c3da8dd447872074aca94d6cc7bad4c2e3,True,False,dcraw/dcraw.c,blend_highlights(),4688,4731,37
libraw/libraw,CVE-2017-6887,664,701847c3da8dd447872074aca94d6cc7bad4c2e3,True,False,internal/dcraw_common.cpp,get_timestamp( int reversed),4728,4747,19
libraw/libraw,CVE-2017-6887,664,701847c3da8dd447872074aca94d6cc7bad4c2e3,False,False,libraw/libraw_datastream.h,LibRaw_buffer_datastream::~LibRaw_buffer_datastream(),212,212,1
libraw/libraw,CVE-2017-6887,664,701847c3da8dd447872074aca94d6cc7bad4c2e3,True,False,dcraw/dcraw.c,"if( ! strcmp(make,""Rollei"") && ! load_raw)",8600,8616,17
libraw/libraw,CVE-2017-6887,664,701847c3da8dd447872074aca94d6cc7bad4c2e3,True,False,dcraw/dcraw.c,parse_gps( int base),5228,5247,19
libraw/libraw,CVE-2017-6887,664,701847c3da8dd447872074aca94d6cc7bad4c2e3,True,False,dcraw/dcraw.c,guess_byte_order( int words),7200,7217,17
libraw/libraw,CVE-2017-6887,664,701847c3da8dd447872074aca94d6cc7bad4c2e3,True,False,dcraw/dcraw.c,ciff_block_1030(),6165,6184,19
libraw/libraw,CVE-2017-6887,664,701847c3da8dd447872074aca94d6cc7bad4c2e3,True,False,dcraw/dcraw.c,eight_bit_load_raw(),2671,2733,56
libraw/libraw,CVE-2017-6887,664,701847c3da8dd447872074aca94d6cc7bad4c2e3,False,False,src/libraw_c_api.cpp,libraw_version,46,46,1
libraw/libraw,CVE-2017-6887,664,701847c3da8dd447872074aca94d6cc7bad4c2e3,False,False,src/libraw_cxx.cpp,LibRaw::derror,142,161,20
libraw/libraw,CVE-2017-6887,664,701847c3da8dd447872074aca94d6cc7bad4c2e3,False,False,src/libraw_cxx.cpp,LibRaw::cameraList,2075,2075,1
libraw/libraw,CVE-2017-6887,664,701847c3da8dd447872074aca94d6cc7bad4c2e3,True,False,internal/dcraw_common.cpp,kodak_thumb_load_raw(),2682,2690,9
libraw/libraw,CVE-2017-6887,664,701847c3da8dd447872074aca94d6cc7bad4c2e3,False,False,libraw/libraw_datastream.h,LibRaw_file_datastream::get_char(),130,130,1
libraw/libraw,CVE-2017-6887,664,701847c3da8dd447872074aca94d6cc7bad4c2e3,True,False,internal/dcraw_common.cpp,"kodak_65000_decode( short * out , int bsize)",2550,2594,44
libraw/libraw,CVE-2017-6887,664,701847c3da8dd447872074aca94d6cc7bad4c2e3,True,False,dcraw/dcraw.c,"pseudoinverse( double(*in) [ 3 ] , double(*out) [ 3 ] , int size)",3518,3545,27
libraw/libraw,CVE-2017-6887,664,701847c3da8dd447872074aca94d6cc7bad4c2e3,True,False,internal/dcraw_common.cpp,"if( ! strcmp(model,""EX-Z50""))",8199,8203,5
libraw/libraw,CVE-2017-6887,664,701847c3da8dd447872074aca94d6cc7bad4c2e3,True,False,internal/dcraw_common.cpp,phase_one_load_raw_c(),1564,1667,88
libraw/libraw,CVE-2017-6887,664,701847c3da8dd447872074aca94d6cc7bad4c2e3,False,False,libraw/libraw_datastream.h,"LibRaw_file_datastream::seek( INT64 o , int whence)",114,126,13
libraw/libraw,CVE-2017-6887,664,701847c3da8dd447872074aca94d6cc7bad4c2e3,True,False,dcraw/dcraw.c,parse_kodak_ifd( int base),5347,5390,39
libraw/libraw,CVE-2017-6887,664,701847c3da8dd447872074aca94d6cc7bad4c2e3,False,False,libraw/libraw.h,DllDefLibRaw::COLOR,135,135,1
libraw/libraw,CVE-2017-6887,664,701847c3da8dd447872074aca94d6cc7bad4c2e3,True,False,dcraw/dcraw.c,canon_compressed_load_raw(),776,858,76
libraw/libraw,CVE-2017-6887,664,701847c3da8dd447872074aca94d6cc7bad4c2e3,True,False,internal/dcraw_common.cpp,"my_memmem( char * haystack , size_t haystacklen , char * needle , size_t needlelen)",35,43,9
libraw/libraw,CVE-2017-6887,664,701847c3da8dd447872074aca94d6cc7bad4c2e3,False,False,src/libraw_c_api.cpp,libraw_open_buffer,91,96,6
libraw/libraw,CVE-2017-6887,664,701847c3da8dd447872074aca94d6cc7bad4c2e3,True,False,internal/dcraw_common.cpp,"canon_600_color( int ratio [ 2 ] , int mar)",148,175,27
libraw/libraw,CVE-2017-6887,664,701847c3da8dd447872074aca94d6cc7bad4c2e3,True,False,dcraw/dcraw.c,nikon_3700(),1394,1415,21
libraw/libraw,CVE-2017-6887,664,701847c3da8dd447872074aca94d6cc7bad4c2e3,False,False,src/libraw_c_api.cpp,libraw_unpack_thumb,103,108,6
libraw/libraw,CVE-2017-6887,664,701847c3da8dd447872074aca94d6cc7bad4c2e3,False,False,src/libraw_cxx.cpp,LibRaw::versionNumber,138,138,1
libraw/libraw,CVE-2017-6887,664,701847c3da8dd447872074aca94d6cc7bad4c2e3,True,False,internal/dcraw_common.cpp,"if( ! strcmp(model,""EX-S20""))",8190,8195,6
libraw/libraw,CVE-2017-6887,664,701847c3da8dd447872074aca94d6cc7bad4c2e3,False,False,src/libraw_cxx.cpp,LibRaw::version,137,137,1
libraw/libraw,CVE-2017-6887,664,701847c3da8dd447872074aca94d6cc7bad4c2e3,True,False,internal/dcraw_common.cpp,rollei_thumb(),1242,1258,16
libraw/libraw,CVE-2017-6887,664,701847c3da8dd447872074aca94d6cc7bad4c2e3,True,False,dcraw/dcraw.c,olympus_load_raw(),2288,2340,49
libraw/libraw,CVE-2017-6887,664,701847c3da8dd447872074aca94d6cc7bad4c2e3,False,False,src/libraw_cxx.cpp,LibRaw::adjust_maximum,347,371,21
libraw/libraw,CVE-2017-6887,664,701847c3da8dd447872074aca94d6cc7bad4c2e3,False,False,libraw/libraw_datastream.h,LibRaw_file_datastream::tempbuffer_close(),197,201,5
libraw/libraw,CVE-2017-6887,664,701847c3da8dd447872074aca94d6cc7bad4c2e3,False,False,libraw/libraw_datastream.h,LibRaw_bigfile_datastream::valid(),379,379,1
libraw/libraw,CVE-2017-6887,664,701847c3da8dd447872074aca94d6cc7bad4c2e3,True,False,dcraw/dcraw.c,kodak_thumb_load_raw(),2963,2971,9
libraw/libraw,CVE-2017-6887,664,701847c3da8dd447872074aca94d6cc7bad4c2e3,True,False,dcraw/dcraw.c,"if( ! strcmp(model,""QuickTake 100""))",8581,8593,13
libraw/libraw,CVE-2017-6887,664,701847c3da8dd447872074aca94d6cc7bad4c2e3,False,False,libraw/libraw_datastream.h,"LibRaw_bigfile_datastream::seek( INT64 o , int whence)",391,403,7
libraw/libraw,CVE-2017-6887,664,701847c3da8dd447872074aca94d6cc7bad4c2e3,True,False,internal/dcraw_common.cpp,"if( ! strcmp(model,""EX-Z1050""))",8228,8233,6
libraw/libraw,CVE-2017-6887,664,701847c3da8dd447872074aca94d6cc7bad4c2e3,True,False,dcraw/dcraw.c,parse_tiff( int base),5899,5912,13
libraw/libraw,CVE-2017-6887,664,701847c3da8dd447872074aca94d6cc7bad4c2e3,False,False,libraw/libraw_internal.h,,-1,-1,-1
libraw/libraw,CVE-2017-6887,664,701847c3da8dd447872074aca94d6cc7bad4c2e3,True,False,internal/dcraw_common.cpp,if( fsize == 3217760),8166,8171,6
libraw/libraw,CVE-2017-6887,664,701847c3da8dd447872074aca94d6cc7bad4c2e3,True,False,internal/dcraw_common.cpp,make_decoder_ref( const uchar ** source),403,420,17
libraw/libraw,CVE-2017-6887,664,701847c3da8dd447872074aca94d6cc7bad4c2e3,False,False,libraw/libraw_alloc.h,DllDeflibraw_memmgr::cleanup,64,72,9
libraw/libraw,CVE-2017-6887,664,701847c3da8dd447872074aca94d6cc7bad4c2e3,True,False,dcraw/dcraw.c,parse_fuji( int offset),6448,6486,36
libraw/libraw,CVE-2017-6887,664,701847c3da8dd447872074aca94d6cc7bad4c2e3,True,False,internal/dcraw_common.cpp,recover_highlights(),4289,4368,74
libraw/libraw,CVE-2017-6887,664,701847c3da8dd447872074aca94d6cc7bad4c2e3,True,False,dcraw/dcraw.c,ppg_interpolate(),4289,4358,48
libraw/libraw,CVE-2017-6887,664,701847c3da8dd447872074aca94d6cc7bad4c2e3,False,False,samples/half_mt.c,get_next_file,50,59,10
libraw/libraw,CVE-2017-6887,664,701847c3da8dd447872074aca94d6cc7bad4c2e3,True,False,internal/dcraw_common.cpp,parse_exif( int base),4749,4778,29
libraw/libraw,CVE-2017-6887,664,701847c3da8dd447872074aca94d6cc7bad4c2e3,True,False,internal/dcraw_common.cpp,canon_sraw_load_raw(),761,834,69
libraw/libraw,CVE-2017-6887,664,701847c3da8dd447872074aca94d6cc7bad4c2e3,False,False,libraw/libraw_datastream.h,LibRaw_abstract_datastream::LibRaw_abstract_datastream(),53,53,1
libraw/libraw,CVE-2017-6887,664,701847c3da8dd447872074aca94d6cc7bad4c2e3,True,False,internal/dcraw_common.cpp,simple_coeff( int index),6719,6740,15
libraw/libraw,CVE-2017-6887,664,701847c3da8dd447872074aca94d6cc7bad4c2e3,False,False,src/libraw_cxx.cpp,,-1,-1,-1
libraw/libraw,CVE-2017-6887,664,701847c3da8dd447872074aca94d6cc7bad4c2e3,True,False,internal/dcraw_common.cpp,pre_interpolate(),3587,3625,34
libraw/libraw,CVE-2017-6887,664,701847c3da8dd447872074aca94d6cc7bad4c2e3,True,False,internal/dcraw_common.cpp,kodak_jpeg_load_raw(),2286,2286,1
libraw/libraw,CVE-2017-6887,664,701847c3da8dd447872074aca94d6cc7bad4c2e3,True,False,internal/dcraw_common.cpp,nikon_e2100(),1105,1118,13
libraw/libraw,CVE-2017-6887,664,701847c3da8dd447872074aca94d6cc7bad4c2e3,True,False,dcraw/dcraw.c,pana_bits( int nbits),2225,2248,14
libraw/libraw,CVE-2017-6887,664,701847c3da8dd447872074aca94d6cc7bad4c2e3,False,False,libraw/libraw_datastream.h,LibRaw_abstract_datastream::tempbuffer_close(),71,75,5
libraw/libraw,CVE-2017-6887,664,701847c3da8dd447872074aca94d6cc7bad4c2e3,False,False,src/libraw_c_api.cpp,libraw_dcraw_make_mem_thumb,183,188,6
libraw/libraw,CVE-2017-6887,664,701847c3da8dd447872074aca94d6cc7bad4c2e3,True,False,internal/dcraw_common.cpp,parse_kodak_ifd( int base),4899,4942,39
libraw/libraw,CVE-2017-6887,664,701847c3da8dd447872074aca94d6cc7bad4c2e3,True,False,internal/dcraw_common.cpp,getint( int type),80,83,4
libraw/libraw,CVE-2017-6887,664,701847c3da8dd447872074aca94d6cc7bad4c2e3,False,False,src/libraw_cxx.cpp,default_data_callback,45,51,7
libraw/libraw,CVE-2017-6887,664,701847c3da8dd447872074aca94d6cc7bad4c2e3,True,False,dcraw/dcraw.c,leaf_hdr_load_raw(),1987,2023,34
libraw/libraw,CVE-2017-6887,664,701847c3da8dd447872074aca94d6cc7bad4c2e3,False,False,src/libraw_c_api.cpp,libraw_open_file_ex,85,90,6
libraw/libraw,CVE-2017-6887,664,701847c3da8dd447872074aca94d6cc7bad4c2e3,True,False,internal/dcraw_common.cpp,"if( ! strcmp(model,""EX-Z60""))",8207,8213,7
libraw/libraw,CVE-2017-6887,664,701847c3da8dd447872074aca94d6cc7bad4c2e3,True,False,dcraw/dcraw.c,canon_600_fixed_wb( int temp),388,409,19
libraw/libraw,CVE-2017-6887,664,701847c3da8dd447872074aca94d6cc7bad4c2e3,True,False,dcraw/dcraw.c,simple_coeff( int index),7177,7198,15
libraw/libraw,CVE-2017-6887,664,701847c3da8dd447872074aca94d6cc7bad4c2e3,True,False,dcraw/dcraw.c,canon_600_auto_wb(),441,484,41
libraw/libraw,CVE-2017-6887,664,701847c3da8dd447872074aca94d6cc7bad4c2e3,False,False,libraw/libraw_datastream.h,LibRaw_file_datastream::fname(),161,161,1
libraw/libraw,CVE-2017-6887,664,701847c3da8dd447872074aca94d6cc7bad4c2e3,True,False,internal/dcraw_common.cpp,"adobe_copy_pixel( int row , int col , ushort ** rp)",836,877,36
libraw/libraw,CVE-2017-6887,664,701847c3da8dd447872074aca94d6cc7bad4c2e3,False,False,samples/mem_image.cpp,main,91,200,84
libraw/libraw,CVE-2017-6887,664,701847c3da8dd447872074aca94d6cc7bad4c2e3,True,False,dcraw/dcraw.c,pre_interpolate(),4032,4070,34
libraw/libraw,CVE-2017-6887,664,701847c3da8dd447872074aca94d6cc7bad4c2e3,True,False,dcraw/dcraw.c,kodak_jpeg_load_raw(),2567,2567,1
libraw/libraw,CVE-2017-6887,664,701847c3da8dd447872074aca94d6cc7bad4c2e3,False,False,samples/4channels.cpp,main,40,181,123
libraw/libraw,CVE-2017-6887,664,701847c3da8dd447872074aca94d6cc7bad4c2e3,False,False,libraw/libraw_datastream.h,LibRaw_bigfile_datastream::fname(),446,446,1
libraw/libraw,CVE-2017-6887,664,701847c3da8dd447872074aca94d6cc7bad4c2e3,True,False,dcraw/dcraw.c,"adobe_copy_pixel( int row , int col , ushort ** rp)",1110,1151,36
libraw/libraw,CVE-2017-6887,664,701847c3da8dd447872074aca94d6cc7bad4c2e3,False,False,samples/dcraw_half.c,main,45,81,29
libraw/libraw,CVE-2017-6887,664,701847c3da8dd447872074aca94d6cc7bad4c2e3,True,False,internal/dcraw_common.cpp,sony_arw2_load_raw(),2811,2852,38
libraw/libraw,CVE-2017-6887,664,701847c3da8dd447872074aca94d6cc7bad4c2e3,False,False,libraw/libraw_datastream.h,LibRaw_bigfile_datastream::get_char(),419,427,6
libraw/libraw,CVE-2017-6887,664,701847c3da8dd447872074aca94d6cc7bad4c2e3,False,False,libraw/libraw.h,DllDefLibRaw::set_dataerror_handler,111,111,1
libraw/libraw,CVE-2017-6887,664,701847c3da8dd447872074aca94d6cc7bad4c2e3,False,False,libraw/libraw_datastream.h,LibRaw_abstract_datastream::fname(),65,65,1
libraw/libraw,CVE-2017-6887,664,701847c3da8dd447872074aca94d6cc7bad4c2e3,True,False,dcraw/dcraw.c,"if( ! strcmp(model,""EX-Z75""))",8674,8679,6
libraw/libraw,CVE-2017-6887,664,701847c3da8dd447872074aca94d6cc7bad4c2e3,True,False,dcraw/dcraw.c,parse_riff(),6514,6556,42
libraw/libraw,CVE-2017-6887,664,701847c3da8dd447872074aca94d6cc7bad4c2e3,True,False,internal/dcraw_common.cpp,"if( ! strcmp(model,""QV-2000UX""))",8161,8166,6
libraw/libraw,CVE-2017-6887,664,701847c3da8dd447872074aca94d6cc7bad4c2e3,True,False,internal/dcraw_common.cpp,canon_600_fixed_wb( int temp),124,145,19
libraw/libraw,CVE-2017-6887,664,701847c3da8dd447872074aca94d6cc7bad4c2e3,True,False,internal/dcraw_common.cpp,kodak_rgb_load_raw(),2661,2680,17
libraw/libraw,CVE-2017-6887,664,701847c3da8dd447872074aca94d6cc7bad4c2e3,False,False,libraw/libraw.h,DllDefLibRaw::output_params_ptr,100,100,1
libraw/libraw,CVE-2017-6887,664,701847c3da8dd447872074aca94d6cc7bad4c2e3,True,False,dcraw/dcraw.c,"if( ! strcmp(model,""EX-Z850""))",8684,8689,6
libraw/libraw,CVE-2017-6887,664,701847c3da8dd447872074aca94d6cc7bad4c2e3,False,False,internal/var_defines.h,,-1,-1,-1
libraw/libraw,CVE-2017-6887,664,701847c3da8dd447872074aca94d6cc7bad4c2e3,False,False,libraw/libraw_datastream.h,LibRaw_buffer_datastream::valid(),213,213,1
libraw/libraw,CVE-2017-6887,664,701847c3da8dd447872074aca94d6cc7bad4c2e3,True,False,internal/dcraw_common.cpp,lossless_jpeg_load_raw(),706,759,46
libraw/libraw,CVE-2017-6887,664,701847c3da8dd447872074aca94d6cc7bad4c2e3,True,False,dcraw/dcraw.c,wavelet_denoise(),3658,3736,75
libraw/libraw,CVE-2017-6887,664,701847c3da8dd447872074aca94d6cc7bad4c2e3,True,False,internal/dcraw_common.cpp,linear_table( unsigned len),4886,4897,10
libraw/libraw,CVE-2017-6887,664,701847c3da8dd447872074aca94d6cc7bad4c2e3,True,False,internal/dcraw_common.cpp,parse_external_jpeg(),5624,5707,66
libraw/libraw,CVE-2017-6887,664,701847c3da8dd447872074aca94d6cc7bad4c2e3,True,False,dcraw/dcraw.c,nokia_load_raw(),2182,2223,36
libraw/libraw,CVE-2017-6887,664,701847c3da8dd447872074aca94d6cc7bad4c2e3,True,False,internal/dcraw_common.cpp,"if( ! strcmp(model,""PC-CAM 600""))",8155,8160,6
libraw/libraw,CVE-2017-6887,664,701847c3da8dd447872074aca94d6cc7bad4c2e3,True,False,dcraw/dcraw.c,nikon_compressed_load_raw(),1249,1339,82
libraw/libraw,CVE-2017-6887,664,701847c3da8dd447872074aca94d6cc7bad4c2e3,False,False,samples/dcraw_emu.cpp,timerstart( void),121,124,4
libraw/libraw,CVE-2017-6887,664,701847c3da8dd447872074aca94d6cc7bad4c2e3,False,False,internal/dcraw_fileio.cpp,bad_pixels,37,95,42
libraw/libraw,CVE-2017-6887,664,701847c3da8dd447872074aca94d6cc7bad4c2e3,True,False,internal/dcraw_common.cpp,int_to_float( int i),85,90,6
libraw/libraw,CVE-2017-6887,664,701847c3da8dd447872074aca94d6cc7bad4c2e3,True,False,dcraw/dcraw.c,make_decoder_ref( const uchar ** source),667,684,17
libraw/libraw,CVE-2017-6887,664,701847c3da8dd447872074aca94d6cc7bad4c2e3,False,False,src/libraw_cxx.cpp,libraw_strerror,52,86,35
libraw/libraw,CVE-2017-6887,664,701847c3da8dd447872074aca94d6cc7bad4c2e3,True,False,internal/dcraw_common.cpp,nikon_e995(),1087,1100,13
libraw/libraw,CVE-2017-6887,664,701847c3da8dd447872074aca94d6cc7bad4c2e3,False,False,src/libraw_c_api.cpp,libraw_dcraw_ppm_tiff_writer,158,163,6
libraw/libraw,CVE-2017-6887,664,701847c3da8dd447872074aca94d6cc7bad4c2e3,False,False,libraw/libraw.h,DllDefLibRaw::set_progress_handler,112,112,1
libraw/libraw,CVE-2017-6887,664,701847c3da8dd447872074aca94d6cc7bad4c2e3,True,False,internal/dcraw_common.cpp,kodak_radc_load_raw(),2177,2280,100
libraw/libraw,CVE-2017-6887,664,701847c3da8dd447872074aca94d6cc7bad4c2e3,True,False,dcraw/dcraw.c,"if( ! strcasecmp(make,""KODAK""))",8486,8574,87
libraw/libraw,CVE-2017-6887,664,701847c3da8dd447872074aca94d6cc7bad4c2e3,False,False,samples/dcraw_emu.cpp,"timerprint( const char * msg , const char * filename)",125,130,6
libraw/libraw,CVE-2017-6887,664,701847c3da8dd447872074aca94d6cc7bad4c2e3,True,False,dcraw/dcraw.c,"crw_init_tables( unsigned table , ushort * huff [ 2 ])",691,752,61
libraw/libraw,CVE-2017-6887,664,701847c3da8dd447872074aca94d6cc7bad4c2e3,False,False,libraw/libraw_datastream.h,"LibRaw_file_datastream::read( void * ptr , size_t size , size_t nmemb)",107,107,1
libraw/libraw,CVE-2017-6887,664,701847c3da8dd447872074aca94d6cc7bad4c2e3,True,False,internal/dcraw_common.cpp,"if( ! strcasecmp(make,""KODAK""))",8025,8113,87
libraw/libraw,CVE-2017-6887,664,701847c3da8dd447872074aca94d6cc7bad4c2e3,True,False,internal/dcraw_common.cpp,cam_xyz_coeff( double cam_xyz [ 4 ] [ 3 ]),3102,3127,22
libraw/libraw,CVE-2017-6887,664,701847c3da8dd447872074aca94d6cc7bad4c2e3,False,False,libraw/libraw.h,DllDefLibRaw::FC,137,137,1
libraw/libraw,CVE-2017-6887,664,701847c3da8dd447872074aca94d6cc7bad4c2e3,True,False,internal/dcraw_common.cpp,"getbithuff( int nbits , ushort * huff)",339,372,22
libraw/libraw,CVE-2017-6887,664,701847c3da8dd447872074aca94d6cc7bad4c2e3,False,False,libraw/libraw_datastream.h,LibRaw_bigfile_datastream::~LibRaw_bigfile_datastream(),378,378,1
libraw/libraw,CVE-2017-6887,664,701847c3da8dd447872074aca94d6cc7bad4c2e3,True,False,internal/dcraw_common.cpp,"if( ! strcmp(model,""EX-Z55""))",8203,8207,5
libraw/libraw,CVE-2017-6887,664,701847c3da8dd447872074aca94d6cc7bad4c2e3,False,False,src/libraw_c_api.cpp,libraw_rotate_fuji_raw,57,62,6
libraw/libraw,CVE-2017-6887,664,701847c3da8dd447872074aca94d6cc7bad4c2e3,True,False,dcraw/dcraw.c,parse_exif( int base),5197,5226,29
libraw/libraw,CVE-2017-6887,664,701847c3da8dd447872074aca94d6cc7bad4c2e3,True,False,internal/dcraw_common.cpp,sony_arw_load_raw(),2774,2809,31
libraw/libraw,CVE-2017-6887,664,701847c3da8dd447872074aca94d6cc7bad4c2e3,True,False,internal/dcraw_common.cpp,"if( ! strncasecmp(model,""EasyShare"",9))",8022,8025,4
libraw/libraw,CVE-2017-6887,664,701847c3da8dd447872074aca94d6cc7bad4c2e3,True,False,internal/dcraw_common.cpp,parse_fuji( int offset),5996,6034,36
libraw/libraw,CVE-2017-6887,664,701847c3da8dd447872074aca94d6cc7bad4c2e3,True,False,internal/dcraw_common.cpp,sony_load_raw(),2718,2772,49
libraw/libraw,CVE-2017-6887,664,701847c3da8dd447872074aca94d6cc7bad4c2e3,False,False,libraw/libraw_datastream.h,"LibRaw_buffer_datastream::read( void * ptr , size_t sz , size_t nmemb)",214,225,12
libraw/libraw,CVE-2017-6887,664,701847c3da8dd447872074aca94d6cc7bad4c2e3,False,False,src/libraw_cxx.cpp,LibRaw::kodak_thumb_loader,1121,1282,117
libraw/libraw,CVE-2017-6887,664,701847c3da8dd447872074aca94d6cc7bad4c2e3,False,False,samples/dcraw_emu.cpp,usage( const char * prog),49,95,43
libraw/libraw,CVE-2017-6887,664,701847c3da8dd447872074aca94d6cc7bad4c2e3,False,False,src/libraw_c_api.cpp,libraw_recycle,109,114,6
libraw/libraw,CVE-2017-6887,664,701847c3da8dd447872074aca94d6cc7bad4c2e3,False,False,src/libraw_c_api.cpp,libraw_unpack_function_name,51,56,6
libraw/libraw,CVE-2017-6887,664,701847c3da8dd447872074aca94d6cc7bad4c2e3,True,False,internal/dcraw_common.cpp,parse_mos( int offset),4818,4884,64
libraw/libraw,CVE-2017-6887,664,701847c3da8dd447872074aca94d6cc7bad4c2e3,True,False,internal/dcraw_common.cpp,"crw_init_tables( unsigned table , ushort * huff [ 2 ])",427,488,61
libraw/libraw,CVE-2017-6887,664,701847c3da8dd447872074aca94d6cc7bad4c2e3,False,False,libraw/libraw_datastream.h,LibRaw_file_datastream::tell(),128,128,1
libraw/libraw,CVE-2017-6887,664,701847c3da8dd447872074aca94d6cc7bad4c2e3,True,False,dcraw/dcraw.c,wavelet_denoise(),3738,3842,79
libraw/libraw,CVE-2017-6887,664,701847c3da8dd447872074aca94d6cc7bad4c2e3,True,False,internal/dcraw_common.cpp,fill_holes( int holes),2962,2986,24
libraw/libraw,CVE-2017-6887,664,701847c3da8dd447872074aca94d6cc7bad4c2e3,True,False,dcraw/dcraw.c,recover_highlights(),4734,4813,74
libraw/libraw,CVE-2017-6887,664,701847c3da8dd447872074aca94d6cc7bad4c2e3,False,False,src/libraw_cxx.cpp,LibRaw::adjust_sizes_info_only,1395,1433,37
libraw/libraw,CVE-2017-6887,664,701847c3da8dd447872074aca94d6cc7bad4c2e3,True,False,dcraw/dcraw.c,kodak_dc120_load_raw(),2646,2669,20
libraw/libraw,CVE-2017-6887,664,701847c3da8dd447872074aca94d6cc7bad4c2e3,False,False,libraw/libraw_datastream.h,LibRaw_file_datastream::subfile_close(),181,181,1
libraw/libraw,CVE-2017-6887,664,701847c3da8dd447872074aca94d6cc7bad4c2e3,True,False,dcraw/dcraw.c,"adobe_coeff( const char * p_make , const char * p_model)",6635,7175,538
libraw/libraw,CVE-2017-6887,664,701847c3da8dd447872074aca94d6cc7bad4c2e3,False,False,samples/raw-identify.cpp,,-1,-1,-1
libraw/libraw,CVE-2017-6887,664,701847c3da8dd447872074aca94d6cc7bad4c2e3,False,False,internal/dcraw_fileio.cpp,,-1,-1,-1
libraw/libraw,CVE-2017-6887,664,701847c3da8dd447872074aca94d6cc7bad4c2e3,False,False,samples/half_mt.c,process_files,62,102,33
libraw/libraw,CVE-2017-6887,664,701847c3da8dd447872074aca94d6cc7bad4c2e3,True,False,internal/dcraw_common.cpp,nikon_is_compressed(),1072,1082,10
libraw/libraw,CVE-2017-6887,664,701847c3da8dd447872074aca94d6cc7bad4c2e3,True,False,dcraw/dcraw.c,vng_interpolate(),4156,4284,124
libraw/libraw,CVE-2017-6887,664,701847c3da8dd447872074aca94d6cc7bad4c2e3,True,False,dcraw/dcraw.c,"ahd_interpolate_r_and_b_in_rgb_and_convert_to_cielab( int top , int left , ushort(*inout_rgb) [ TS ] [ 3 ] , short(*out_lab) [ TS ] [ 3 ] , const float(&xyz_cam) [ 3 ] [ 4 ])",4404,4470,59
libraw/libraw,CVE-2017-6887,664,701847c3da8dd447872074aca94d6cc7bad4c2e3,False,False,libraw/libraw.h,DllDefLibRaw::set_memerror_handler,110,110,1
libraw/libraw,CVE-2017-6887,664,701847c3da8dd447872074aca94d6cc7bad4c2e3,True,False,dcraw/dcraw.c,apply_tiff(),5914,6031,117
libraw/libraw,CVE-2017-6887,664,701847c3da8dd447872074aca94d6cc7bad4c2e3,True,False,internal/dcraw_common.cpp,fill_input_buffer( j_decompress_ptr cinfo),2290,2307,10
libraw/libraw,CVE-2017-6887,664,701847c3da8dd447872074aca94d6cc7bad4c2e3,True,False,internal/dcraw_common.cpp,kodak_65000_load_raw(),2596,2622,23
libraw/libraw,CVE-2017-6887,664,701847c3da8dd447872074aca94d6cc7bad4c2e3,False,False,libraw/libraw.h,,-1,-1,-1
libraw/libraw,CVE-2017-6887,664,701847c3da8dd447872074aca94d6cc7bad4c2e3,False,False,libraw/libraw_datastream.h,LibRaw_bigfile_datastream::eof(),386,390,5
libraw/libraw,CVE-2017-6887,664,701847c3da8dd447872074aca94d6cc7bad4c2e3,True,False,internal/dcraw_common.cpp,canon_600_auto_wb(),177,220,41
libraw/libraw,CVE-2017-6887,664,701847c3da8dd447872074aca94d6cc7bad4c2e3,True,False,dcraw/dcraw.c,calc_64cbrt( float f),4367,4382,14
libraw/libraw,CVE-2017-6887,664,701847c3da8dd447872074aca94d6cc7bad4c2e3,False,False,internal/dcraw_fileio.cpp,subtract,97,154,45
libraw/libraw,CVE-2017-6887,664,701847c3da8dd447872074aca94d6cc7bad4c2e3,True,False,dcraw/dcraw.c,fuji_load_raw(),1435,1485,47
libraw/libraw,CVE-2017-6887,664,701847c3da8dd447872074aca94d6cc7bad4c2e3,False,False,src/libraw_c_api.cpp,libraw_dcraw_thumb_writer,164,170,6
libraw/libraw,CVE-2017-6887,664,701847c3da8dd447872074aca94d6cc7bad4c2e3,True,False,dcraw/dcraw.c,median4( int * p),3230,3241,11
libraw/libraw,CVE-2017-6887,664,701847c3da8dd447872074aca94d6cc7bad4c2e3,True,False,internal/dcraw_common.cpp,if( fsize == 9313536),8238,8242,5
libraw/libraw,CVE-2017-6887,664,701847c3da8dd447872074aca94d6cc7bad4c2e3,False,False,libraw/libraw_datastream.h,LibRaw_bigfile_datastream::LibRaw_bigfile_datastream( const char * fname),361,376,13
libraw/libraw,CVE-2017-6887,664,701847c3da8dd447872074aca94d6cc7bad4c2e3,True,False,dcraw/dcraw.c,parse_external_jpeg(),6076,6159,66
libraw/libraw,CVE-2017-6887,664,701847c3da8dd447872074aca94d6cc7bad4c2e3,True,False,internal/dcraw_common.cpp,"parse_thumb_note( int base , unsigned toff , unsigned tlen)",4382,4393,11
libraw/libraw,CVE-2017-6887,664,701847c3da8dd447872074aca94d6cc7bad4c2e3,True,False,dcraw/dcraw.c,kodak_rgb_load_raw(),2942,2961,17
libraw/libraw,CVE-2017-6887,664,701847c3da8dd447872074aca94d6cc7bad4c2e3,True,False,dcraw/dcraw.c,"hat_transform( float * temp , float * base , int st , int size , int sc)",3646,3655,10
libraw/libraw,CVE-2017-6887,664,701847c3da8dd447872074aca94d6cc7bad4c2e3,True,False,internal/dcraw_common.cpp,"pseudoinverse( double(*in) [ 3 ] , double(*out) [ 3 ] , int size)",3073,3100,27
libraw/libraw,CVE-2017-6887,664,701847c3da8dd447872074aca94d6cc7bad4c2e3,True,False,internal/dcraw_common.cpp,"if( ! strcmp(model,""QV-R41""))",8181,8186,6
libraw/libraw,CVE-2017-6887,664,701847c3da8dd447872074aca94d6cc7bad4c2e3,True,False,internal/dcraw_common.cpp,scale_colors(),3448,3585,118
libraw/libraw,CVE-2017-6887,664,701847c3da8dd447872074aca94d6cc7bad4c2e3,True,False,internal/dcraw_common.cpp,parse_cine(),6125,6175,48
libraw/libraw,CVE-2017-6887,664,701847c3da8dd447872074aca94d6cc7bad4c2e3,True,False,internal/dcraw_common.cpp,kodak_yrgb_load_raw(),2454,2481,25
libraw/libraw,CVE-2017-6887,664,701847c3da8dd447872074aca94d6cc7bad4c2e3,True,False,dcraw/dcraw.c,getreal( int type),353,375,22
libraw/libraw,CVE-2017-6887,664,701847c3da8dd447872074aca94d6cc7bad4c2e3,True,False,internal/dcraw_common.cpp,romm_coeff( float romm_cam [ 3 ] [ 3 ]),4801,4816,13
libraw/libraw,CVE-2017-6887,664,701847c3da8dd447872074aca94d6cc7bad4c2e3,True,False,internal/dcraw_common.cpp,ppg_interpolate(),3844,3913,48
libraw/libraw,CVE-2017-6887,664,701847c3da8dd447872074aca94d6cc7bad4c2e3,True,False,dcraw/dcraw.c,"ph1_bithuff( int nbits , ushort * huff)",1809,1838,20
libraw/libraw,CVE-2017-6887,664,701847c3da8dd447872074aca94d6cc7bad4c2e3,False,False,src/libraw_c_api.cpp,libraw_set_memerror_handler,122,128,6
libraw/libraw,CVE-2017-6887,664,701847c3da8dd447872074aca94d6cc7bad4c2e3,True,False,internal/dcraw_common.cpp,get2(),57,62,6
libraw/libraw,CVE-2017-6887,664,701847c3da8dd447872074aca94d6cc7bad4c2e3,False,False,libraw/libraw_datastream.h,LibRaw_bigfile_datastream::subfile_close(),465,471,7
libraw/libraw,CVE-2017-6887,664,701847c3da8dd447872074aca94d6cc7bad4c2e3,False,False,src/libraw_cxx.cpp,LibRaw::merror,374,383,10
libraw/libraw,CVE-2017-6887,664,701847c3da8dd447872074aca94d6cc7bad4c2e3,True,False,internal/dcraw_common.cpp,smal_v9_load_raw(),2988,3006,18
libraw/libraw,CVE-2017-6887,664,701847c3da8dd447872074aca94d6cc7bad4c2e3,True,False,internal/dcraw_common.cpp,"if( ! strcmp(model,""QV-R51""))",8186,8190,5
libraw/libraw,CVE-2017-6887,664,701847c3da8dd447872074aca94d6cc7bad4c2e3,True,False,dcraw/dcraw.c,phase_one_load_raw(),1753,1807,51
libraw/libraw,CVE-2017-6887,664,701847c3da8dd447872074aca94d6cc7bad4c2e3,True,False,dcraw/dcraw.c,subtract( const char * fname),3392,3449,45
libraw/libraw,CVE-2017-6887,664,701847c3da8dd447872074aca94d6cc7bad4c2e3,True,False,internal/dcraw_common.cpp,"parse_makernote( int base , int uptag)",4396,4722,296
libraw/libraw,CVE-2017-6887,664,701847c3da8dd447872074aca94d6cc7bad4c2e3,True,False,dcraw/dcraw.c,canon_has_lowbits(),760,774,14
libraw/libraw,CVE-2017-6887,664,701847c3da8dd447872074aca94d6cc7bad4c2e3,False,False,libraw/libraw_datastream.h,"LibRaw_buffer_datastream::LibRaw_buffer_datastream( void * buffer , size_t bsize)",209,210,2
libraw/libraw,CVE-2017-6887,664,701847c3da8dd447872074aca94d6cc7bad4c2e3,True,False,dcraw/dcraw.c,parse_phase_one( int base),6378,6446,66
libraw/libraw,CVE-2017-6887,664,701847c3da8dd447872074aca94d6cc7bad4c2e3,False,False,src/libraw_c_api.cpp,libraw_set_dataerror_handler,129,135,6
libraw/libraw,CVE-2017-6887,664,701847c3da8dd447872074aca94d6cc7bad4c2e3,False,False,libraw/libraw_const.h,,-1,-1,-1
libraw/libraw,CVE-2017-6887,664,701847c3da8dd447872074aca94d6cc7bad4c2e3,True,False,internal/dcraw_common.cpp,adobe_dng_load_raw_nc(),908,927,19
libraw/libraw,CVE-2017-6887,664,701847c3da8dd447872074aca94d6cc7bad4c2e3,False,False,libraw/libraw_alloc.h,DllDeflibraw_memmgr::malloc,40,45,6
libraw/libraw,CVE-2017-6887,664,701847c3da8dd447872074aca94d6cc7bad4c2e3,False,False,libraw/libraw_datastream.h,LibRaw_file_datastream::subfile_open( const char * fn),163,179,15
libraw/libraw,CVE-2017-6887,664,701847c3da8dd447872074aca94d6cc7bad4c2e3,True,False,dcraw/dcraw.c,lin_interpolate(),4094,4144,41
libraw/libraw,CVE-2017-6887,664,701847c3da8dd447872074aca94d6cc7bad4c2e3,True,False,internal/dcraw_common.cpp,nikon_3700(),1120,1141,21
libraw/libraw,CVE-2017-6887,664,701847c3da8dd447872074aca94d6cc7bad4c2e3,True,False,internal/dcraw_common.cpp,hasselblad_load_raw(),1669,1707,34
libraw/libraw,CVE-2017-6887,664,701847c3da8dd447872074aca94d6cc7bad4c2e3,False,False,libraw/libraw_types.h,,-1,-1,-1
libraw/libraw,CVE-2017-6887,664,701847c3da8dd447872074aca94d6cc7bad4c2e3,False,False,libraw/libraw_datastream.h,"LibRaw_buffer_datastream::scanf_one( const char * fmt , void * val)",314,340,24
libraw/libraw,CVE-2017-6887,664,701847c3da8dd447872074aca94d6cc7bad4c2e3,False,False,libraw/libraw_datastream.h,"LibRaw_file_datastream::scanf_one( const char * fmt , void * val)",140,160,17
libraw/libraw,CVE-2017-6887,664,701847c3da8dd447872074aca94d6cc7bad4c2e3,False,False,libraw/libraw_alloc.h,DllDeflibraw_memmgr::realloc,52,58,7
libraw/libraw,CVE-2017-6887,664,701847c3da8dd447872074aca94d6cc7bad4c2e3,True,False,dcraw/dcraw.c,ahd_interpolate(),4578,4649,50
libraw/libraw,CVE-2017-6887,664,701847c3da8dd447872074aca94d6cc7bad4c2e3,True,False,internal/dcraw_common.cpp,"parse_ciff( int offset , int length)",5737,5854,104
libraw/libraw,CVE-2017-6887,664,701847c3da8dd447872074aca94d6cc7bad4c2e3,True,False,internal/dcraw_common.cpp,apply_tiff(),5462,5579,117
libraw/libraw,CVE-2017-6887,664,701847c3da8dd447872074aca94d6cc7bad4c2e3,False,False,libraw/libraw_datastream.h,"LibRaw_abstract_datastream::tempbuffer_open( void * buf , size_t size)",348,353,6
libraw/libraw,CVE-2017-6887,664,701847c3da8dd447872074aca94d6cc7bad4c2e3,True,False,dcraw/dcraw.c,get4(),334,339,6
libraw/libraw,CVE-2017-6887,664,701847c3da8dd447872074aca94d6cc7bad4c2e3,False,False,src/libraw_cxx.cpp,LibRaw::open_datastream,633,728,73
libraw/libraw,CVE-2017-6887,664,701847c3da8dd447872074aca94d6cc7bad4c2e3,True,False,dcraw/dcraw.c,layer_thumb(),1503,1518,15
libraw/libraw,CVE-2017-6887,664,701847c3da8dd447872074aca94d6cc7bad4c2e3,True,False,internal/dcraw_common.cpp,smal_v6_load_raw(),2937,2947,10
libraw/libraw,CVE-2017-6887,664,701847c3da8dd447872074aca94d6cc7bad4c2e3,False,False,libraw/libraw_datastream.h,LibRaw_file_datastream::~LibRaw_file_datastream(),88,88,1
libraw/libraw,CVE-2017-6887,664,701847c3da8dd447872074aca94d6cc7bad4c2e3,True,False,internal/dcraw_common.cpp,"if( ! strcmp(model,""QuickTake 100""))",8120,8132,13
libraw/libraw,CVE-2017-6887,664,701847c3da8dd447872074aca94d6cc7bad4c2e3,True,False,internal/dcraw_common.cpp,median_filter(),4210,4241,27
libraw/libraw,CVE-2017-6887,664,701847c3da8dd447872074aca94d6cc7bad4c2e3,False,False,libraw/libraw_datastream.h,LibRaw_abstract_datastream::subfile_open( const char *),66,66,1
libraw/libraw,CVE-2017-6887,664,701847c3da8dd447872074aca94d6cc7bad4c2e3,True,False,dcraw/dcraw.c,"parse_thumb_note( int base , unsigned toff , unsigned tlen)",4827,4838,11
libraw/libraw,CVE-2017-6887,664,701847c3da8dd447872074aca94d6cc7bad4c2e3,True,False,internal/dcraw_common.cpp,"if( ! strcmp(model,""EX-Z75""))",8213,8218,6
libraw/libraw,CVE-2017-6887,664,701847c3da8dd447872074aca94d6cc7bad4c2e3,False,False,samples/raw-identify.cpp,main,36,147,98
libraw/libraw,CVE-2017-6887,664,701847c3da8dd447872074aca94d6cc7bad4c2e3,False,False,libraw/libraw.h,DllDefLibRaw::~LibRaw,133,133,1
libraw/libraw,CVE-2017-6887,664,701847c3da8dd447872074aca94d6cc7bad4c2e3,True,False,internal/dcraw_common.cpp,"if( ! strcmp(model,""EX-Z750""))",8218,8223,6
libraw/libraw,CVE-2017-6887,664,701847c3da8dd447872074aca94d6cc7bad4c2e3,True,False,dcraw/dcraw.c,"gamma_curve( double pwr , double ts , int mode , int imax)",3483,3516,33
libraw/libraw,CVE-2017-6887,664,701847c3da8dd447872074aca94d6cc7bad4c2e3,True,False,internal/dcraw_common.cpp,"if( ! strcmp(model,""EX-S100""))",8195,8199,5
libraw/libraw,CVE-2017-6887,664,701847c3da8dd447872074aca94d6cc7bad4c2e3,False,False,src/libraw_c_api.cpp,libraw_versionNumber,48,48,1
libraw/libraw,CVE-2017-6887,664,701847c3da8dd447872074aca94d6cc7bad4c2e3,False,False,libraw/libraw_alloc.h,DllDeflibraw_memmgr::calloc,46,51,6
libraw/libraw,CVE-2017-6887,664,701847c3da8dd447872074aca94d6cc7bad4c2e3,False,False,src/libraw_c_api.cpp,libraw_subtract_black,64,69,6
libraw/libraw,CVE-2017-6887,664,701847c3da8dd447872074aca94d6cc7bad4c2e3,True,False,dcraw/dcraw.c,"my_memmem( char * haystack , size_t haystacklen , char * needle , size_t needlelen)",277,285,9
libraw/libraw,CVE-2017-6887,664,701847c3da8dd447872074aca94d6cc7bad4c2e3,True,False,internal/dcraw_common.cpp,"if( ! strcmp(model,""QV-4000""))",8171,8176,6
libraw/libraw,CVE-2013-2127,664,a667bb32cf9c8a7e553af91e25f84303a5caf7ad,True,False,src/libraw_cxx.cpp,LibRaw::LibRaw,173,211,35
libraw/libraw,CVE-2013-2127,664,a667bb32cf9c8a7e553af91e25f84303a5caf7ad,False,False,libraw/libraw_types.h,,-1,-1,-1
libraw/libraw,CVE-2013-2127,664,a667bb32cf9c8a7e553af91e25f84303a5caf7ad,False,False,internal/dcraw_common.cpp,scale_colors,3167,3294,111
libraw/libraw,CVE-2013-2127,664,a667bb32cf9c8a7e553af91e25f84303a5caf7ad,False,False,dcraw/dcraw.c,lossy_dng_load_raw,2322,2386,61
libraw/libraw,CVE-2013-2127,664,a667bb32cf9c8a7e553af91e25f84303a5caf7ad,True,False,src/libraw_cxx.cpp,LibRaw::scale_colors_loop,1763,1787,24
libraw/libraw,CVE-2013-2127,664,a667bb32cf9c8a7e553af91e25f84303a5caf7ad,False,False,dcraw/dcraw.c,scale_colors,4307,4434,111
libraw/libraw,CVE-2013-2127,664,a667bb32cf9c8a7e553af91e25f84303a5caf7ad,True,True,src/libraw_cxx.cpp,LibRaw::subtract_black,1635,1677,28
libraw/libraw,CVE-2013-2127,664,a667bb32cf9c8a7e553af91e25f84303a5caf7ad,False,False,internal/dcraw_common.cpp,lossy_dng_load_raw,2053,2117,61
libraw/libraw,CVE-2013-2127,664,d7fda156ff7e54f1b93bc24ce921f73c8f7109ec,True,False,src/libraw_cxx.cpp,LibRaw::adjust_maximum,522,542,18
libraw/libraw,CVE-2013-2127,664,d7fda156ff7e54f1b93bc24ce921f73c8f7109ec,True,False,src/libraw_cxx.cpp,LibRaw::get_decoder_info,280,520,224
libraw/libraw,CVE-2013-2127,664,d7fda156ff7e54f1b93bc24ce921f73c8f7109ec,True,True,src/libraw_cxx.cpp,LibRaw::exp_bef,1676,1728,47
libraw/libraw,CVE-2013-2127,664,d7fda156ff7e54f1b93bc24ce921f73c8f7109ec,False,False,libraw/libraw_types.h,,-1,-1,-1
libraw/libraw,CVE-2013-2127,664,d7fda156ff7e54f1b93bc24ce921f73c8f7109ec,True,False,src/libraw_cxx.cpp,LibRaw::raw2image_ex,972,1042,60
libraw/libraw,CVE-2013-2127,664,d7fda156ff7e54f1b93bc24ce921f73c8f7109ec,True,True,src/libraw_cxx.cpp,LibRaw::subtract_black,1635,1672,32
libraw/libraw,CVE-2013-2127,664,d7fda156ff7e54f1b93bc24ce921f73c8f7109ec,True,True,src/libraw_cxx.cpp,LibRaw::dcraw_process,1770,1996,174
libraw/libraw,CVE-2013-2127,664,c2c12e10745c2749d21cb8d6a8e9a11aae96820a,False,False,libraw/libraw_types.h,,-1,-1,-1
libraw/libraw,CVE-2013-2127,664,c2c12e10745c2749d21cb8d6a8e9a11aae96820a,False,False,internal/dcraw_common.cpp,nikon_compressed_load_raw,1233,1331,79
libraw/libraw,CVE-2013-2127,664,c2c12e10745c2749d21cb8d6a8e9a11aae96820a,False,False,samples/4channels.cpp,main,40,179,121
libraw/libraw,CVE-2013-2127,664,c2c12e10745c2749d21cb8d6a8e9a11aae96820a,False,False,dcraw/dcraw.c,kodak_ycbcr_load_raw,3027,3057,27
libraw/libraw,CVE-2013-2127,664,c2c12e10745c2749d21cb8d6a8e9a11aae96820a,True,False,src/libraw_cxx.cpp,LibRaw::unpack,732,894,136
libraw/libraw,CVE-2013-2127,664,c2c12e10745c2749d21cb8d6a8e9a11aae96820a,False,False,dcraw/dcraw.c,nikon_compressed_load_raw,1511,1609,79
libraw/libraw,CVE-2013-2127,664,c2c12e10745c2749d21cb8d6a8e9a11aae96820a,False,False,internal/dcraw_common.cpp,,-1,-1,-1
libraw/libraw,CVE-2013-2127,664,c2c12e10745c2749d21cb8d6a8e9a11aae96820a,False,False,samples/multirender_test.cpp,main,66,106,35
libraw/libraw,CVE-2013-2127,664,c2c12e10745c2749d21cb8d6a8e9a11aae96820a,False,False,libraw/libraw_internal.h,,-1,-1,-1
libraw/libraw,CVE-2013-2127,664,c2c12e10745c2749d21cb8d6a8e9a11aae96820a,False,False,internal/dcraw_common.cpp,kodak_ycbcr_load_raw,2742,2772,27
libraw/libraw,CVE-2013-2127,664,c2c12e10745c2749d21cb8d6a8e9a11aae96820a,False,False,samples/multirender_test.cpp,process_once,40,62,19
libraw/libraw,CVE-2013-2127,664,c2c12e10745c2749d21cb8d6a8e9a11aae96820a,False,False,internal/dcraw_common.cpp,kodak_65000_load_raw,2717,2740,20
libraw/libraw,CVE-2013-2127,664,c2c12e10745c2749d21cb8d6a8e9a11aae96820a,False,False,internal/dcraw_fileio.cpp,,-1,-1,-1
libraw/libraw,CVE-2013-2127,664,c2c12e10745c2749d21cb8d6a8e9a11aae96820a,False,False,libraw/libraw_version.h,,-1,-1,-1
libraw/libraw,CVE-2013-2127,664,c2c12e10745c2749d21cb8d6a8e9a11aae96820a,True,False,src/libraw_cxx.cpp,LibRaw::raw2image,896,993,82
libraw/libraw,CVE-2013-2127,664,c2c12e10745c2749d21cb8d6a8e9a11aae96820a,True,True,src/libraw_cxx.cpp,LibRaw::dcraw_process,1852,2058,158
libraw/libraw,CVE-2013-2127,664,c2c12e10745c2749d21cb8d6a8e9a11aae96820a,False,False,dcraw/dcraw.c,phase_one_load_raw,1991,2037,42
libraw/libraw,CVE-2013-2127,664,c2c12e10745c2749d21cb8d6a8e9a11aae96820a,True,True,src/libraw_cxx.cpp,LibRaw::subtract_black,1735,1795,54
libraw/libraw,CVE-2013-2127,664,c2c12e10745c2749d21cb8d6a8e9a11aae96820a,False,False,libraw/libraw.h,,-1,-1,-1
libraw/libraw,CVE-2013-2127,664,c2c12e10745c2749d21cb8d6a8e9a11aae96820a,False,False,internal/dcraw_common.cpp,phase_one_load_raw,1709,1755,42
libraw/libraw,CVE-2013-2127,664,c2c12e10745c2749d21cb8d6a8e9a11aae96820a,False,False,internal/dcraw_fileio.cpp,bad_pixels,38,96,42
libraw/libraw,CVE-2013-2127,664,c2c12e10745c2749d21cb8d6a8e9a11aae96820a,True,False,src/libraw_cxx.cpp,LibRaw::dcraw_document_mode_processing,996,1104,83
libraw/libraw,CVE-2013-2127,664,c2c12e10745c2749d21cb8d6a8e9a11aae96820a,False,False,dcraw/dcraw.c,kodak_65000_load_raw,3002,3025,20
libraw/libraw,CVE-2013-2127,664,97b1bd7db833ff6c303ef0871b8e31f4434bf33c,True,True,src/libraw_cxx.cpp,LibRaw::exp_bef,1576,1624,45
libraw/libraw,CVE-2013-2127,664,97b1bd7db833ff6c303ef0871b8e31f4434bf33c,False,False,dcraw/dcraw.c,ahd_interpolate,4867,4940,50
libraw/libraw,CVE-2013-2127,664,97b1bd7db833ff6c303ef0871b8e31f4434bf33c,True,False,src/libraw_cxx.cpp,,-1,-1,-1
libraw/libraw,CVE-2013-2127,664,97b1bd7db833ff6c303ef0871b8e31f4434bf33c,False,False,samples/dcraw_emu.cpp,main,170,468,248
libraw/libraw,CVE-2013-2127,664,97b1bd7db833ff6c303ef0871b8e31f4434bf33c,False,False,libraw/libraw_version.h,,-1,-1,-1
libraw/libraw,CVE-2013-2127,664,97b1bd7db833ff6c303ef0871b8e31f4434bf33c,False,False,internal/dcraw_common.cpp,ahd_interpolate,4419,4492,50
libraw/libraw,CVE-2020-15503,707,d1975cb0e055d2bfe58c9d845c9a3e57c346a2f9,False,False,src/decoders/kodak_decoders.cpp,LibRaw::kodak_c603_load_raw(),292,328,36
libraw/libraw,CVE-2020-15503,707,d1975cb0e055d2bfe58c9d845c9a3e57c346a2f9,False,False,src/libraw_c_api.cpp,libraw_dcraw_make_mem_thumb,241,252,12
libraw/libraw,CVE-2020-15503,707,d1975cb0e055d2bfe58c9d845c9a3e57c346a2f9,False,False,src/libraw_datastream.cpp,LibRaw_bigfile_datastream::LibRaw_bigfile_datastream( const wchar_t * fname),445,465,18
libraw/libraw,CVE-2020-15503,707,d1975cb0e055d2bfe58c9d845c9a3e57c346a2f9,False,False,src/utils/utils_dcraw.cpp,LibRaw::strnlen,48,56,6
libraw/libraw,CVE-2020-15503,707,d1975cb0e055d2bfe58c9d845c9a3e57c346a2f9,False,False,src/metadata/p1.cpp,LibRaw::setPhaseOneFeatures,18,190,170
libraw/libraw,CVE-2020-15503,707,d1975cb0e055d2bfe58c9d845c9a3e57c346a2f9,False,False,src/demosaic/dcb_demosaic.cpp,LibRaw::dcb_correction2,500,525,23
libraw/libraw,CVE-2020-15503,707,d1975cb0e055d2bfe58c9d845c9a3e57c346a2f9,False,False,src/utils/curves.cpp,LibRaw::linear_table,140,151,12
libraw/libraw,CVE-2020-15503,707,d1975cb0e055d2bfe58c9d845c9a3e57c346a2f9,False,False,src/metadata/sony.cpp,saneSonyCameraInfo,17,45,29
libraw/libraw,CVE-2020-15503,707,d1975cb0e055d2bfe58c9d845c9a3e57c346a2f9,False,False,src/decoders/decoders_libraw.cpp,LibRaw::panasonicC7_load_raw,419,476,58
libraw/libraw,CVE-2020-15503,707,d1975cb0e055d2bfe58c9d845c9a3e57c346a2f9,False,False,src/metadata/pentax.cpp,LibRaw::PentaxISO,101,130,29
libraw/libraw,CVE-2020-15503,707,d1975cb0e055d2bfe58c9d845c9a3e57c346a2f9,False,False,src/decoders/crx.cpp,"crxSetupSubbandData( CrxImage * img , CrxPlaneComp * planeComp , const CrxTile * tile , uint32_t mdatOffset)",1774,1903,109
libraw/libraw,CVE-2020-15503,707,d1975cb0e055d2bfe58c9d845c9a3e57c346a2f9,True,False,src/postprocessing/mem_image.cpp,LibRaw::dcraw_clear_mem,256,260,5
libraw/libraw,CVE-2020-15503,707,d1975cb0e055d2bfe58c9d845c9a3e57c346a2f9,False,False,src/decoders/decoders_dcraw.cpp,LibRaw::getbithuff,21,61,29
libraw/libraw,CVE-2020-15503,707,d1975cb0e055d2bfe58c9d845c9a3e57c346a2f9,False,False,src/x3f/x3f_utils_patched.cpp,x3f_load_huffman_compressed,1390,1411,17
libraw/libraw,CVE-2020-15503,707,d1975cb0e055d2bfe58c9d845c9a3e57c346a2f9,False,False,samples/unprocessed_raw.cpp,gamma_curve,201,250,48
libraw/libraw,CVE-2020-15503,707,d1975cb0e055d2bfe58c9d845c9a3e57c346a2f9,False,False,src/utils/open.cpp,"LibRaw::open_buffer( void * buffer , size_t size)",114,147,32
libraw/libraw,CVE-2020-15503,707,d1975cb0e055d2bfe58c9d845c9a3e57c346a2f9,False,False,src/metadata/leica.cpp,LibRaw::parseLeicaMakernote,176,357,176
libraw/libraw,CVE-2020-15503,707,d1975cb0e055d2bfe58c9d845c9a3e57c346a2f9,False,False,samples/half_mt.c,usage,106,116,11
libraw/libraw,CVE-2020-15503,707,d1975cb0e055d2bfe58c9d845c9a3e57c346a2f9,False,False,src/decoders/crx.cpp,"crxIdwt53FilterGetLine( CrxPlaneComp * comp , int32_t level)",1188,1197,10
libraw/libraw,CVE-2020-15503,707,d1975cb0e055d2bfe58c9d845c9a3e57c346a2f9,False,False,src/decoders/fuji_compressed.cpp,bitDiff,372,379,8
libraw/libraw,CVE-2020-15503,707,d1975cb0e055d2bfe58c9d845c9a3e57c346a2f9,False,False,src/x3f/x3f_parse_process.cpp,,-1,-1,-1
libraw/libraw,CVE-2020-15503,707,d1975cb0e055d2bfe58c9d845c9a3e57c346a2f9,False,False,src/metadata/identify.cpp,LibRaw::cameramakeridx2maker,113,119,7
libraw/libraw,CVE-2020-15503,707,d1975cb0e055d2bfe58c9d845c9a3e57c346a2f9,False,False,src/decoders/dng.cpp,"LibRaw::adobe_copy_pixel( unsigned row , unsigned col , ushort ** rp)",27,48,21
libraw/libraw,CVE-2020-15503,707,d1975cb0e055d2bfe58c9d845c9a3e57c346a2f9,False,False,samples/dcraw_emu.cpp,"main( int argc , char * argv [ ])",236,653,377
libraw/libraw,CVE-2020-15503,707,d1975cb0e055d2bfe58c9d845c9a3e57c346a2f9,False,False,src/libraw_datastream.cpp,"LibRaw_bigfile_datastream::read( void * ptr , size_t size , size_t nmemb)",486,490,5
libraw/libraw,CVE-2020-15503,707,d1975cb0e055d2bfe58c9d845c9a3e57c346a2f9,False,False,src/decoders/crx.cpp,"crxFreeSubbandData( CrxImage * image , CrxPlaneComp * comp)",1631,1652,20
libraw/libraw,CVE-2020-15503,707,d1975cb0e055d2bfe58c9d845c9a3e57c346a2f9,False,False,src/metadata/nikon.cpp,LibRaw::parseNikonMakernote,179,760,540
libraw/libraw,CVE-2020-15503,707,d1975cb0e055d2bfe58c9d845c9a3e57c346a2f9,False,False,src/demosaic/dcb_demosaic.cpp,LibRaw::fbdd,806,838,26
libraw/libraw,CVE-2020-15503,707,d1975cb0e055d2bfe58c9d845c9a3e57c346a2f9,False,False,src/x3f/x3f_utils_patched.cpp,x3f_load_image_block,2085,2105,18
libraw/libraw,CVE-2020-15503,707,d1975cb0e055d2bfe58c9d845c9a3e57c346a2f9,False,False,src/preprocessing/raw2image.cpp,LibRaw::raw2image_ex,295,558,235
libraw/libraw,CVE-2020-15503,707,d1975cb0e055d2bfe58c9d845c9a3e57c346a2f9,False,False,src/decoders/fp_dng.cpp,__DNG_FP24ToFloat( const unsigned char * input),57,95,38
libraw/libraw,CVE-2020-15503,707,d1975cb0e055d2bfe58c9d845c9a3e57c346a2f9,False,False,src/demosaic/dht_demosaic.cpp,DHT::make_diag_dline,579,603,21
libraw/libraw,CVE-2020-15503,707,d1975cb0e055d2bfe58c9d845c9a3e57c346a2f9,False,False,src/demosaic/ahd_demosaic.cpp,LibRaw::ahd_interpolate_combine_homogeneous_pixels,239,294,52
libraw/libraw,CVE-2020-15503,707,d1975cb0e055d2bfe58c9d845c9a3e57c346a2f9,False,False,src/tables/cameralist.cpp,LibRaw::cameraList,1152,1152,1
libraw/libraw,CVE-2020-15503,707,d1975cb0e055d2bfe58c9d845c9a3e57c346a2f9,False,False,src/write/file_write.cpp,LibRaw::tiff_head,57,136,79
libraw/libraw,CVE-2020-15503,707,d1975cb0e055d2bfe58c9d845c9a3e57c346a2f9,False,False,samples/raw-identify.cpp,close_mapping( struct file_mapping & data),320,338,16
libraw/libraw,CVE-2020-15503,707,d1975cb0e055d2bfe58c9d845c9a3e57c346a2f9,False,False,src/decoders/fp_dng.cpp,__DNG_HalfToFloat( ushort halfValue),18,55,38
libraw/libraw,CVE-2020-15503,707,d1975cb0e055d2bfe58c9d845c9a3e57c346a2f9,False,False,samples/raw-identify.cpp,"print_compactfun( FILE * outfile , LibRaw & MyCoolRawProcessor , std :: string & fn)",1259,1279,21
libraw/libraw,CVE-2020-15503,707,d1975cb0e055d2bfe58c9d845c9a3e57c346a2f9,False,False,src/decoders/crx.cpp,"crxDecodeLine( CrxBandParam * param , uint8_t * bandBuf)",945,1058,112
libraw/libraw,CVE-2020-15503,707,d1975cb0e055d2bfe58c9d845c9a3e57c346a2f9,False,False,src/decoders/decoders_libraw.cpp,,-1,-1,-1
libraw/libraw,CVE-2020-15503,707,d1975cb0e055d2bfe58c9d845c9a3e57c346a2f9,False,False,src/x3f/x3f_utils_patched.cpp,x3f_setup_camf_text_entry,1770,1774,5
libraw/libraw,CVE-2020-15503,707,d1975cb0e055d2bfe58c9d845c9a3e57c346a2f9,False,False,src/postprocessing/postprocessing_utils.cpp,LibRaw::convert_to_rgb_loop,79,104,26
libraw/libraw,CVE-2020-15503,707,d1975cb0e055d2bfe58c9d845c9a3e57c346a2f9,False,False,src/demosaic/dht_demosaic.cpp,DHT::get_hv_rbg,98,133,36
libraw/libraw,CVE-2020-15503,707,d1975cb0e055d2bfe58c9d845c9a3e57c346a2f9,False,False,src/libraw_datastream.cpp,"LibRaw_bigfile_datastream::seek( INT64 o , int whence)",498,510,7
libraw/libraw,CVE-2020-15503,707,d1975cb0e055d2bfe58c9d845c9a3e57c346a2f9,False,False,src/utils/open.cpp,"LibRaw::open_bayer( unsigned char * buffer , unsigned datalen , ushort _raw_width , ushort _raw_height , ushort _left_margin , ushort _top_margin , ushort _right_margin , ushort _bottom_margin , unsigned char procflags , unsigned char bayer_pattern , unsigned unused_bits , unsigned otherflags , unsigned black_level)",149,247,92
libraw/libraw,CVE-2020-15503,707,d1975cb0e055d2bfe58c9d845c9a3e57c346a2f9,False,False,src/decoders/decoders_dcraw.cpp,LibRaw::olympus_load_raw,1091,1147,56
libraw/libraw,CVE-2020-15503,707,d1975cb0e055d2bfe58c9d845c9a3e57c346a2f9,False,False,src/decoders/fuji_compressed.cpp,fuji_extend_generic,547,555,9
libraw/libraw,CVE-2020-15503,707,d1975cb0e055d2bfe58c9d845c9a3e57c346a2f9,False,False,src/postprocessing/aspect_ratio.cpp,LibRaw::stretch,64,110,46
libraw/libraw,CVE-2020-15503,707,d1975cb0e055d2bfe58c9d845c9a3e57c346a2f9,False,False,src/metadata/hasselblad_model.cpp,LibRaw::HassyRawFormat_idx2HR,32,38,7
libraw/libraw,CVE-2020-15503,707,d1975cb0e055d2bfe58c9d845c9a3e57c346a2f9,False,False,src/decoders/crx.cpp,"crxHorizontal53( int32_t * lineBufLA , int32_t * lineBufLB , CrxWaveletTransform * wavelet , uint32_t tileFlag)",1107,1186,73
libraw/libraw,CVE-2020-15503,707,d1975cb0e055d2bfe58c9d845c9a3e57c346a2f9,False,False,src/metadata/sony.cpp,LibRaw::process_Sony_0x0116,533,550,16
libraw/libraw,CVE-2020-15503,707,d1975cb0e055d2bfe58c9d845c9a3e57c346a2f9,False,False,src/integration/rawspeed_glue.cpp,LibRaw::fix_after_rawspeed( int),153,153,1
libraw/libraw,CVE-2020-15503,707,d1975cb0e055d2bfe58c9d845c9a3e57c346a2f9,False,False,src/decoders/kodak_decoders.cpp,"LibRaw::kodak_65000_decode( short * out , int bsize)",390,439,49
libraw/libraw,CVE-2020-15503,707,d1975cb0e055d2bfe58c9d845c9a3e57c346a2f9,False,False,src/decoders/decoders_dcraw.cpp,LibRaw::rollei_load_raw,865,895,30
libraw/libraw,CVE-2020-15503,707,d1975cb0e055d2bfe58c9d845c9a3e57c346a2f9,False,False,src/x3f/x3f_utils_patched.cpp,populate_huffman_tree,777,815,27
libraw/libraw,CVE-2020-15503,707,d1975cb0e055d2bfe58c9d845c9a3e57c346a2f9,False,False,src/metadata/tiff.cpp,,-1,-1,-1
libraw/libraw,CVE-2020-15503,707,d1975cb0e055d2bfe58c9d845c9a3e57c346a2f9,False,False,src/x3f/x3f_utils_patched.cpp,x3f_get4,71,76,6
libraw/libraw,CVE-2020-15503,707,d1975cb0e055d2bfe58c9d845c9a3e57c346a2f9,False,False,src/metadata/identify_tools.cpp,LibRaw::guess_byte_order,21,40,19
libraw/libraw,CVE-2020-15503,707,d1975cb0e055d2bfe58c9d845c9a3e57c346a2f9,False,False,src/decoders/fp_dng.cpp,,-1,-1,-1
libraw/libraw,CVE-2020-15503,707,d1975cb0e055d2bfe58c9d845c9a3e57c346a2f9,False,False,src/metadata/sony.cpp,LibRaw::sony_decrypt,96,123,19
libraw/libraw,CVE-2020-15503,707,d1975cb0e055d2bfe58c9d845c9a3e57c346a2f9,False,False,src/x3f/x3f_utils_patched.cpp,x3f_get_camf,667,670,4
libraw/libraw,CVE-2020-15503,707,d1975cb0e055d2bfe58c9d845c9a3e57c346a2f9,False,False,src/utils/utils_libraw.cpp,LibRaw::adjust_bl,458,539,72
libraw/libraw,CVE-2020-15503,707,d1975cb0e055d2bfe58c9d845c9a3e57c346a2f9,False,False,src/libraw_datastream.cpp,LibRaw_bigfile_datastream::fname(),544,547,4
libraw/libraw,CVE-2020-15503,707,d1975cb0e055d2bfe58c9d845c9a3e57c346a2f9,False,False,src/decoders/unpack.cpp,,-1,-1,-1
libraw/libraw,CVE-2020-15503,707,d1975cb0e055d2bfe58c9d845c9a3e57c346a2f9,False,False,src/demosaic/aahd_demosaic.cpp,AAHD::V( ushort3 & rgb),74,78,5
libraw/libraw,CVE-2020-15503,707,d1975cb0e055d2bfe58c9d845c9a3e57c346a2f9,False,False,src/x3f/x3f_utils_patched.cpp,set_matrix_element_info,1797,1829,33
libraw/libraw,CVE-2020-15503,707,d1975cb0e055d2bfe58c9d845c9a3e57c346a2f9,False,False,src/utils/init_close_utils.cpp,LibRaw::LibRaw,26,106,73
libraw/libraw,CVE-2020-15503,707,d1975cb0e055d2bfe58c9d845c9a3e57c346a2f9,False,False,src/x3f/x3f_utils_patched.cpp,x3f_get_prop,672,675,4
libraw/libraw,CVE-2020-15503,707,d1975cb0e055d2bfe58c9d845c9a3e57c346a2f9,False,False,samples/dcraw_emu.cpp,"my_progress_callback( void * d , enum LibRaw_progress p , int iteration , int expected)",133,154,16
libraw/libraw,CVE-2020-15503,707,d1975cb0e055d2bfe58c9d845c9a3e57c346a2f9,False,False,src/write/tiff_writer.cpp,,-1,-1,-1
libraw/libraw,CVE-2020-15503,707,d1975cb0e055d2bfe58c9d845c9a3e57c346a2f9,False,False,src/metadata/olympus.cpp,LibRaw::parseOlympus_ImageProcessing,236,419,180
libraw/libraw,CVE-2020-15503,707,d1975cb0e055d2bfe58c9d845c9a3e57c346a2f9,False,False,src/integration/rawspeed_glue.cpp,LibRaw::try_rawspeed(),156,273,108
libraw/libraw,CVE-2020-15503,707,d1975cb0e055d2bfe58c9d845c9a3e57c346a2f9,False,False,src/utils/decoder_info.cpp,,-1,-1,-1
libraw/libraw,CVE-2020-15503,707,d1975cb0e055d2bfe58c9d845c9a3e57c346a2f9,False,False,src/postprocessing/postprocessing_ph.cpp,LibRaw::fuji_rotate,24,24,1
libraw/libraw,CVE-2020-15503,707,d1975cb0e055d2bfe58c9d845c9a3e57c346a2f9,False,False,src/integration/rawspeed_glue.cpp,LibRaw::set_rawspeed_camerafile( char * filename),122,143,19
libraw/libraw,CVE-2020-15503,707,d1975cb0e055d2bfe58c9d845c9a3e57c346a2f9,False,False,src/utils/utils_dcraw.cpp,LibRaw::pseudoinverse,255,287,32
libraw/libraw,CVE-2020-15503,707,d1975cb0e055d2bfe58c9d845c9a3e57c346a2f9,False,False,src/utils/read_utils.cpp,LibRaw::sget4,38,44,7
libraw/libraw,CVE-2020-15503,707,d1975cb0e055d2bfe58c9d845c9a3e57c346a2f9,False,False,src/demosaic/dcb_demosaic.cpp,LibRaw::dcb_copy_to_buffer,238,247,9
libraw/libraw,CVE-2020-15503,707,d1975cb0e055d2bfe58c9d845c9a3e57c346a2f9,False,False,src/decoders/kodak_decoders.cpp,LibRaw::kodak_jpeg_load_raw(),168,232,59
libraw/libraw,CVE-2020-15503,707,d1975cb0e055d2bfe58c9d845c9a3e57c346a2f9,False,False,src/metadata/misc_parsers.cpp,LibRaw::parse_smal,218,239,21
libraw/libraw,CVE-2020-15503,707,d1975cb0e055d2bfe58c9d845c9a3e57c346a2f9,False,False,src/x3f/x3f_utils_patched.cpp,free_camf_entry,506,512,7
libraw/libraw,CVE-2020-15503,707,d1975cb0e055d2bfe58c9d845c9a3e57c346a2f9,False,False,libraw/libraw_alloc.h,DllDeflibraw_memmgr::malloc,44,53,7
libraw/libraw,CVE-2020-15503,707,d1975cb0e055d2bfe58c9d845c9a3e57c346a2f9,False,False,src/metadata/sony.cpp,LibRaw::process_Sony_0x9406,858,873,14
libraw/libraw,CVE-2020-15503,707,d1975cb0e055d2bfe58c9d845c9a3e57c346a2f9,False,False,src/utils/open.cpp,"LibRaw::open_file( const char * fname , INT64 max_buf_size)",18,63,41
libraw/libraw,CVE-2020-15503,707,d1975cb0e055d2bfe58c9d845c9a3e57c346a2f9,False,False,src/metadata/olympus.cpp,,-1,-1,-1
libraw/libraw,CVE-2020-15503,707,d1975cb0e055d2bfe58c9d845c9a3e57c346a2f9,False,False,src/metadata/misc_parsers.cpp,LibRaw::parse_redcine,93,123,30
libraw/libraw,CVE-2020-15503,707,d1975cb0e055d2bfe58c9d845c9a3e57c346a2f9,False,False,src/x3f/x3f_utils_patched.cpp,x3f_load_image_size,1531,1548,16
libraw/libraw,CVE-2020-15503,707,d1975cb0e055d2bfe58c9d845c9a3e57c346a2f9,False,False,samples/rawtextdump.cpp,,-1,-1,-1
libraw/libraw,CVE-2020-15503,707,d1975cb0e055d2bfe58c9d845c9a3e57c346a2f9,False,False,src/decoders/load_mfbacks.cpp,LibRaw::phase_one_load_raw,380,418,38
libraw/libraw,CVE-2020-15503,707,d1975cb0e055d2bfe58c9d845c9a3e57c346a2f9,False,False,samples/unprocessed_raw.cpp,main,49,170,108
libraw/libraw,CVE-2020-15503,707,d1975cb0e055d2bfe58c9d845c9a3e57c346a2f9,False,False,src/decoders/kodak_decoders.cpp,LibRaw::kodak_262_load_raw(),330,388,58
libraw/libraw,CVE-2020-15503,707,d1975cb0e055d2bfe58c9d845c9a3e57c346a2f9,False,False,src/decoders/load_mfbacks.cpp,LibRaw::phase_one_flat_field,26,86,60
libraw/libraw,CVE-2020-15503,707,d1975cb0e055d2bfe58c9d845c9a3e57c346a2f9,False,False,src/utils/utils_libraw.cpp,LibRaw::checkCancel,318,327,7
libraw/libraw,CVE-2020-15503,707,d1975cb0e055d2bfe58c9d845c9a3e57c346a2f9,False,False,src/x3f/x3f_utils_patched.cpp,new_huffman_tree,177,184,7
libraw/libraw,CVE-2020-15503,707,d1975cb0e055d2bfe58c9d845c9a3e57c346a2f9,False,False,src/x3f/x3f_utils_patched.cpp,x3f_load_data_size,2069,2083,13
libraw/libraw,CVE-2020-15503,707,d1975cb0e055d2bfe58c9d845c9a3e57c346a2f9,False,False,src/write/write_ph.cpp,LibRaw::jpeg_thumb_writer,34,34,1
libraw/libraw,CVE-2020-15503,707,d1975cb0e055d2bfe58c9d845c9a3e57c346a2f9,False,False,src/demosaic/dht_demosaic.cpp,DHT::make_hv_dirs,457,487,19
libraw/libraw,CVE-2020-15503,707,d1975cb0e055d2bfe58c9d845c9a3e57c346a2f9,False,False,src/metadata/tiff.cpp,ifd_size_t_cmp,1480,1486,7
libraw/libraw,CVE-2020-15503,707,d1975cb0e055d2bfe58c9d845c9a3e57c346a2f9,False,False,src/utils/phaseone_processing.cpp,LibRaw::phase_one_free_tempbuffer,27,31,5
libraw/libraw,CVE-2020-15503,707,d1975cb0e055d2bfe58c9d845c9a3e57c346a2f9,False,False,src/x3f/x3f_utils_patched.cpp,x3f_get_thumb_huffman,657,660,4
libraw/libraw,CVE-2020-15503,707,d1975cb0e055d2bfe58c9d845c9a3e57c346a2f9,False,False,src/tables/cameralist.cpp,LibRaw::cameraCount,1153,1156,4
libraw/libraw,CVE-2020-15503,707,d1975cb0e055d2bfe58c9d845c9a3e57c346a2f9,False,False,src/metadata/makernotes.cpp,LibRaw::parse_makernote_0xc634,21,305,250
libraw/libraw,CVE-2020-15503,707,d1975cb0e055d2bfe58c9d845c9a3e57c346a2f9,False,False,src/libraw_c_api.cpp,libraw_set_dataerror_handler,183,190,8
libraw/libraw,CVE-2020-15503,707,d1975cb0e055d2bfe58c9d845c9a3e57c346a2f9,False,False,src/x3f/x3f_utils_patched.cpp,simple_decode,1182,1192,9
libraw/libraw,CVE-2020-15503,707,d1975cb0e055d2bfe58c9d845c9a3e57c346a2f9,False,False,src/decoders/crx.cpp,"LibRaw::crxParseImageHeader( uchar * cmp1TagData , int nTrack)",2443,2502,53
libraw/libraw,CVE-2020-15503,707,d1975cb0e055d2bfe58c9d845c9a3e57c346a2f9,False,False,src/demosaic/dcb_demosaic.cpp,LibRaw::dcb_color3,143,174,28
libraw/libraw,CVE-2020-15503,707,d1975cb0e055d2bfe58c9d845c9a3e57c346a2f9,False,False,samples/dcraw_emu.cpp,close_mapping( struct file_mapping & data),215,233,16
libraw/libraw,CVE-2020-15503,707,d1975cb0e055d2bfe58c9d845c9a3e57c346a2f9,False,False,src/integration/dngsdk_glue.cpp,LibRaw::try_dngsdk,95,272,155
libraw/libraw,CVE-2020-15503,707,d1975cb0e055d2bfe58c9d845c9a3e57c346a2f9,False,False,src/utils/utils_dcraw.cpp,LibRaw::aRGB_coeff,134,152,17
libraw/libraw,CVE-2020-15503,707,d1975cb0e055d2bfe58c9d845c9a3e57c346a2f9,False,False,src/x3f/x3f_utils_patched.cpp,new_huffman,284,306,18
libraw/libraw,CVE-2020-15503,707,d1975cb0e055d2bfe58c9d845c9a3e57c346a2f9,False,False,src/demosaic/ahd_demosaic.cpp,LibRaw::ahd_interpolate_r_and_b_in_rgb_and_convert_to_cielab,101,163,59
libraw/libraw,CVE-2020-15503,707,d1975cb0e055d2bfe58c9d845c9a3e57c346a2f9,False,False,src/decoders/crx.cpp,"LibRaw::crxLoadDecodeLoop( void * img , int nPlanes)",2354,2370,12
libraw/libraw,CVE-2020-15503,707,d1975cb0e055d2bfe58c9d845c9a3e57c346a2f9,False,False,src/demosaic/aahd_demosaic.cpp,LibRaw::aahd_interpolate(),777,787,10
libraw/libraw,CVE-2020-15503,707,d1975cb0e055d2bfe58c9d845c9a3e57c346a2f9,False,False,src/x3f/x3f_utils_patched.cpp,x3f_load_camf_decode_type2,1550,1569,17
libraw/libraw,CVE-2020-15503,707,d1975cb0e055d2bfe58c9d845c9a3e57c346a2f9,False,False,src/metadata/exif_gps.cpp,,-1,-1,-1
libraw/libraw,CVE-2020-15503,707,d1975cb0e055d2bfe58c9d845c9a3e57c346a2f9,False,False,src/decoders/crx.cpp,"crxDecodeSymbolL1Rounded( CrxBandParam * param , int32_t doSym = 1 , int32_t doCode = 1)",427,473,41
libraw/libraw,CVE-2020-15503,707,d1975cb0e055d2bfe58c9d845c9a3e57c346a2f9,False,False,samples/raw-identify.cpp,"create_mapping( struct file_mapping & data , const std :: string & fn)",300,318,16
libraw/libraw,CVE-2020-15503,707,d1975cb0e055d2bfe58c9d845c9a3e57c346a2f9,False,False,src/decoders/kodak_decoders.cpp,LibRaw::kodak_ycbcr_load_raw(),469,505,36
libraw/libraw,CVE-2020-15503,707,d1975cb0e055d2bfe58c9d845c9a3e57c346a2f9,False,False,src/metadata/adobepano.cpp,LibRaw::parseAdobePanoMakernote,18,153,121
libraw/libraw,CVE-2020-15503,707,d1975cb0e055d2bfe58c9d845c9a3e57c346a2f9,False,False,samples/4channels.cpp,,-1,-1,-1
libraw/libraw,CVE-2020-15503,707,d1975cb0e055d2bfe58c9d845c9a3e57c346a2f9,False,False,src/libraw_datastream.cpp,LibRaw_windows_datastream::LibRaw_windows_datastream( const TCHAR * sFile),575,596,19
libraw/libraw,CVE-2020-15503,707,d1975cb0e055d2bfe58c9d845c9a3e57c346a2f9,False,False,src/decoders/fuji_compressed.cpp,fuji_fill_buffer,135,168,27
libraw/libraw,CVE-2020-15503,707,d1975cb0e055d2bfe58c9d845c9a3e57c346a2f9,False,False,libraw/libraw.h,DllDefLibRaw::get_internal_data_pointer,287,290,4
libraw/libraw,CVE-2020-15503,707,d1975cb0e055d2bfe58c9d845c9a3e57c346a2f9,False,False,src/decoders/decoders_dcraw.cpp,LibRaw::ljpeg_idct,650,687,36
libraw/libraw,CVE-2020-15503,707,d1975cb0e055d2bfe58c9d845c9a3e57c346a2f9,False,False,src/utils/curves.cpp,,-1,-1,-1
libraw/libraw,CVE-2020-15503,707,d1975cb0e055d2bfe58c9d845c9a3e57c346a2f9,False,False,src/x3f/x3f_utils_patched.cpp,,-1,-1,-1
libraw/libraw,CVE-2020-15503,707,d1975cb0e055d2bfe58c9d845c9a3e57c346a2f9,False,False,src/decoders/decoders_dcraw.cpp,LibRaw::canon_has_lowbits,185,200,15
libraw/libraw,CVE-2020-15503,707,d1975cb0e055d2bfe58c9d845c9a3e57c346a2f9,False,False,src/utils/utils_dcraw.cpp,LibRaw::cam_xyz_coeff,289,320,30
libraw/libraw,CVE-2020-15503,707,d1975cb0e055d2bfe58c9d845c9a3e57c346a2f9,False,False,src/metadata/kodak.cpp,LibRaw::Kodak_KDC_WBtags,17,25,9
libraw/libraw,CVE-2020-15503,707,d1975cb0e055d2bfe58c9d845c9a3e57c346a2f9,False,False,src/x3f/x3f_utils_patched.cpp,x3f_setup_camf_matrix_entry,1898,1936,30
libraw/libraw,CVE-2020-15503,707,d1975cb0e055d2bfe58c9d845c9a3e57c346a2f9,False,False,src/x3f/x3f_utils_patched.cpp,x3f_load_image,1494,1528,32
libraw/libraw,CVE-2020-15503,707,d1975cb0e055d2bfe58c9d845c9a3e57c346a2f9,False,False,src/demosaic/dcb_demosaic.cpp,LibRaw::dcb_color_full,313,445,120
libraw/libraw,CVE-2020-15503,707,d1975cb0e055d2bfe58c9d845c9a3e57c346a2f9,False,False,src/metadata/normalize_model.cpp,LibRaw::SetStandardIlluminants,1160,1188,26
libraw/libraw,CVE-2020-15503,707,d1975cb0e055d2bfe58c9d845c9a3e57c346a2f9,False,False,src/metadata/hasselblad_model.cpp,LibRaw::process_Hassy_Lens,40,74,30
libraw/libraw,CVE-2020-15503,707,d1975cb0e055d2bfe58c9d845c9a3e57c346a2f9,False,False,src/decoders/fp_dng.cpp,"DecodeDeltaBytes( unsigned char * bytePtr , int cols , int channels)",97,158,62
libraw/libraw,CVE-2020-15503,707,d1975cb0e055d2bfe58c9d845c9a3e57c346a2f9,False,False,src/preprocessing/ext_preprocess.cpp,,-1,-1,-1
libraw/libraw,CVE-2020-15503,707,d1975cb0e055d2bfe58c9d845c9a3e57c346a2f9,False,False,internal/libraw_const.h,,-1,-1,-1
libraw/libraw,CVE-2020-15503,707,d1975cb0e055d2bfe58c9d845c9a3e57c346a2f9,False,False,src/decoders/crx.cpp,"crxIdwt53FilterTransform( CrxPlaneComp * comp , uint32_t level)",1243,1468,204
libraw/libraw,CVE-2020-15503,707,d1975cb0e055d2bfe58c9d845c9a3e57c346a2f9,False,False,samples/dcraw_emu.cpp,,-1,-1,-1
libraw/libraw,CVE-2020-15503,707,d1975cb0e055d2bfe58c9d845c9a3e57c346a2f9,False,False,src/x3f/x3f_utils_patched.cpp,cleanup_quattro,226,237,9
libraw/libraw,CVE-2020-15503,707,d1975cb0e055d2bfe58c9d845c9a3e57c346a2f9,False,False,src/demosaic/misc_demosaic.cpp,,-1,-1,-1
libraw/libraw,CVE-2020-15503,707,d1975cb0e055d2bfe58c9d845c9a3e57c346a2f9,False,False,src/utils/utils_dcraw.cpp,LibRaw::strcasestr,72,79,8
libraw/libraw,CVE-2020-15503,707,d1975cb0e055d2bfe58c9d845c9a3e57c346a2f9,False,False,src/demosaic/dht_demosaic.cpp,DHT::Tg,55,55,1
libraw/libraw,CVE-2020-15503,707,d1975cb0e055d2bfe58c9d845c9a3e57c346a2f9,False,False,src/utils/utils_dcraw.cpp,LibRaw::sget2,81,87,7
libraw/libraw,CVE-2020-15503,707,d1975cb0e055d2bfe58c9d845c9a3e57c346a2f9,False,False,internal/x3f_tools.h,,-1,-1,-1
libraw/libraw,CVE-2020-15503,707,d1975cb0e055d2bfe58c9d845c9a3e57c346a2f9,False,False,src/postprocessing/postprocessing_aux.cpp,,-1,-1,-1
libraw/libraw,CVE-2020-15503,707,d1975cb0e055d2bfe58c9d845c9a3e57c346a2f9,False,False,src/demosaic/dht_demosaic.cpp,DHT::scale_under,178,183,6
libraw/libraw,CVE-2020-15503,707,d1975cb0e055d2bfe58c9d845c9a3e57c346a2f9,False,False,src/decoders/kodak_decoders.cpp,LibRaw::kodak_jpeg_load_raw(),160,160,1
libraw/libraw,CVE-2020-15503,707,d1975cb0e055d2bfe58c9d845c9a3e57c346a2f9,False,False,src/metadata/olympus.cpp,LibRaw::setOlympusBodyFeatures,17,47,29
libraw/libraw,CVE-2020-15503,707,d1975cb0e055d2bfe58c9d845c9a3e57c346a2f9,False,False,src/decoders/decoders_libraw.cpp,LibRaw::nikon_load_striped_packed_raw,257,309,49
libraw/libraw,CVE-2020-15503,707,d1975cb0e055d2bfe58c9d845c9a3e57c346a2f9,False,False,src/demosaic/dht_demosaic.cpp,LibRaw::dht_interpolate,1022,1034,11
libraw/libraw,CVE-2020-15503,707,d1975cb0e055d2bfe58c9d845c9a3e57c346a2f9,False,False,src/x3f/x3f_utils_patched.cpp,cleanup_true,190,205,12
libraw/libraw,CVE-2020-15503,707,d1975cb0e055d2bfe58c9d845c9a3e57c346a2f9,False,False,src/x3f/x3f_utils_patched.cpp,true_decode,996,1006,10
libraw/libraw,CVE-2020-15503,707,d1975cb0e055d2bfe58c9d845c9a3e57c346a2f9,False,False,src/x3f/x3f_utils_patched.cpp,x3f_load_jpeg,1484,1487,4
libraw/libraw,CVE-2020-15503,707,d1975cb0e055d2bfe58c9d845c9a3e57c346a2f9,False,False,samples/rawtextdump.cpp,LibRaw_bl::adjust_blacklevel,53,53,1
libraw/libraw,CVE-2020-15503,707,d1975cb0e055d2bfe58c9d845c9a3e57c346a2f9,False,False,src/write/file_write.cpp,LibRaw::jpeg_thumb_writer,138,153,16
libraw/libraw,CVE-2020-15503,707,d1975cb0e055d2bfe58c9d845c9a3e57c346a2f9,False,False,src/x3f/x3f_utils_patched.cpp,x3f_load_image_verbatim_size,1242,1248,7
libraw/libraw,CVE-2020-15503,707,d1975cb0e055d2bfe58c9d845c9a3e57c346a2f9,False,False,src/decoders/decoders_dcraw.cpp,LibRaw::sony_load_raw,1294,1324,28
libraw/libraw,CVE-2020-15503,707,d1975cb0e055d2bfe58c9d845c9a3e57c346a2f9,False,False,src/x3f/x3f_utils_patched.cpp,x3f_setup_camf_entries,1938,2011,58
libraw/libraw,CVE-2020-15503,707,d1975cb0e055d2bfe58c9d845c9a3e57c346a2f9,False,False,src/preprocessing/preprocessing_ph.cpp,,-1,-1,-1
libraw/libraw,CVE-2020-15503,707,d1975cb0e055d2bfe58c9d845c9a3e57c346a2f9,False,False,internal/defines.h,,-1,-1,-1
libraw/libraw,CVE-2020-15503,707,d1975cb0e055d2bfe58c9d845c9a3e57c346a2f9,False,False,src/decoders/fp_dng.cpp,LibRaw::have_fpdata(),450,454,5
libraw/libraw,CVE-2020-15503,707,d1975cb0e055d2bfe58c9d845c9a3e57c346a2f9,False,False,src/preprocessing/subtract_black.cpp,LibRaw::subtract_black,18,22,5
libraw/libraw,CVE-2020-15503,707,d1975cb0e055d2bfe58c9d845c9a3e57c346a2f9,False,False,src/metadata/canon.cpp,_CanonConvertEV,25,54,28
libraw/libraw,CVE-2020-15503,707,d1975cb0e055d2bfe58c9d845c9a3e57c346a2f9,False,False,src/utils/utils_libraw.cpp,LibRaw::free_image,337,348,12
libraw/libraw,CVE-2020-15503,707,d1975cb0e055d2bfe58c9d845c9a3e57c346a2f9,False,False,src/demosaic/aahd_demosaic.cpp,AAHD::Y( ushort3 & rgb),64,68,5
libraw/libraw,CVE-2020-15503,707,d1975cb0e055d2bfe58c9d845c9a3e57c346a2f9,False,False,src/tables/wblists.cpp,,-1,-1,-1
libraw/libraw,CVE-2020-15503,707,d1975cb0e055d2bfe58c9d845c9a3e57c346a2f9,False,False,src/decoders/dng.cpp,jpegErrorExit_d( j_common_ptr cinfo),170,173,4
libraw/libraw,CVE-2020-15503,707,d1975cb0e055d2bfe58c9d845c9a3e57c346a2f9,False,False,src/metadata/misc_parsers.cpp,LibRaw::parse_thumb_note,467,481,14
libraw/libraw,CVE-2020-15503,707,d1975cb0e055d2bfe58c9d845c9a3e57c346a2f9,False,False,src/demosaic/dcb_demosaic.cpp,LibRaw::fbdd_correction2,689,734,43
libraw/libraw,CVE-2020-15503,707,d1975cb0e055d2bfe58c9d845c9a3e57c346a2f9,False,False,src/postprocessing/postprocessing_utils_dcrdefs.cpp,LibRaw::convert_to_rgb,21,98,74
libraw/libraw,CVE-2020-15503,707,d1975cb0e055d2bfe58c9d845c9a3e57c346a2f9,False,False,samples/half_mt_win32.c,main,147,212,56
libraw/libraw,CVE-2020-15503,707,d1975cb0e055d2bfe58c9d845c9a3e57c346a2f9,False,False,src/metadata/sony.cpp,LibRaw::process_Sony_0x9403,845,856,10
libraw/libraw,CVE-2020-15503,707,d1975cb0e055d2bfe58c9d845c9a3e57c346a2f9,False,False,src/decoders/decoders_dcraw.cpp,LibRaw::minolta_rd175_load_raw,1149,1191,42
libraw/libraw,CVE-2020-15503,707,d1975cb0e055d2bfe58c9d845c9a3e57c346a2f9,False,False,src/demosaic/misc_demosaic.cpp,LibRaw::lin_interpolate,128,167,38
libraw/libraw,CVE-2020-15503,707,d1975cb0e055d2bfe58c9d845c9a3e57c346a2f9,False,False,libraw/libraw_datastream.h,DllDefLibRaw_abstract_datastream::~LibRaw_abstract_datastream,88,88,1
libraw/libraw,CVE-2020-15503,707,d1975cb0e055d2bfe58c9d845c9a3e57c346a2f9,False,False,src/metadata/misc_parsers.cpp,LibRaw::parse_qt,193,216,23
libraw/libraw,CVE-2020-15503,707,d1975cb0e055d2bfe58c9d845c9a3e57c346a2f9,False,False,src/write/file_write.cpp,LibRaw::flip_index,21,30,10
libraw/libraw,CVE-2020-15503,707,d1975cb0e055d2bfe58c9d845c9a3e57c346a2f9,False,False,src/x3f/x3f_utils_patched.cpp,x3f_get2,59,64,6
libraw/libraw,CVE-2020-15503,707,d1975cb0e055d2bfe58c9d845c9a3e57c346a2f9,False,False,src/metadata/identify_tools.cpp,,-1,-1,-1
libraw/libraw,CVE-2020-15503,707,d1975cb0e055d2bfe58c9d845c9a3e57c346a2f9,False,False,samples/postprocessing_benchmark.cpp,,-1,-1,-1
libraw/libraw,CVE-2020-15503,707,d1975cb0e055d2bfe58c9d845c9a3e57c346a2f9,False,False,samples/unprocessed_raw.cpp,,-1,-1,-1
libraw/libraw,CVE-2020-15503,707,d1975cb0e055d2bfe58c9d845c9a3e57c346a2f9,False,False,src/decoders/decoders_libraw_dcrdefs.cpp,LibRaw::android_loose_load_raw,112,132,20
libraw/libraw,CVE-2020-15503,707,d1975cb0e055d2bfe58c9d845c9a3e57c346a2f9,False,False,src/utils/init_close_utils.cpp,cleargps,18,24,7
libraw/libraw,CVE-2020-15503,707,d1975cb0e055d2bfe58c9d845c9a3e57c346a2f9,True,True,src/decoders/unpack_thumb.cpp,LibRaw::unpack_thumb,31,321,267
libraw/libraw,CVE-2020-15503,707,d1975cb0e055d2bfe58c9d845c9a3e57c346a2f9,False,False,src/decoders/fuji_compressed.cpp,LibRaw::fuji_bayer_decode_block,768,946,159
libraw/libraw,CVE-2020-15503,707,d1975cb0e055d2bfe58c9d845c9a3e57c346a2f9,False,False,src/demosaic/misc_demosaic.cpp,LibRaw::ppg_interpolate,344,417,57
libraw/libraw,CVE-2020-15503,707,d1975cb0e055d2bfe58c9d845c9a3e57c346a2f9,False,False,src/integration/rawspeed_glue.cpp,LibRaw::fix_after_rawspeed( int bl),145,151,7
libraw/libraw,CVE-2020-15503,707,d1975cb0e055d2bfe58c9d845c9a3e57c346a2f9,False,False,src/demosaic/dcb_demosaic.cpp,LibRaw::dcb_restore_from_buffer,250,259,9
libraw/libraw,CVE-2020-15503,707,d1975cb0e055d2bfe58c9d845c9a3e57c346a2f9,False,False,src/metadata/hasselblad_model.cpp,,-1,-1,-1
libraw/libraw,CVE-2020-15503,707,d1975cb0e055d2bfe58c9d845c9a3e57c346a2f9,False,False,samples/raw-identify.cpp,file_mapping::file_mapping(),267,267,1
libraw/libraw,CVE-2020-15503,707,d1975cb0e055d2bfe58c9d845c9a3e57c346a2f9,False,False,src/utils/read_utils.cpp,LibRaw::read_shorts,104,110,7
libraw/libraw,CVE-2020-15503,707,d1975cb0e055d2bfe58c9d845c9a3e57c346a2f9,False,False,samples/dcraw_emu.cpp,file_mapping::file_mapping(),191,191,1
libraw/libraw,CVE-2020-15503,707,d1975cb0e055d2bfe58c9d845c9a3e57c346a2f9,False,False,src/write/tiff_writer.cpp,LibRaw::dcraw_ppm_tiff_writer,21,68,42
libraw/libraw,CVE-2020-15503,707,d1975cb0e055d2bfe58c9d845c9a3e57c346a2f9,False,False,samples/half_mt_win32.c,,-1,-1,-1
libraw/libraw,CVE-2020-15503,707,d1975cb0e055d2bfe58c9d845c9a3e57c346a2f9,False,False,internal/demosaic_packs.cpp,,-1,-1,-1
libraw/libraw,CVE-2020-15503,707,d1975cb0e055d2bfe58c9d845c9a3e57c346a2f9,False,False,src/metadata/identify.cpp,LibRaw::setMakeFromIndex,99,111,12
libraw/libraw,CVE-2020-15503,707,d1975cb0e055d2bfe58c9d845c9a3e57c346a2f9,False,False,src/demosaic/dcb_demosaic.cpp,LibRaw::dcb_refinement,527,632,85
libraw/libraw,CVE-2020-15503,707,d1975cb0e055d2bfe58c9d845c9a3e57c346a2f9,False,False,src/decoders/crx.cpp,LibRaw::crxLoadRaw(),2386,2441,37
libraw/libraw,CVE-2020-15503,707,d1975cb0e055d2bfe58c9d845c9a3e57c346a2f9,False,False,samples/raw-identify.cpp,"print_timer( FILE * outfile , const starttime_t & started , int files)",493,510,18
libraw/libraw,CVE-2020-15503,707,d1975cb0e055d2bfe58c9d845c9a3e57c346a2f9,False,False,src/postprocessing/dcraw_process.cpp,,-1,-1,-1
libraw/libraw,CVE-2020-15503,707,d1975cb0e055d2bfe58c9d845c9a3e57c346a2f9,False,False,src/demosaic/aahd_demosaic.cpp,AAHD::~AAHD(),775,775,1
libraw/libraw,CVE-2020-15503,707,d1975cb0e055d2bfe58c9d845c9a3e57c346a2f9,False,False,src/decoders/decoders_dcraw.cpp,LibRaw::nikon_yuv_load_raw,836,863,27
libraw/libraw,CVE-2020-15503,707,d1975cb0e055d2bfe58c9d845c9a3e57c346a2f9,False,False,src/decoders/decoders_dcraw.cpp,,-1,-1,-1
libraw/libraw,CVE-2020-15503,707,d1975cb0e055d2bfe58c9d845c9a3e57c346a2f9,False,False,src/decoders/decoders_dcraw.cpp,LibRaw::sony_arw_load_raw,1326,1351,25
libraw/libraw,CVE-2020-15503,707,d1975cb0e055d2bfe58c9d845c9a3e57c346a2f9,False,False,src/metadata/misc_parsers.cpp,LibRaw::parse_jpeg,435,465,30
libraw/libraw,CVE-2020-15503,707,d1975cb0e055d2bfe58c9d845c9a3e57c346a2f9,False,False,src/utils/phaseone_processing.cpp,LibRaw::phase_one_subtract_black,33,102,68
libraw/libraw,CVE-2020-15503,707,d1975cb0e055d2bfe58c9d845c9a3e57c346a2f9,False,False,src/tables/colorconst.cpp,,-1,-1,-1
libraw/libraw,CVE-2020-15503,707,d1975cb0e055d2bfe58c9d845c9a3e57c346a2f9,False,False,src/write/write_ph.cpp,LibRaw::write_ppm_tiff,35,35,1
libraw/libraw,CVE-2020-15503,707,d1975cb0e055d2bfe58c9d845c9a3e57c346a2f9,False,False,src/demosaic/dcb_demosaic.cpp,LibRaw::dcb,841,903,44
libraw/libraw,CVE-2020-15503,707,d1975cb0e055d2bfe58c9d845c9a3e57c346a2f9,False,False,src/decoders/kodak_decoders.cpp,,-1,-1,-1
libraw/libraw,CVE-2020-15503,707,d1975cb0e055d2bfe58c9d845c9a3e57c346a2f9,False,False,libraw/libraw.h,DllDefLibRaw::FCF,352,368,17
libraw/libraw,CVE-2020-15503,707,d1975cb0e055d2bfe58c9d845c9a3e57c346a2f9,False,False,src/decoders/smal.cpp,LibRaw::fill_holes,129,157,28
libraw/libraw,CVE-2020-15503,707,d1975cb0e055d2bfe58c9d845c9a3e57c346a2f9,False,False,src/demosaic/xtrans_demosaic.cpp,LibRaw::xtrans_interpolate,25,363,306
libraw/libraw,CVE-2020-15503,707,d1975cb0e055d2bfe58c9d845c9a3e57c346a2f9,False,False,src/postprocessing/postprocessing_ph.cpp,LibRaw::dcraw_make_mem_thumb,29,29,1
libraw/libraw,CVE-2020-15503,707,d1975cb0e055d2bfe58c9d845c9a3e57c346a2f9,False,False,src/utils/curves.cpp,LibRaw::gamma_curve,89,138,49
libraw/libraw,CVE-2020-15503,707,d1975cb0e055d2bfe58c9d845c9a3e57c346a2f9,False,False,src/decoders/crx.cpp,"crxSetupImageData( crx_data_header_t * hdr , CrxImage * img , int16_t * outBuf , uint64_t mdatOffset , uint32_t mdatSize , uint8_t * mdatHdrPtr)",2237,2329,69
libraw/libraw,CVE-2020-15503,707,d1975cb0e055d2bfe58c9d845c9a3e57c346a2f9,False,False,src/demosaic/aahd_demosaic.cpp,AAHD::make_ahd_gline( int i),589,625,33
libraw/libraw,CVE-2020-15503,707,d1975cb0e055d2bfe58c9d845c9a3e57c346a2f9,False,False,src/metadata/kodak.cpp,,-1,-1,-1
libraw/libraw,CVE-2020-15503,707,d1975cb0e055d2bfe58c9d845c9a3e57c346a2f9,False,False,src/integration/rawspeed_glue.cpp,"CameraMetaDataLR::CameraMetaDataLR( char * data , int sz)",20,82,55
libraw/libraw,CVE-2020-15503,707,d1975cb0e055d2bfe58c9d845c9a3e57c346a2f9,False,False,src/x3f/x3f_utils_patched.cpp,data_block_size,1226,1232,7
libraw/libraw,CVE-2020-15503,707,d1975cb0e055d2bfe58c9d845c9a3e57c346a2f9,False,False,src/demosaic/dht_demosaic.cpp,DHT::refine_hv_dirs,489,522,34
libraw/libraw,CVE-2020-15503,707,d1975cb0e055d2bfe58c9d845c9a3e57c346a2f9,False,False,src/tables/colordata.cpp,,-1,-1,-1
libraw/libraw,CVE-2020-15503,707,d1975cb0e055d2bfe58c9d845c9a3e57c346a2f9,False,False,src/utils/read_utils.cpp,LibRaw::get2,31,36,6
libraw/libraw,CVE-2020-15503,707,d1975cb0e055d2bfe58c9d845c9a3e57c346a2f9,False,False,libraw/libraw_datastream.h,libraw_dng_stream::libraw_dng_stream,258,267,10
libraw/libraw,CVE-2020-15503,707,d1975cb0e055d2bfe58c9d845c9a3e57c346a2f9,False,False,src/demosaic/aahd_demosaic.cpp,AAHD::refine_ihv_dirs( int i),523,548,26
libraw/libraw,CVE-2020-15503,707,d1975cb0e055d2bfe58c9d845c9a3e57c346a2f9,False,False,src/metadata/olympus.cpp,LibRaw::parseOlympus_RawInfo,421,485,61
libraw/libraw,CVE-2020-15503,707,d1975cb0e055d2bfe58c9d845c9a3e57c346a2f9,False,False,src/demosaic/dht_demosaic.cpp,DHT::refine_ihv_dirs,524,552,29
libraw/libraw,CVE-2020-15503,707,d1975cb0e055d2bfe58c9d845c9a3e57c346a2f9,False,False,src/postprocessing/dcraw_process.cpp,LibRaw::dcraw_process,17,251,180
libraw/libraw,CVE-2020-15503,707,d1975cb0e055d2bfe58c9d845c9a3e57c346a2f9,False,False,src/decoders/canon_600.cpp,LibRaw::canon_600_fixed_wb,21,40,19
libraw/libraw,CVE-2020-15503,707,d1975cb0e055d2bfe58c9d845c9a3e57c346a2f9,False,False,src/x3f/x3f_parse_process.cpp,x3f_clear,60,60,1
libraw/libraw,CVE-2020-15503,707,d1975cb0e055d2bfe58c9d845c9a3e57c346a2f9,False,False,src/decoders/decoders_dcraw.cpp,LibRaw::pentax_load_raw,689,721,32
libraw/libraw,CVE-2020-15503,707,d1975cb0e055d2bfe58c9d845c9a3e57c346a2f9,False,False,src/utils/utils_libraw.cpp,LibRaw::version,190,190,1
libraw/libraw,CVE-2020-15503,707,d1975cb0e055d2bfe58c9d845c9a3e57c346a2f9,False,False,internal/libraw_cxx_defs.h,CameraMetaDataLR::CameraMetaDataLR(),39,39,1
libraw/libraw,CVE-2020-15503,707,d1975cb0e055d2bfe58c9d845c9a3e57c346a2f9,False,False,internal/dcraw_defs.h,,-1,-1,-1
libraw/libraw,CVE-2020-15503,707,d1975cb0e055d2bfe58c9d845c9a3e57c346a2f9,False,False,src/postprocessing/postprocessing_utils_dcrdefs.cpp,LibRaw::green_matching,244,297,50
libraw/libraw,CVE-2020-15503,707,d1975cb0e055d2bfe58c9d845c9a3e57c346a2f9,False,False,src/postprocessing/postprocessing_utils.cpp,LibRaw::scale_colors_loop,106,145,39
libraw/libraw,CVE-2020-15503,707,d1975cb0e055d2bfe58c9d845c9a3e57c346a2f9,False,False,src/x3f/x3f_utils_patched.cpp,new_node,709,720,9
libraw/libraw,CVE-2020-15503,707,d1975cb0e055d2bfe58c9d845c9a3e57c346a2f9,False,False,src/decoders/kodak_decoders.cpp,LibRaw::kodak_65000_load_raw(),441,467,26
libraw/libraw,CVE-2020-15503,707,d1975cb0e055d2bfe58c9d845c9a3e57c346a2f9,False,False,src/metadata/fuji.cpp,LibRaw::parse_fuji,789,999,207
libraw/libraw,CVE-2020-15503,707,d1975cb0e055d2bfe58c9d845c9a3e57c346a2f9,False,False,src/x3f/x3f_parse_process.cpp,_clampbits,368,374,7
libraw/libraw,CVE-2020-15503,707,d1975cb0e055d2bfe58c9d845c9a3e57c346a2f9,False,False,src/x3f/x3f_utils_patched.cpp,x3f_load_camf_decode_type4,1667,1703,22
libraw/libraw,CVE-2020-15503,707,d1975cb0e055d2bfe58c9d845c9a3e57c346a2f9,False,False,src/preprocessing/subtract_black.cpp,,-1,-1,-1
libraw/libraw,CVE-2020-15503,707,d1975cb0e055d2bfe58c9d845c9a3e57c346a2f9,False,False,src/x3f/x3f_utils_patched.cpp,x3f_get,585,620,30
libraw/libraw,CVE-2020-15503,707,d1975cb0e055d2bfe58c9d845c9a3e57c346a2f9,False,False,src/metadata/olympus.cpp,LibRaw::parseOlympus_Equipment,91,161,67
libraw/libraw,CVE-2020-15503,707,d1975cb0e055d2bfe58c9d845c9a3e57c346a2f9,False,False,samples/postprocessing_benchmark.cpp,main,38,197,147
libraw/libraw,CVE-2020-15503,707,d1975cb0e055d2bfe58c9d845c9a3e57c346a2f9,False,False,src/metadata/canon.cpp,LibRaw::Canon_WBCTpresets,463,527,63
libraw/libraw,CVE-2020-15503,707,d1975cb0e055d2bfe58c9d845c9a3e57c346a2f9,False,False,samples/dcraw_half.c,,-1,-1,-1
libraw/libraw,CVE-2020-15503,707,d1975cb0e055d2bfe58c9d845c9a3e57c346a2f9,False,False,src/metadata/nikon.cpp,,-1,-1,-1
libraw/libraw,CVE-2020-15503,707,d1975cb0e055d2bfe58c9d845c9a3e57c346a2f9,False,False,src/postprocessing/postprocessing_ph.cpp,LibRaw::dcraw_process,19,22,4
libraw/libraw,CVE-2020-15503,707,d1975cb0e055d2bfe58c9d845c9a3e57c346a2f9,False,False,src/utils/init_close_utils.cpp,,-1,-1,-1
libraw/libraw,CVE-2020-15503,707,d1975cb0e055d2bfe58c9d845c9a3e57c346a2f9,False,False,src/utils/utils_libraw.cpp,LibRaw::is_canon_600,356,356,1
libraw/libraw,CVE-2020-15503,707,d1975cb0e055d2bfe58c9d845c9a3e57c346a2f9,False,False,src/preprocessing/raw2image.cpp,LibRaw::copy_fuji_uncropped,201,253,47
libraw/libraw,CVE-2020-15503,707,d1975cb0e055d2bfe58c9d845c9a3e57c346a2f9,False,False,src/metadata/makernotes.cpp,LibRaw::parse_makernote,307,807,456
libraw/libraw,CVE-2020-15503,707,d1975cb0e055d2bfe58c9d845c9a3e57c346a2f9,False,False,src/libraw_c_api.cpp,libraw_set_progress_handler,191,198,8
libraw/libraw,CVE-2020-15503,707,d1975cb0e055d2bfe58c9d845c9a3e57c346a2f9,False,False,src/metadata/misc_parsers.cpp,LibRaw::minolta_z2,67,78,11
libraw/libraw,CVE-2020-15503,707,d1975cb0e055d2bfe58c9d845c9a3e57c346a2f9,False,False,src/demosaic/dcb_demosaic.cpp,LibRaw::dcb_decide,177,235,53
libraw/libraw,CVE-2020-15503,707,d1975cb0e055d2bfe58c9d845c9a3e57c346a2f9,False,False,src/metadata/cr3_parser.cpp,LibRaw::selectCRXTrack,18,95,76
libraw/libraw,CVE-2020-15503,707,d1975cb0e055d2bfe58c9d845c9a3e57c346a2f9,False,False,src/metadata/sony.cpp,LibRaw::process_Sony_0x9050,582,739,145
libraw/libraw,CVE-2020-15503,707,d1975cb0e055d2bfe58c9d845c9a3e57c346a2f9,False,False,src/utils/init_close_utils.cpp,LibRaw::~LibRaw,108,121,12
libraw/libraw,CVE-2020-15503,707,d1975cb0e055d2bfe58c9d845c9a3e57c346a2f9,False,False,src/write/write_ph.cpp,LibRaw::ppm_thumb,31,31,1
libraw/libraw,CVE-2020-15503,707,d1975cb0e055d2bfe58c9d845c9a3e57c346a2f9,False,False,src/decoders/crx.cpp,crxDecodeLineNoRefPrevLine( CrxBandParam * param),558,675,114
libraw/libraw,CVE-2020-15503,707,d1975cb0e055d2bfe58c9d845c9a3e57c346a2f9,False,False,libraw/libraw.h,DllDefLibRaw::raw_was_read,466,471,6
libraw/libraw,CVE-2020-15503,707,d1975cb0e055d2bfe58c9d845c9a3e57c346a2f9,False,False,src/metadata/tiff.cpp,LibRaw::apply_tiff,1488,1954,445
libraw/libraw,CVE-2020-15503,707,d1975cb0e055d2bfe58c9d845c9a3e57c346a2f9,False,False,src/metadata/olympus.cpp,LibRaw::getOlympus_CameraType2,49,69,18
libraw/libraw,CVE-2020-15503,707,d1975cb0e055d2bfe58c9d845c9a3e57c346a2f9,False,False,src/x3f/x3f_utils_patched.cpp,x3f_get_thumb_jpeg,662,665,4
libraw/libraw,CVE-2020-15503,707,d1975cb0e055d2bfe58c9d845c9a3e57c346a2f9,False,False,src/metadata/sony.cpp,LibRaw::parseSonyMakernotes,950,1667,675
libraw/libraw,CVE-2020-15503,707,d1975cb0e055d2bfe58c9d845c9a3e57c346a2f9,False,False,src/utils/curves.cpp,LibRaw::cubic_spline,21,88,67
libraw/libraw,CVE-2020-15503,707,d1975cb0e055d2bfe58c9d845c9a3e57c346a2f9,False,False,src/tables/colordata.cpp,LibRaw::simple_coeff,1710,1728,14
libraw/libraw,CVE-2020-15503,707,d1975cb0e055d2bfe58c9d845c9a3e57c346a2f9,False,False,src/libraw_datastream.cpp,"LibRaw_file_datastream::read( void * ptr , size_t size , size_t nmemb)",125,137,9
libraw/libraw,CVE-2020-15503,707,d1975cb0e055d2bfe58c9d845c9a3e57c346a2f9,False,False,src/decoders/canon_600.cpp,LibRaw::canon_600_load_raw,174,200,26
libraw/libraw,CVE-2020-15503,707,d1975cb0e055d2bfe58c9d845c9a3e57c346a2f9,False,False,src/utils/utils_libraw.cpp,LibRaw::derror,165,188,23
libraw/libraw,CVE-2020-15503,707,d1975cb0e055d2bfe58c9d845c9a3e57c346a2f9,False,False,src/utils/utils_libraw.cpp,LibRaw::malloc,237,243,7
libraw/libraw,CVE-2020-15503,707,d1975cb0e055d2bfe58c9d845c9a3e57c346a2f9,False,False,src/decoders/fp_dng.cpp,"DecodeFPDelta( unsigned char * input , unsigned char * output , int cols , int channels , int bytesPerSample)",160,218,51
libraw/libraw,CVE-2020-15503,707,d1975cb0e055d2bfe58c9d845c9a3e57c346a2f9,False,False,src/metadata/misc_parsers.cpp,LibRaw::parse_rollei,292,359,67
libraw/libraw,CVE-2020-15503,707,d1975cb0e055d2bfe58c9d845c9a3e57c346a2f9,False,False,src/metadata/olympus.cpp,LibRaw::getOlympus_SensorTemperature,71,89,19
libraw/libraw,CVE-2020-15503,707,d1975cb0e055d2bfe58c9d845c9a3e57c346a2f9,False,False,src/x3f/x3f_utils_patched.cpp,x3f_load_true,1275,1388,92
libraw/libraw,CVE-2020-15503,707,d1975cb0e055d2bfe58c9d845c9a3e57c346a2f9,False,False,src/metadata/normalize_model.cpp,LibRaw::GetNormalizedModel,19,1158,1088
libraw/libraw,CVE-2020-15503,707,d1975cb0e055d2bfe58c9d845c9a3e57c346a2f9,False,False,samples/raw-identify.cpp,"main( int ac , char * av [ ])",357,491,127
libraw/libraw,CVE-2020-15503,707,d1975cb0e055d2bfe58c9d845c9a3e57c346a2f9,False,False,src/decoders/crx.cpp,"crxConvertPlaneLine( CrxImage * img , int imageRow , int imageCol = 0 , int plane = 0 , int32_t * lineData = 0 , int lineLength = 0)",1654,1733,71
libraw/libraw,CVE-2020-15503,707,d1975cb0e055d2bfe58c9d845c9a3e57c346a2f9,False,False,src/metadata/fuji.cpp,LibRaw::parseFujiMakernotes,585,788,201
libraw/libraw,CVE-2020-15503,707,d1975cb0e055d2bfe58c9d845c9a3e57c346a2f9,False,False,src/decoders/load_mfbacks.cpp,LibRaw::unpacked_load_raw_FujiDBP,668,696,20
libraw/libraw,CVE-2020-15503,707,d1975cb0e055d2bfe58c9d845c9a3e57c346a2f9,False,False,samples/unprocessed_raw.cpp,tiff_head,272,305,33
libraw/libraw,CVE-2020-15503,707,d1975cb0e055d2bfe58c9d845c9a3e57c346a2f9,False,False,samples/raw-identify.cpp,"print_unpackfun( FILE * outfile , LibRaw & MyCoolRawProcessor , int print_frame , std :: string & fn)",1281,1293,13
libraw/libraw,CVE-2020-15503,707,d1975cb0e055d2bfe58c9d845c9a3e57c346a2f9,False,False,src/x3f/x3f_utils_patched.cpp,camf_decode_type5,1705,1730,18
libraw/libraw,CVE-2020-15503,707,d1975cb0e055d2bfe58c9d845c9a3e57c346a2f9,False,False,src/x3f/x3f_utils_patched.cpp,set_bit_state,847,851,5
libraw/libraw,CVE-2020-15503,707,d1975cb0e055d2bfe58c9d845c9a3e57c346a2f9,False,False,libraw/libraw_version.h,,-1,-1,-1
libraw/libraw,CVE-2020-15503,707,d1975cb0e055d2bfe58c9d845c9a3e57c346a2f9,False,False,samples/rawtextdump.cpp,subtract_bl,45,48,4
libraw/libraw,CVE-2020-15503,707,d1975cb0e055d2bfe58c9d845c9a3e57c346a2f9,True,False,src/utils/thumb_utils.cpp,LibRaw::thumbOK,228,262,35
libraw/libraw,CVE-2020-15503,707,d1975cb0e055d2bfe58c9d845c9a3e57c346a2f9,False,False,src/demosaic/ahd_demosaic.cpp,LibRaw::ahd_interpolate_build_homogeneity_map,176,238,59
libraw/libraw,CVE-2020-15503,707,d1975cb0e055d2bfe58c9d845c9a3e57c346a2f9,False,False,src/metadata/ciff.cpp,,-1,-1,-1
libraw/libraw,CVE-2020-15503,707,d1975cb0e055d2bfe58c9d845c9a3e57c346a2f9,False,False,src/libraw_datastream.cpp,LibRaw_file_datastream::jpeg_src( void * jpegdata),235,264,25
libraw/libraw,CVE-2020-15503,707,d1975cb0e055d2bfe58c9d845c9a3e57c346a2f9,False,False,src/x3f/x3f_utils_patched.cpp,huffman_decode,1085,1103,16
libraw/libraw,CVE-2020-15503,707,d1975cb0e055d2bfe58c9d845c9a3e57c346a2f9,False,False,src/decoders/fp_dng.cpp,"expandFloats( unsigned char * dst , int tileWidth , int bytesps)",220,252,33
libraw/libraw,CVE-2020-15503,707,d1975cb0e055d2bfe58c9d845c9a3e57c346a2f9,False,False,src/demosaic/dht_demosaic.cpp,DHT::nr_offset,58,61,4
libraw/libraw,CVE-2020-15503,707,d1975cb0e055d2bfe58c9d845c9a3e57c346a2f9,False,False,samples/simple_dcraw.cpp,main,57,186,105
libraw/libraw,CVE-2020-15503,707,d1975cb0e055d2bfe58c9d845c9a3e57c346a2f9,False,False,src/demosaic/ahd_demosaic.cpp,LibRaw::cielab,26,72,35
libraw/libraw,CVE-2020-15503,707,d1975cb0e055d2bfe58c9d845c9a3e57c346a2f9,False,False,src/utils/utils_libraw.cpp,LibRaw::is_sraw,212,216,5
libraw/libraw,CVE-2020-15503,707,d1975cb0e055d2bfe58c9d845c9a3e57c346a2f9,False,False,src/utils/utils_libraw.cpp,LibRaw::is_nikon_sraw,226,226,1
libraw/libraw,CVE-2020-15503,707,d1975cb0e055d2bfe58c9d845c9a3e57c346a2f9,False,False,libraw/libraw.h,DllDefLibRaw::libraw_powf64l,296,296,1
libraw/libraw,CVE-2020-15503,707,d1975cb0e055d2bfe58c9d845c9a3e57c346a2f9,False,False,src/utils/utils_libraw.cpp,default_data_callback,28,36,9
libraw/libraw,CVE-2020-15503,707,d1975cb0e055d2bfe58c9d845c9a3e57c346a2f9,False,False,src/demosaic/aahd_demosaic.cpp,AAHD::combine_image(),476,505,30
libraw/libraw,CVE-2020-15503,707,d1975cb0e055d2bfe58c9d845c9a3e57c346a2f9,False,False,src/metadata/pentax.cpp,LibRaw::parseRicohMakernotes,440,526,87
libraw/libraw,CVE-2020-15503,707,d1975cb0e055d2bfe58c9d845c9a3e57c346a2f9,False,False,src/x3f/x3f_utils_patched.cpp,camf_decode_type4,1577,1665,65
libraw/libraw,CVE-2020-15503,707,d1975cb0e055d2bfe58c9d845c9a3e57c346a2f9,False,False,src/utils/read_utils.cpp,LibRaw::getreal,66,102,36
libraw/libraw,CVE-2020-15503,707,d1975cb0e055d2bfe58c9d845c9a3e57c346a2f9,False,False,src/x3f/x3f_utils_patched.cpp,get_true_diff,874,912,30
libraw/libraw,CVE-2020-15503,707,d1975cb0e055d2bfe58c9d845c9a3e57c346a2f9,False,False,samples/unprocessed_raw.cpp,write_ppm,172,195,17
libraw/libraw,CVE-2020-15503,707,d1975cb0e055d2bfe58c9d845c9a3e57c346a2f9,False,False,src/utils/decoder_info.cpp,LibRaw::get_decoder_info,24,372,332
libraw/libraw,CVE-2020-15503,707,d1975cb0e055d2bfe58c9d845c9a3e57c346a2f9,False,False,src/metadata/epson.cpp,,-1,-1,-1
libraw/libraw,CVE-2020-15503,707,d1975cb0e055d2bfe58c9d845c9a3e57c346a2f9,False,False,src/metadata/misc_parsers.cpp,LibRaw::parse_cine,125,191,66
libraw/libraw,CVE-2020-15503,707,d1975cb0e055d2bfe58c9d845c9a3e57c346a2f9,False,False,src/utils/utils_libraw.cpp,LibRaw::sraw_midpoint,227,235,9
libraw/libraw,CVE-2020-15503,707,d1975cb0e055d2bfe58c9d845c9a3e57c346a2f9,False,False,src/decoders/decoders_libraw.cpp,pana_cs6_page_decoder::read_page,323,347,23
libraw/libraw,CVE-2020-15503,707,d1975cb0e055d2bfe58c9d845c9a3e57c346a2f9,False,False,src/x3f/x3f_utils_patched.cpp,add_code_to_tree,722,742,16
libraw/libraw,CVE-2020-15503,707,d1975cb0e055d2bfe58c9d845c9a3e57c346a2f9,False,False,src/write/apply_profile.cpp,,-1,-1,-1
libraw/libraw,CVE-2020-15503,707,d1975cb0e055d2bfe58c9d845c9a3e57c346a2f9,False,False,src/metadata/sony.cpp,,-1,-1,-1
libraw/libraw,CVE-2020-15503,707,d1975cb0e055d2bfe58c9d845c9a3e57c346a2f9,False,False,src/metadata/sony.cpp,LibRaw::process_Sony_0x9402,823,843,15
libraw/libraw,CVE-2020-15503,707,d1975cb0e055d2bfe58c9d845c9a3e57c346a2f9,False,False,src/demosaic/aahd_demosaic.cpp,AAHD::refine_hv_dirs(),507,521,15
libraw/libraw,CVE-2020-15503,707,d1975cb0e055d2bfe58c9d845c9a3e57c346a2f9,False,False,src/metadata/leica.cpp,LibRaw::parseLeicaLensID,98,110,13
libraw/libraw,CVE-2020-15503,707,d1975cb0e055d2bfe58c9d845c9a3e57c346a2f9,False,False,libraw/libraw.h,DllDefLibRaw::FC,279,282,4
libraw/libraw,CVE-2020-15503,707,d1975cb0e055d2bfe58c9d845c9a3e57c346a2f9,False,False,src/libraw_datastream.cpp,,-1,-1,-1
libraw/libraw,CVE-2020-15503,707,d1975cb0e055d2bfe58c9d845c9a3e57c346a2f9,False,False,src/demosaic/xtrans_demosaic.cpp,,-1,-1,-1
libraw/libraw,CVE-2020-15503,707,d1975cb0e055d2bfe58c9d845c9a3e57c346a2f9,False,False,samples/raw-identify.cpp,"print_verbose( FILE * outfile , LibRaw & MyCoolRawProcessor , std :: string & fn)",512,1132,572
libraw/libraw,CVE-2020-15503,707,d1975cb0e055d2bfe58c9d845c9a3e57c346a2f9,False,False,src/demosaic/dht_demosaic.cpp,DHT::get_hv_grb,62,97,36
libraw/libraw,CVE-2020-15503,707,d1975cb0e055d2bfe58c9d845c9a3e57c346a2f9,False,False,src/decoders/decoders_dcraw.cpp,LibRaw::redcine_load_raw,1626,1705,77
libraw/libraw,CVE-2020-15503,707,d1975cb0e055d2bfe58c9d845c9a3e57c346a2f9,False,False,src/decoders/decoders_dcraw.cpp,LibRaw::samsung_load_raw,1476,1529,53
libraw/libraw,CVE-2020-15503,707,d1975cb0e055d2bfe58c9d845c9a3e57c346a2f9,False,False,src/integration/dngsdk_glue.cpp,LibRaw::set_dng_host,273,278,4
libraw/libraw,CVE-2020-15503,707,d1975cb0e055d2bfe58c9d845c9a3e57c346a2f9,False,False,src/metadata/minolta.cpp,,-1,-1,-1
libraw/libraw,CVE-2020-15503,707,d1975cb0e055d2bfe58c9d845c9a3e57c346a2f9,False,False,src/libraw_c_api.cpp,,-1,-1,-1
libraw/libraw,CVE-2020-15503,707,d1975cb0e055d2bfe58c9d845c9a3e57c346a2f9,False,False,src/metadata/canon.cpp,LibRaw::Canon_WBpresets,435,461,21
libraw/libraw,CVE-2020-15503,707,d1975cb0e055d2bfe58c9d845c9a3e57c346a2f9,False,False,src/decoders/generic.cpp,LibRaw::packed_load_raw,40,85,45
libraw/libraw,CVE-2020-15503,707,d1975cb0e055d2bfe58c9d845c9a3e57c346a2f9,True,False,src/postprocessing/mem_image.cpp,,-1,-1,-1
libraw/libraw,CVE-2020-15503,707,d1975cb0e055d2bfe58c9d845c9a3e57c346a2f9,False,False,src/postprocessing/postprocessing_aux.cpp,"LibRaw::hat_transform( float * temp , float * base , int st , int size , int sc)",21,31,11
libraw/libraw,CVE-2020-15503,707,d1975cb0e055d2bfe58c9d845c9a3e57c346a2f9,False,False,src/utils/utils_libraw.cpp,LibRaw::is_coolscan_nef,217,220,4
libraw/libraw,CVE-2020-15503,707,d1975cb0e055d2bfe58c9d845c9a3e57c346a2f9,False,False,src/postprocessing/postprocessing_ph.cpp,LibRaw::scale_colors_loop,31,31,1
libraw/libraw,CVE-2020-15503,707,d1975cb0e055d2bfe58c9d845c9a3e57c346a2f9,False,False,src/preprocessing/preprocessing_ph.cpp,LibRaw::raw2image_start,23,23,1
libraw/libraw,CVE-2020-15503,707,d1975cb0e055d2bfe58c9d845c9a3e57c346a2f9,False,False,src/utils/utils_libraw.cpp,LibRaw::parse_custom_cameras,81,163,83
libraw/libraw,CVE-2020-15503,707,d1975cb0e055d2bfe58c9d845c9a3e57c346a2f9,False,False,src/decoders/canon_600.cpp,,-1,-1,-1
libraw/libraw,CVE-2020-15503,707,d1975cb0e055d2bfe58c9d845c9a3e57c346a2f9,False,False,src/libraw_datastream.cpp,"LibRaw_bigfile_datastream::scanf_one( const char * fmt , void * val)",532,542,8
libraw/libraw,CVE-2020-15503,707,d1975cb0e055d2bfe58c9d845c9a3e57c346a2f9,False,False,src/x3f/x3f_utils_patched.cpp,simple_decode_row,1113,1180,57
libraw/libraw,CVE-2020-15503,707,d1975cb0e055d2bfe58c9d845c9a3e57c346a2f9,False,False,src/utils/utils_libraw.cpp,LibRaw::free,259,259,1
libraw/libraw,CVE-2020-15503,707,d1975cb0e055d2bfe58c9d845c9a3e57c346a2f9,False,False,src/decoders/fuji_compressed.cpp,fuji_decode_sample_odd,458,526,59
libraw/libraw,CVE-2020-15503,707,d1975cb0e055d2bfe58c9d845c9a3e57c346a2f9,False,False,src/utils/utils_libraw.cpp,LibRaw::is_curve_linear,329,335,7
libraw/libraw,CVE-2020-15503,707,d1975cb0e055d2bfe58c9d845c9a3e57c346a2f9,False,False,src/write/file_write.cpp,,-1,-1,-1
libraw/libraw,CVE-2020-15503,707,d1975cb0e055d2bfe58c9d845c9a3e57c346a2f9,False,False,src/x3f/x3f_utils_patched.cpp,read_data_set_offset,1200,1206,6
libraw/libraw,CVE-2020-15503,707,d1975cb0e055d2bfe58c9d845c9a3e57c346a2f9,False,False,src/postprocessing/postprocessing_ph.cpp,LibRaw::lin_interpolate_loop,30,30,1
libraw/libraw,CVE-2020-15503,707,d1975cb0e055d2bfe58c9d845c9a3e57c346a2f9,False,False,src/metadata/exif_gps.cpp,LibRaw::parse_gps_libraw,257,306,49
libraw/libraw,CVE-2020-15503,707,d1975cb0e055d2bfe58c9d845c9a3e57c346a2f9,False,False,src/metadata/kodak.cpp,LibRaw::parse_kodak_ifd,73,364,261
libraw/libraw,CVE-2020-15503,707,d1975cb0e055d2bfe58c9d845c9a3e57c346a2f9,False,False,src/decoders/kodak_decoders.cpp,LibRaw::kodak_thumb_load_raw(),532,542,11
libraw/libraw,CVE-2020-15503,707,d1975cb0e055d2bfe58c9d845c9a3e57c346a2f9,False,False,src/libraw_datastream.cpp,"LibRaw_buffer_datastream::scanf_one( const char * fmt , void * val)",357,380,21
libraw/libraw,CVE-2020-15503,707,d1975cb0e055d2bfe58c9d845c9a3e57c346a2f9,False,False,src/decoders/decoders_libraw.cpp,unpack7bytesto4x16,131,137,7
libraw/libraw,CVE-2020-15503,707,d1975cb0e055d2bfe58c9d845c9a3e57c346a2f9,False,False,src/postprocessing/postprocessing_ph.cpp,LibRaw::dcraw_make_mem_image,26,28,3
libraw/libraw,CVE-2020-15503,707,d1975cb0e055d2bfe58c9d845c9a3e57c346a2f9,False,False,src/decoders/decoders_dcraw.cpp,LibRaw::ljpeg_start,279,350,71
libraw/libraw,CVE-2020-15503,707,d1975cb0e055d2bfe58c9d845c9a3e57c346a2f9,False,False,src/decoders/canon_600.cpp,LibRaw::canon_600_color,43,88,45
libraw/libraw,CVE-2020-15503,707,d1975cb0e055d2bfe58c9d845c9a3e57c346a2f9,False,False,src/demosaic/dcb_demosaic.cpp,,-1,-1,-1
libraw/libraw,CVE-2020-15503,707,d1975cb0e055d2bfe58c9d845c9a3e57c346a2f9,False,False,src/metadata/misc_parsers.cpp,LibRaw::nikon_e995,529,542,13
libraw/libraw,CVE-2020-15503,707,d1975cb0e055d2bfe58c9d845c9a3e57c346a2f9,False,False,src/decoders/load_mfbacks.cpp,LibRaw::sinar_4shot_load_raw,698,743,45
libraw/libraw,CVE-2020-15503,707,d1975cb0e055d2bfe58c9d845c9a3e57c346a2f9,False,False,samples/dcraw_emu.cpp,"timerprint( const char * msg , const char * filename)",160,166,7
libraw/libraw,CVE-2020-15503,707,d1975cb0e055d2bfe58c9d845c9a3e57c346a2f9,False,False,src/utils/decoder_info.cpp,LibRaw::unpack_function_name,17,22,6
libraw/libraw,CVE-2020-15503,707,d1975cb0e055d2bfe58c9d845c9a3e57c346a2f9,False,False,src/decoders/load_mfbacks.cpp,,-1,-1,-1
libraw/libraw,CVE-2020-15503,707,d1975cb0e055d2bfe58c9d845c9a3e57c346a2f9,False,False,src/metadata/adobepano.cpp,,-1,-1,-1
libraw/libraw,CVE-2020-15503,707,d1975cb0e055d2bfe58c9d845c9a3e57c346a2f9,False,False,src/demosaic/aahd_demosaic.cpp,"AAHD::calc_dist( int c1 , int c2)",60,63,4
libraw/libraw,CVE-2020-15503,707,d1975cb0e055d2bfe58c9d845c9a3e57c346a2f9,False,False,src/postprocessing/postprocessing_aux.cpp,LibRaw::wavelet_denoise(),34,128,94
libraw/libraw,CVE-2020-15503,707,d1975cb0e055d2bfe58c9d845c9a3e57c346a2f9,False,False,src/decoders/decoders_libraw.cpp,swab32arr,166,170,5
libraw/libraw,CVE-2020-15503,707,d1975cb0e055d2bfe58c9d845c9a3e57c346a2f9,False,False,src/libraw_datastream.cpp,"LibRaw_buffer_datastream::gets( char * s , int sz)",334,355,22
libraw/libraw,CVE-2020-15503,707,d1975cb0e055d2bfe58c9d845c9a3e57c346a2f9,False,False,src/utils/utils_libraw.cpp,LibRaw::strerror,192,192,1
libraw/libraw,CVE-2020-15503,707,d1975cb0e055d2bfe58c9d845c9a3e57c346a2f9,False,False,src/decoders/dng.cpp,LibRaw::packed_dng_load_raw(),130,165,34
libraw/libraw,CVE-2020-15503,707,d1975cb0e055d2bfe58c9d845c9a3e57c346a2f9,False,False,src/write/file_write.cpp,LibRaw::rollei_thumb,258,275,17
libraw/libraw,CVE-2020-15503,707,d1975cb0e055d2bfe58c9d845c9a3e57c346a2f9,False,False,src/postprocessing/postprocessing_ph.cpp,LibRaw::convert_to_rgb_loop,25,25,1
libraw/libraw,CVE-2020-15503,707,d1975cb0e055d2bfe58c9d845c9a3e57c346a2f9,False,False,src/demosaic/aahd_demosaic.cpp,AAHD::make_ahd_rb(),700,710,11
libraw/libraw,CVE-2020-15503,707,d1975cb0e055d2bfe58c9d845c9a3e57c346a2f9,False,False,samples/raw-identify.cpp,file_mapping::file_mapping(),270,270,1
libraw/libraw,CVE-2020-15503,707,d1975cb0e055d2bfe58c9d845c9a3e57c346a2f9,False,False,src/decoders/decoders_libraw.cpp,LibRaw::fuji_14bit_load_raw,204,231,27
libraw/libraw,CVE-2020-15503,707,d1975cb0e055d2bfe58c9d845c9a3e57c346a2f9,False,False,src/metadata/canon.cpp,,-1,-1,-1
libraw/libraw,CVE-2020-15503,707,d1975cb0e055d2bfe58c9d845c9a3e57c346a2f9,False,False,src/demosaic/aahd_demosaic.cpp,AAHD::hide_hots(),195,294,96
libraw/libraw,CVE-2020-15503,707,d1975cb0e055d2bfe58c9d845c9a3e57c346a2f9,False,False,src/utils/phaseone_processing.cpp,,-1,-1,-1
libraw/libraw,CVE-2020-15503,707,d1975cb0e055d2bfe58c9d845c9a3e57c346a2f9,False,False,src/decoders/generic.cpp,LibRaw::eight_bit_load_raw,87,112,25
libraw/libraw,CVE-2020-15503,707,d1975cb0e055d2bfe58c9d845c9a3e57c346a2f9,False,False,src/libraw_c_api.cpp,libraw_dcraw_make_mem_image,229,240,12
libraw/libraw,CVE-2020-15503,707,d1975cb0e055d2bfe58c9d845c9a3e57c346a2f9,False,False,src/decoders/decoders_dcraw.cpp,LibRaw::quicktake_100_load_raw,1193,1292,98
libraw/libraw,CVE-2020-15503,707,d1975cb0e055d2bfe58c9d845c9a3e57c346a2f9,False,False,src/demosaic/dht_demosaic.cpp,DHT::make_hv_dline,553,577,21
libraw/libraw,CVE-2020-15503,707,d1975cb0e055d2bfe58c9d845c9a3e57c346a2f9,False,False,src/decoders/crx.cpp,"crxBitstreamGetBits( CrxBitstream * bitStrm , int bits)",266,303,35
libraw/libraw,CVE-2020-15503,707,d1975cb0e055d2bfe58c9d845c9a3e57c346a2f9,False,False,samples/rawtextdump.cpp,usage,32,43,12
libraw/libraw,CVE-2020-15503,707,d1975cb0e055d2bfe58c9d845c9a3e57c346a2f9,False,False,src/metadata/fuji.cpp,LibRaw::parseAdobeRAFMakernote,21,584,508
libraw/libraw,CVE-2020-15503,707,d1975cb0e055d2bfe58c9d845c9a3e57c346a2f9,False,False,src/decoders/load_mfbacks.cpp,LibRaw::imacon_full_load_raw,745,769,23
libraw/libraw,CVE-2020-15503,707,d1975cb0e055d2bfe58c9d845c9a3e57c346a2f9,False,False,libraw/libraw_datastream.h,,-1,-1,-1
libraw/libraw,CVE-2020-15503,707,d1975cb0e055d2bfe58c9d845c9a3e57c346a2f9,False,False,src/demosaic/dht_demosaic.cpp,DHT::DHT,220,260,41
libraw/libraw,CVE-2020-15503,707,d1975cb0e055d2bfe58c9d845c9a3e57c346a2f9,False,False,src/metadata/mediumformat.cpp,,-1,-1,-1
libraw/libraw,CVE-2020-15503,707,d1975cb0e055d2bfe58c9d845c9a3e57c346a2f9,False,False,src/demosaic/aahd_demosaic.cpp,AAHD::AAHD( LibRaw & _libraw),129,193,64
libraw/libraw,CVE-2020-15503,707,d1975cb0e055d2bfe58c9d845c9a3e57c346a2f9,False,False,src/libraw_datastream.cpp,LibRaw_file_datastream::make_jas_stream(),216,233,13
libraw/libraw,CVE-2020-15503,707,d1975cb0e055d2bfe58c9d845c9a3e57c346a2f9,False,False,src/decoders/dng.cpp,LibRaw::lossy_dng_load_raw(),167,167,1
libraw/libraw,CVE-2020-15503,707,d1975cb0e055d2bfe58c9d845c9a3e57c346a2f9,False,False,src/metadata/canon.cpp,LibRaw::setCanonBodyFeatures,56,118,61
libraw/libraw,CVE-2020-15503,707,d1975cb0e055d2bfe58c9d845c9a3e57c346a2f9,False,False,src/utils/utils_dcraw.cpp,LibRaw::romm_coeff,154,166,12
libraw/libraw,CVE-2020-15503,707,d1975cb0e055d2bfe58c9d845c9a3e57c346a2f9,False,False,src/metadata/sony.cpp,LibRaw::parseSonyLensFeatures,456,531,62
libraw/libraw,CVE-2020-15503,707,d1975cb0e055d2bfe58c9d845c9a3e57c346a2f9,False,False,src/utils/utils_dcraw.cpp,,-1,-1,-1
libraw/libraw,CVE-2020-15503,707,d1975cb0e055d2bfe58c9d845c9a3e57c346a2f9,False,False,samples/raw-identify.cpp,"print_szfun( FILE * outfile , LibRaw & MyCoolRawProcessor , std :: string & fn)",1185,1213,6
libraw/libraw,CVE-2020-15503,707,d1975cb0e055d2bfe58c9d845c9a3e57c346a2f9,False,False,src/metadata/samsung.cpp,,-1,-1,-1
libraw/libraw,CVE-2020-15503,707,d1975cb0e055d2bfe58c9d845c9a3e57c346a2f9,False,False,src/demosaic/dcb_demosaic.cpp,LibRaw::rgb_to_lch,635,646,11
libraw/libraw,CVE-2020-15503,707,d1975cb0e055d2bfe58c9d845c9a3e57c346a2f9,False,False,src/postprocessing/postprocessing_utils.cpp,LibRaw::exp_bef,19,77,54
libraw/libraw,CVE-2020-15503,707,d1975cb0e055d2bfe58c9d845c9a3e57c346a2f9,False,False,src/utils/utils_dcraw.cpp,LibRaw::remove_zeroes,168,189,20
libraw/libraw,CVE-2020-15503,707,d1975cb0e055d2bfe58c9d845c9a3e57c346a2f9,False,False,src/decoders/decoders_libraw.cpp,LibRaw::panasonicC6_load_raw,349,417,67
libraw/libraw,CVE-2020-15503,707,d1975cb0e055d2bfe58c9d845c9a3e57c346a2f9,False,False,src/demosaic/dcb_demosaic.cpp,LibRaw::lch_to_rgb,649,661,12
libraw/libraw,CVE-2020-15503,707,d1975cb0e055d2bfe58c9d845c9a3e57c346a2f9,False,False,samples/simple_dcraw.cpp,,-1,-1,-1
libraw/libraw,CVE-2020-15503,707,d1975cb0e055d2bfe58c9d845c9a3e57c346a2f9,False,False,src/metadata/mediumformat.cpp,LibRaw::parse_mos,318,502,181
libraw/libraw,CVE-2020-15503,707,d1975cb0e055d2bfe58c9d845c9a3e57c346a2f9,False,False,src/x3f/x3f_utils_patched.cpp,cleanup_huffman_tree,175,175,1
libraw/libraw,CVE-2020-15503,707,d1975cb0e055d2bfe58c9d845c9a3e57c346a2f9,False,False,src/demosaic/dht_demosaic.cpp,DHT::get_diag_rbg,159,171,13
libraw/libraw,CVE-2020-15503,707,d1975cb0e055d2bfe58c9d845c9a3e57c346a2f9,False,False,src/demosaic/ahd_demosaic.cpp,,-1,-1,-1
libraw/libraw,CVE-2020-15503,707,d1975cb0e055d2bfe58c9d845c9a3e57c346a2f9,False,False,src/decoders/decoders_dcraw.cpp,LibRaw::sony_arw2_load_raw,1353,1474,119
libraw/libraw,CVE-2020-15503,707,d1975cb0e055d2bfe58c9d845c9a3e57c346a2f9,False,False,src/decoders/decoders_libraw.cpp,LibRaw::sony_arq_load_raw,17,41,25
libraw/libraw,CVE-2020-15503,707,d1975cb0e055d2bfe58c9d845c9a3e57c346a2f9,False,False,src/metadata/canon.cpp,LibRaw::processCanonCameraInfo,120,396,272
libraw/libraw,CVE-2020-15503,707,d1975cb0e055d2bfe58c9d845c9a3e57c346a2f9,False,False,src/demosaic/dcb_demosaic.cpp,LibRaw::dcb_color2,109,140,28
libraw/libraw,CVE-2020-15503,707,d1975cb0e055d2bfe58c9d845c9a3e57c346a2f9,False,False,src/preprocessing/raw2image.cpp,,-1,-1,-1
libraw/libraw,CVE-2020-15503,707,d1975cb0e055d2bfe58c9d845c9a3e57c346a2f9,False,False,src/decoders/decoders_libraw.cpp,LibRaw::nikon_load_sraw,497,606,107
libraw/libraw,CVE-2020-15503,707,d1975cb0e055d2bfe58c9d845c9a3e57c346a2f9,False,False,src/demosaic/dht_demosaic.cpp,DHT::restore_hots,401,425,18
libraw/libraw,CVE-2020-15503,707,d1975cb0e055d2bfe58c9d845c9a3e57c346a2f9,False,False,src/write/file_write.cpp,LibRaw::tiff_set,32,53,21
libraw/libraw,CVE-2020-15503,707,d1975cb0e055d2bfe58c9d845c9a3e57c346a2f9,False,False,src/x3f/x3f_utils_patched.cpp,x3f_load_camf,2013,2043,26
libraw/libraw,CVE-2020-15503,707,d1975cb0e055d2bfe58c9d845c9a3e57c346a2f9,False,False,src/metadata/sony.cpp,LibRaw::parseSonyLensType2,417,454,38
libraw/libraw,CVE-2020-15503,707,d1975cb0e055d2bfe58c9d845c9a3e57c346a2f9,False,False,src/metadata/sony.cpp,LibRaw::parseSonySRF,1878,2082,164
libraw/libraw,CVE-2020-15503,707,d1975cb0e055d2bfe58c9d845c9a3e57c346a2f9,False,False,src/decoders/unpack.cpp,LibRaw::unpack,17,360,290
libraw/libraw,CVE-2020-15503,707,d1975cb0e055d2bfe58c9d845c9a3e57c346a2f9,False,False,src/decoders/decoders_dcraw.cpp,LibRaw::panasonic_load_raw,1009,1089,78
libraw/libraw,CVE-2020-15503,707,d1975cb0e055d2bfe58c9d845c9a3e57c346a2f9,False,False,src/x3f/x3f_utils_patched.cpp,x3f_delete,514,577,56
libraw/libraw,CVE-2020-15503,707,d1975cb0e055d2bfe58c9d845c9a3e57c346a2f9,False,False,src/decoders/kodak_decoders.cpp,LibRaw::kodak_c330_load_raw(),253,290,37
libraw/libraw,CVE-2020-15503,707,d1975cb0e055d2bfe58c9d845c9a3e57c346a2f9,False,False,src/metadata/identify.cpp,LibRaw::identify,169,2836,2425
libraw/libraw,CVE-2020-15503,707,d1975cb0e055d2bfe58c9d845c9a3e57c346a2f9,False,False,src/decoders/fuji_compressed.cpp,LibRaw::parse_fuji_compressed_header,1081,1130,42
libraw/libraw,CVE-2020-15503,707,d1975cb0e055d2bfe58c9d845c9a3e57c346a2f9,False,False,src/utils/utils_dcraw.cpp,LibRaw::memmem,58,70,10
libraw/libraw,CVE-2020-15503,707,d1975cb0e055d2bfe58c9d845c9a3e57c346a2f9,False,False,src/demosaic/dcb_demosaic.cpp,LibRaw::dcb_hor,59,70,10
libraw/libraw,CVE-2020-15503,707,d1975cb0e055d2bfe58c9d845c9a3e57c346a2f9,False,False,src/decoders/decoders_dcraw.cpp,LibRaw::pana_data,968,1007,28
libraw/libraw,CVE-2020-15503,707,d1975cb0e055d2bfe58c9d845c9a3e57c346a2f9,False,False,src/integration/rawspeed_glue.cpp,make_camera_metadata(),84,118,34
libraw/libraw,CVE-2020-15503,707,d1975cb0e055d2bfe58c9d845c9a3e57c346a2f9,False,False,src/utils/open.cpp,"LibRaw::open_file( const wchar_t * fname , INT64 max_buf_size)",72,110,37
libraw/libraw,CVE-2020-15503,707,d1975cb0e055d2bfe58c9d845c9a3e57c346a2f9,False,False,src/decoders/crx.cpp,crxFillBuffer( CrxBitstream * bitStrm),189,213,18
libraw/libraw,CVE-2020-15503,707,d1975cb0e055d2bfe58c9d845c9a3e57c346a2f9,False,False,src/decoders/fuji_compressed.cpp,LibRaw::init_fuji_compr,75,131,50
libraw/libraw,CVE-2020-15503,707,d1975cb0e055d2bfe58c9d845c9a3e57c346a2f9,False,False,src/x3f/x3f_utils_patched.cpp,x3f_load_image_verbatim,1234,1240,7
libraw/libraw,CVE-2020-15503,707,d1975cb0e055d2bfe58c9d845c9a3e57c346a2f9,False,False,src/metadata/ciff.cpp,LibRaw::parse_ciff,52,317,249
libraw/libraw,CVE-2020-15503,707,d1975cb0e055d2bfe58c9d845c9a3e57c346a2f9,False,False,src/utils/utils_libraw.cpp,,-1,-1,-1
libraw/libraw,CVE-2020-15503,707,d1975cb0e055d2bfe58c9d845c9a3e57c346a2f9,False,False,src/decoders/decoders_dcraw.cpp,LibRaw::nikon_read_curve,722,752,30
libraw/libraw,CVE-2020-15503,707,d1975cb0e055d2bfe58c9d845c9a3e57c346a2f9,False,False,src/decoders/smal.cpp,,-1,-1,-1
libraw/libraw,CVE-2020-15503,707,d1975cb0e055d2bfe58c9d845c9a3e57c346a2f9,False,False,src/x3f/x3f_utils_patched.cpp,get_simple_diff,1105,1111,7
libraw/libraw,CVE-2020-15503,707,d1975cb0e055d2bfe58c9d845c9a3e57c346a2f9,False,False,src/x3f/x3f_parse_process.cpp,LibRaw::x3f_dpq_interpolate_af_sd,499,570,67
libraw/libraw,CVE-2020-15503,707,d1975cb0e055d2bfe58c9d845c9a3e57c346a2f9,False,False,src/x3f/x3f_utils_patched.cpp,x3f_get_raw,622,650,21
libraw/libraw,CVE-2020-15503,707,d1975cb0e055d2bfe58c9d845c9a3e57c346a2f9,False,False,src/x3f/x3f_utils_patched.cpp,x3f_load_pixmap,1474,1477,4
libraw/libraw,CVE-2020-15503,707,d1975cb0e055d2bfe58c9d845c9a3e57c346a2f9,False,False,src/x3f/x3f_utils_patched.cpp,x3f_load_camf_decode_type5,1732,1768,22
libraw/libraw,CVE-2020-15503,707,d1975cb0e055d2bfe58c9d845c9a3e57c346a2f9,False,False,samples/raw-identify.cpp,"print_wbfun( FILE * outfile , LibRaw & MyCoolRawProcessor , std :: string & fn)",1134,1183,49
libraw/libraw,CVE-2020-15503,707,d1975cb0e055d2bfe58c9d845c9a3e57c346a2f9,False,False,src/demosaic/aahd_demosaic.cpp,,-1,-1,-1
libraw/libraw,CVE-2020-15503,707,d1975cb0e055d2bfe58c9d845c9a3e57c346a2f9,False,False,src/metadata/sony.cpp,bcd2dec,65,73,9
libraw/libraw,CVE-2020-15503,707,d1975cb0e055d2bfe58c9d845c9a3e57c346a2f9,False,False,src/decoders/load_mfbacks.cpp,LibRaw::leaf_hdr_load_raw,621,666,45
libraw/libraw,CVE-2020-15503,707,d1975cb0e055d2bfe58c9d845c9a3e57c346a2f9,False,False,src/libraw_c_api.cpp,libraw_set_exifparser_handler,166,173,8
libraw/libraw,CVE-2020-15503,707,d1975cb0e055d2bfe58c9d845c9a3e57c346a2f9,False,False,src/preprocessing/raw2image.cpp,LibRaw::copy_bayer,255,293,31
libraw/libraw,CVE-2020-15503,707,d1975cb0e055d2bfe58c9d845c9a3e57c346a2f9,False,False,internal/libraw_cxx_defs.h,CameraMetaDataLR::CameraMetaDataLR( char * filename),40,40,1
libraw/libraw,CVE-2020-15503,707,d1975cb0e055d2bfe58c9d845c9a3e57c346a2f9,False,False,src/utils/utils_libraw.cpp,LibRaw::find_ifd_by_offset,574,580,7
libraw/libraw,CVE-2020-15503,707,d1975cb0e055d2bfe58c9d845c9a3e57c346a2f9,False,False,src/decoders/decoders_dcraw.cpp,LibRaw::make_decoder_ref,89,107,18
libraw/libraw,CVE-2020-15503,707,d1975cb0e055d2bfe58c9d845c9a3e57c346a2f9,False,False,src/decoders/decoders_libraw.cpp,LibRaw::nikon_load_padded_packed_raw,232,255,22
libraw/libraw,CVE-2020-15503,707,d1975cb0e055d2bfe58c9d845c9a3e57c346a2f9,True,True,src/utils/thumb_utils.cpp,LibRaw::kodak_thumb_loader,18,224,162
libraw/libraw,CVE-2020-15503,707,d1975cb0e055d2bfe58c9d845c9a3e57c346a2f9,False,False,src/write/apply_profile.cpp,LibRaw::apply_profile,22,76,54
libraw/libraw,CVE-2020-15503,707,d1975cb0e055d2bfe58c9d845c9a3e57c346a2f9,False,False,src/write/write_ph.cpp,LibRaw::layer_thumb,37,37,1
libraw/libraw,CVE-2020-15503,707,d1975cb0e055d2bfe58c9d845c9a3e57c346a2f9,False,False,src/metadata/pentax.cpp,LibRaw::parsePentaxMakernotes,234,438,199
libraw/libraw,CVE-2020-15503,707,d1975cb0e055d2bfe58c9d845c9a3e57c346a2f9,False,False,src/metadata/epson.cpp,LibRaw::parseEpsonMakernote,17,97,69
libraw/libraw,CVE-2020-15503,707,d1975cb0e055d2bfe58c9d845c9a3e57c346a2f9,False,False,src/decoders/crx.cpp,"LibRaw::crxLoadFinalizeLoopE3( void * p , int planeHeight)",2377,2384,5
libraw/libraw,CVE-2020-15503,707,d1975cb0e055d2bfe58c9d845c9a3e57c346a2f9,False,False,src/x3f/x3f_utils_patched.cpp,get_huffman_diff,1010,1032,18
libraw/libraw,CVE-2020-15503,707,d1975cb0e055d2bfe58c9d845c9a3e57c346a2f9,False,False,src/decoders/crx.cpp,"LibRaw::crxConvertPlaneLineDf( void * p , int imageRow)",2372,2375,4
libraw/libraw,CVE-2020-15503,707,d1975cb0e055d2bfe58c9d845c9a3e57c346a2f9,False,False,samples/raw-identify.cpp,"print_1fun( FILE * outfile , LibRaw & MyCoolRawProcessor , std :: string & fn)",1225,1233,9
libraw/libraw,CVE-2020-15503,707,d1975cb0e055d2bfe58c9d845c9a3e57c346a2f9,False,False,src/metadata/pentax.cpp,LibRaw::PentaxLensInfo,133,232,97
libraw/libraw,CVE-2020-15503,707,d1975cb0e055d2bfe58c9d845c9a3e57c346a2f9,False,False,src/decoders/smal.cpp,LibRaw::median4,113,127,14
libraw/libraw,CVE-2020-15503,707,d1975cb0e055d2bfe58c9d845c9a3e57c346a2f9,False,False,src/decoders/decoders_libraw_dcrdefs.cpp,LibRaw::android_tight_load_raw,94,110,16
libraw/libraw,CVE-2020-15503,707,d1975cb0e055d2bfe58c9d845c9a3e57c346a2f9,False,False,src/decoders/kodak_decoders.cpp,LibRaw::kodak_dc120_load_raw(),235,252,17
libraw/libraw,CVE-2020-15503,707,d1975cb0e055d2bfe58c9d845c9a3e57c346a2f9,False,False,src/x3f/x3f_utils_patched.cpp,print_huffman_tree,818,835,16
libraw/libraw,CVE-2020-15503,707,d1975cb0e055d2bfe58c9d845c9a3e57c346a2f9,False,False,src/metadata/sony.cpp,LibRaw::process_Sony_0x940e,911,948,35
libraw/libraw,CVE-2020-15503,707,d1975cb0e055d2bfe58c9d845c9a3e57c346a2f9,False,False,src/x3f/x3f_utils_patched.cpp,x3f_load_data,2045,2067,21
libraw/libraw,CVE-2020-15503,707,d1975cb0e055d2bfe58c9d845c9a3e57c346a2f9,False,False,src/decoders/smal.cpp,LibRaw::smal_v6_load_raw,101,111,10
libraw/libraw,CVE-2020-15503,707,d1975cb0e055d2bfe58c9d845c9a3e57c346a2f9,False,False,internal/libraw_internal_funcs.h,,-1,-1,-1
libraw/libraw,CVE-2020-15503,707,d1975cb0e055d2bfe58c9d845c9a3e57c346a2f9,False,False,src/metadata/misc_parsers.cpp,LibRaw::get_timestamp,548,569,21
libraw/libraw,CVE-2020-15503,707,d1975cb0e055d2bfe58c9d845c9a3e57c346a2f9,False,False,src/demosaic/dcb_demosaic.cpp,LibRaw::dcb_nyquist,292,309,16
libraw/libraw,CVE-2020-15503,707,d1975cb0e055d2bfe58c9d845c9a3e57c346a2f9,False,False,src/decoders/crx.cpp,"crxReadImageHeaders( crx_data_header_t * hdr , CrxImage * img , uint8_t * mdatPtr , uint32_t mdatSize)",2075,2235,132
libraw/libraw,CVE-2020-15503,707,d1975cb0e055d2bfe58c9d845c9a3e57c346a2f9,False,False,src/decoders/fp_dng.cpp,LibRaw::is_floating_point(),438,448,10
libraw/libraw,CVE-2020-15503,707,d1975cb0e055d2bfe58c9d845c9a3e57c346a2f9,False,False,src/demosaic/dht_demosaic.cpp,DHT::T,56,56,1
libraw/libraw,CVE-2020-15503,707,d1975cb0e055d2bfe58c9d845c9a3e57c346a2f9,False,False,src/libraw_datastream.cpp,"LibRaw_bigfile_datastream::gets( char * str , int sz)",526,530,5
libraw/libraw,CVE-2020-15503,707,d1975cb0e055d2bfe58c9d845c9a3e57c346a2f9,False,False,libraw/libraw.h,DllDefLibRaw::sgetn,298,304,7
libraw/libraw,CVE-2020-15503,707,d1975cb0e055d2bfe58c9d845c9a3e57c346a2f9,False,False,src/decoders/crx.cpp,crxBitstreamGetZeros( CrxBitstream * bitStrm),215,264,49
libraw/libraw,CVE-2020-15503,707,d1975cb0e055d2bfe58c9d845c9a3e57c346a2f9,False,False,src/x3f/x3f_utils_patched.cpp,x3f_get1,51,55,4
libraw/libraw,CVE-2020-15503,707,d1975cb0e055d2bfe58c9d845c9a3e57c346a2f9,False,False,libraw/libraw_datastream.h,DllDefLibRaw_bigfile_datastream::get_char,205,212,5
libraw/libraw,CVE-2020-15503,707,d1975cb0e055d2bfe58c9d845c9a3e57c346a2f9,False,False,src/metadata/nikon.cpp,LibRaw::processNikonLensData,17,156,131
libraw/libraw,CVE-2020-15503,707,d1975cb0e055d2bfe58c9d845c9a3e57c346a2f9,False,False,src/metadata/canon.cpp,LibRaw::parseCanonMakernotes,529,1047,463
libraw/libraw,CVE-2020-15503,707,d1975cb0e055d2bfe58c9d845c9a3e57c346a2f9,False,False,libraw/libraw_datastream.h,DllDefLibRaw_abstract_datastream::LibRaw_abstract_datastream,87,87,1
libraw/libraw,CVE-2020-15503,707,d1975cb0e055d2bfe58c9d845c9a3e57c346a2f9,False,False,samples/half_mt.c,,-1,-1,-1
libraw/libraw,CVE-2020-15503,707,d1975cb0e055d2bfe58c9d845c9a3e57c346a2f9,False,False,src/decoders/kodak_decoders.cpp,LibRaw::kodak_rgb_load_raw(),507,530,23
libraw/libraw,CVE-2020-15503,707,d1975cb0e055d2bfe58c9d845c9a3e57c346a2f9,False,False,src/libraw_datastream.cpp,LibRaw_file_datastream::LibRaw_file_datastream( const char * fname),49,84,25
libraw/libraw,CVE-2020-15503,707,d1975cb0e055d2bfe58c9d845c9a3e57c346a2f9,False,False,internal/dcraw_common.cpp,,-1,-1,-1
libraw/libraw,CVE-2020-15503,707,d1975cb0e055d2bfe58c9d845c9a3e57c346a2f9,False,False,src/decoders/generic.cpp,LibRaw::unpacked_load_raw,21,38,18
libraw/libraw,CVE-2020-15503,707,d1975cb0e055d2bfe58c9d845c9a3e57c346a2f9,False,False,src/metadata/exif_gps.cpp,LibRaw::parse_exif,21,255,219
libraw/libraw,CVE-2020-15503,707,d1975cb0e055d2bfe58c9d845c9a3e57c346a2f9,False,False,src/utils/phaseone_processing.cpp,LibRaw::phase_one_allocate_tempbuffer,21,26,5
libraw/libraw,CVE-2020-15503,707,d1975cb0e055d2bfe58c9d845c9a3e57c346a2f9,False,False,src/write/write_ph.cpp,,-1,-1,-1
libraw/libraw,CVE-2020-15503,707,d1975cb0e055d2bfe58c9d845c9a3e57c346a2f9,False,False,src/decoders/crx.cpp,"crxDecodeSymbolL1( CrxBandParam * param , int32_t doMedianPrediction , int32_t notEOL = 0)",314,357,33
libraw/libraw,CVE-2020-15503,707,d1975cb0e055d2bfe58c9d845c9a3e57c346a2f9,False,False,src/decoders/dng.cpp,LibRaw::vc5_dng_load_raw_placeholder(),21,25,4
libraw/libraw,CVE-2020-15503,707,d1975cb0e055d2bfe58c9d845c9a3e57c346a2f9,False,False,src/decoders/fuji_compressed.cpp,LibRaw::fuji_compressed_load_raw,1009,1064,44
libraw/libraw,CVE-2020-15503,707,d1975cb0e055d2bfe58c9d845c9a3e57c346a2f9,False,False,src/libraw_datastream.cpp,LibRaw_bigfile_datastream::wfname(),466,469,4
libraw/libraw,CVE-2020-15503,707,d1975cb0e055d2bfe58c9d845c9a3e57c346a2f9,False,False,src/demosaic/dcb_demosaic.cpp,LibRaw::dcb_correction,476,496,18
libraw/libraw,CVE-2020-15503,707,d1975cb0e055d2bfe58c9d845c9a3e57c346a2f9,False,False,src/utils/utils_libraw.cpp,LibRaw::capabilities,194,210,9
libraw/libraw,CVE-2020-15503,707,d1975cb0e055d2bfe58c9d845c9a3e57c346a2f9,False,False,src/metadata/sony.cpp,LibRaw::process_Sony_0x9400,741,821,61
libraw/libraw,CVE-2020-15503,707,d1975cb0e055d2bfe58c9d845c9a3e57c346a2f9,False,False,src/libraw_datastream.cpp,LibRaw_file_datastream::fname(),209,212,4
libraw/libraw,CVE-2020-15503,707,d1975cb0e055d2bfe58c9d845c9a3e57c346a2f9,False,False,src/x3f/x3f_utils_patched.cpp,get_matrix_copy,1831,1896,64
libraw/libraw,CVE-2020-15503,707,d1975cb0e055d2bfe58c9d845c9a3e57c346a2f9,False,False,src/decoders/decoders_libraw.cpp,LibRaw::unpacked_load_raw_fuji_f700s20,478,495,18
libraw/libraw,CVE-2020-15503,707,d1975cb0e055d2bfe58c9d845c9a3e57c346a2f9,False,False,src/demosaic/dcb_demosaic.cpp,LibRaw::fbdd_correction,664,686,20
libraw/libraw,CVE-2020-15503,707,d1975cb0e055d2bfe58c9d845c9a3e57c346a2f9,False,False,src/decoders/fuji_compressed.cpp,LibRaw::xtrans_decode_block,572,766,175
libraw/libraw,CVE-2020-15503,707,d1975cb0e055d2bfe58c9d845c9a3e57c346a2f9,False,False,src/libraw_c_api.cpp,libraw_set_memerror_handler,175,182,8
libraw/libraw,CVE-2020-15503,707,d1975cb0e055d2bfe58c9d845c9a3e57c346a2f9,False,False,src/x3f/x3f_utils_patched.cpp,x3f_sget2,57,57,1
libraw/libraw,CVE-2020-15503,707,d1975cb0e055d2bfe58c9d845c9a3e57c346a2f9,False,False,src/postprocessing/postprocessing_aux.cpp,LibRaw::blend_highlights(),275,316,41
libraw/libraw,CVE-2020-15503,707,d1975cb0e055d2bfe58c9d845c9a3e57c346a2f9,False,False,src/demosaic/dcb_demosaic.cpp,LibRaw::dcb_color,73,106,30
libraw/libraw,CVE-2020-15503,707,d1975cb0e055d2bfe58c9d845c9a3e57c346a2f9,False,False,src/metadata/ciff.cpp,LibRaw::ciff_block_1030,25,46,21
libraw/libraw,CVE-2020-15503,707,d1975cb0e055d2bfe58c9d845c9a3e57c346a2f9,False,False,src/decoders/kodak_decoders.cpp,LibRaw::kodak_radc_load_raw(),37,154,116
libraw/libraw,CVE-2020-15503,707,d1975cb0e055d2bfe58c9d845c9a3e57c346a2f9,False,False,src/decoders/fuji_compressed.cpp,,-1,-1,-1
libraw/libraw,CVE-2020-15503,707,d1975cb0e055d2bfe58c9d845c9a3e57c346a2f9,False,False,src/metadata/canon.cpp,LibRaw::_CanonConvertAperture,18,23,6
libraw/libraw,CVE-2020-15503,707,d1975cb0e055d2bfe58c9d845c9a3e57c346a2f9,False,False,src/decoders/crx.cpp,"crxIdwt53FilterDecode( CrxPlaneComp * comp , int32_t level)",1199,1241,38
libraw/libraw,CVE-2020-15503,707,d1975cb0e055d2bfe58c9d845c9a3e57c346a2f9,True,False,src/postprocessing/mem_image.cpp,LibRaw::get_mem_image_format,118,134,16
libraw/libraw,CVE-2020-15503,707,d1975cb0e055d2bfe58c9d845c9a3e57c346a2f9,False,False,src/decoders/fuji_compressed.cpp,fuji_decode_interpolation_even,528,545,18
libraw/libraw,CVE-2020-15503,707,d1975cb0e055d2bfe58c9d845c9a3e57c346a2f9,False,False,samples/raw-identify.cpp,"print_0fun( FILE * outfile , LibRaw & MyCoolRawProcessor , std :: string & fn)",1214,1223,3
libraw/libraw,CVE-2020-15503,707,d1975cb0e055d2bfe58c9d845c9a3e57c346a2f9,False,False,src/decoders/generic.cpp,,-1,-1,-1
libraw/libraw,CVE-2020-15503,707,d1975cb0e055d2bfe58c9d845c9a3e57c346a2f9,False,False,src/x3f/x3f_parse_process.cpp,LibRaw::x3f_thumb_size,296,317,22
libraw/libraw,CVE-2020-15503,707,d1975cb0e055d2bfe58c9d845c9a3e57c346a2f9,True,False,src/utils/thumb_utils.cpp,,-1,-1,-1
libraw/libraw,CVE-2020-15503,707,d1975cb0e055d2bfe58c9d845c9a3e57c346a2f9,False,False,src/demosaic/misc_demosaic.cpp,LibRaw::pre_interpolate,21,80,60
libraw/libraw,CVE-2020-15503,707,d1975cb0e055d2bfe58c9d845c9a3e57c346a2f9,False,False,libraw/libraw_datastream.h,DllDefLibRaw_buffer_datastream::get_char,171,175,5
libraw/libraw,CVE-2020-15503,707,d1975cb0e055d2bfe58c9d845c9a3e57c346a2f9,False,False,samples/simple_dcraw.cpp,my_progress_callback,36,42,7
libraw/libraw,CVE-2020-15503,707,d1975cb0e055d2bfe58c9d845c9a3e57c346a2f9,False,False,src/decoders/decoders_dcraw.cpp,LibRaw::ljpeg_row,374,436,62
libraw/libraw,CVE-2020-15503,707,d1975cb0e055d2bfe58c9d845c9a3e57c346a2f9,False,False,src/decoders/decoders_libraw.cpp,pana_cs6_page_decoder::pana_cs6_page_decoder,315,318,4
libraw/libraw,CVE-2020-15503,707,d1975cb0e055d2bfe58c9d845c9a3e57c346a2f9,False,False,libraw/libraw.h,DllDefLibRaw::COLOR,268,277,10
libraw/libraw,CVE-2020-15503,707,d1975cb0e055d2bfe58c9d845c9a3e57c346a2f9,False,False,src/demosaic/dht_demosaic.cpp,DHT::~DHT,1016,1020,5
libraw/libraw,CVE-2020-15503,707,d1975cb0e055d2bfe58c9d845c9a3e57c346a2f9,False,False,src/decoders/decoders_libraw.cpp,unpack7bytesto4x16_nikon,173,180,8
libraw/libraw,CVE-2020-15503,707,d1975cb0e055d2bfe58c9d845c9a3e57c346a2f9,False,False,internal/dmp_include.h,,-1,-1,-1
libraw/libraw,CVE-2020-15503,707,d1975cb0e055d2bfe58c9d845c9a3e57c346a2f9,False,False,src/preprocessing/preprocessing_ph.cpp,LibRaw::copy_bayer,22,22,1
libraw/libraw,CVE-2020-15503,707,d1975cb0e055d2bfe58c9d845c9a3e57c346a2f9,False,False,src/demosaic/aahd_demosaic.cpp,AAHD::U( ushort3 & rgb),69,73,5
libraw/libraw,CVE-2020-15503,707,d1975cb0e055d2bfe58c9d845c9a3e57c346a2f9,False,False,src/demosaic/dht_demosaic.cpp,DHT::Thot,54,54,1
libraw/libraw,CVE-2020-15503,707,d1975cb0e055d2bfe58c9d845c9a3e57c346a2f9,False,False,src/libraw_datastream.cpp,LibRaw_bigfile_datastream::tell(),512,524,7
libraw/libraw,CVE-2020-15503,707,d1975cb0e055d2bfe58c9d845c9a3e57c346a2f9,False,False,src/decoders/crx.cpp,crxFreeImageData( CrxImage * img),2331,2353,20
libraw/libraw,CVE-2020-15503,707,d1975cb0e055d2bfe58c9d845c9a3e57c346a2f9,True,False,src/postprocessing/mem_image.cpp,LibRaw::copy_mem_image,136,223,74
libraw/libraw,CVE-2020-15503,707,d1975cb0e055d2bfe58c9d845c9a3e57c346a2f9,False,False,src/x3f/x3f_utils_patched.cpp,get_bit,853,870,16
libraw/libraw,CVE-2020-15503,707,d1975cb0e055d2bfe58c9d845c9a3e57c346a2f9,False,False,src/x3f/x3f_utils_patched.cpp,x3f_sget4,66,69,4
libraw/libraw,CVE-2020-15503,707,d1975cb0e055d2bfe58c9d845c9a3e57c346a2f9,False,False,samples/dcraw_emu.cpp,"create_mapping( struct file_mapping & data , const std :: string & fn)",195,213,16
libraw/libraw,CVE-2020-15503,707,d1975cb0e055d2bfe58c9d845c9a3e57c346a2f9,False,False,src/x3f/x3f_utils_patched.cpp,x3f_load_pixmap_size,1479,1482,4
libraw/libraw,CVE-2020-15503,707,d1975cb0e055d2bfe58c9d845c9a3e57c346a2f9,False,False,src/decoders/load_mfbacks.cpp,LibRaw::phase_one_correct,88,378,288
libraw/libraw,CVE-2020-15503,707,d1975cb0e055d2bfe58c9d845c9a3e57c346a2f9,False,False,samples/multirender_test.cpp,process_once,36,61,22
libraw/libraw,CVE-2020-15503,707,d1975cb0e055d2bfe58c9d845c9a3e57c346a2f9,False,False,src/libraw_c_api.cpp,libraw_dcraw_clear_mem,254,257,4
libraw/libraw,CVE-2020-15503,707,d1975cb0e055d2bfe58c9d845c9a3e57c346a2f9,False,False,libraw/libraw_internal.h,,-1,-1,-1
libraw/libraw,CVE-2020-15503,707,d1975cb0e055d2bfe58c9d845c9a3e57c346a2f9,False,False,src/integration/dngsdk_glue.cpp,,-1,-1,-1
libraw/libraw,CVE-2020-15503,707,d1975cb0e055d2bfe58c9d845c9a3e57c346a2f9,False,False,src/metadata/identify.cpp,LibRaw::fixupArri,122,163,39
libraw/libraw,CVE-2020-15503,707,d1975cb0e055d2bfe58c9d845c9a3e57c346a2f9,False,False,samples/openbayer_sample.cpp,,-1,-1,-1
libraw/libraw,CVE-2020-15503,707,d1975cb0e055d2bfe58c9d845c9a3e57c346a2f9,False,False,src/metadata/nikon.cpp,LibRaw::Nikon_NRW_WBtag,158,178,18
libraw/libraw,CVE-2020-15503,707,d1975cb0e055d2bfe58c9d845c9a3e57c346a2f9,False,False,src/integration/dngsdk_glue.cpp,LibRaw::valid_for_dngsdk,27,66,35
libraw/libraw,CVE-2020-15503,707,d1975cb0e055d2bfe58c9d845c9a3e57c346a2f9,False,False,src/demosaic/aahd_demosaic.cpp,AAHD::make_ahd_rb_last( int i),712,773,47
libraw/libraw,CVE-2020-15503,707,d1975cb0e055d2bfe58c9d845c9a3e57c346a2f9,False,False,samples/multirender_test.cpp,,-1,-1,-1
libraw/libraw,CVE-2020-15503,707,d1975cb0e055d2bfe58c9d845c9a3e57c346a2f9,False,False,src/utils/read_utils.cpp,LibRaw::get4,47,52,6
libraw/libraw,CVE-2020-15503,707,d1975cb0e055d2bfe58c9d845c9a3e57c346a2f9,False,False,src/tables/cameralist.cpp,,-1,-1,-1
libraw/libraw,CVE-2020-15503,707,d1975cb0e055d2bfe58c9d845c9a3e57c346a2f9,False,False,src/decoders/decoders_dcraw.cpp,LibRaw::canon_sraw_load_raw,494,648,150
libraw/libraw,CVE-2020-15503,707,d1975cb0e055d2bfe58c9d845c9a3e57c346a2f9,False,False,src/decoders/decoders_dcraw.cpp,LibRaw::ljpeg_end,352,357,6
libraw/libraw,CVE-2020-15503,707,d1975cb0e055d2bfe58c9d845c9a3e57c346a2f9,False,False,src/decoders/kodak_decoders.cpp,jpegErrorExit_k( j_common_ptr cinfo),162,165,4
libraw/libraw,CVE-2020-15503,707,d1975cb0e055d2bfe58c9d845c9a3e57c346a2f9,False,False,src/demosaic/ahd_demosaic.cpp,LibRaw::ahd_interpolate,295,357,45
libraw/libraw,CVE-2020-15503,707,d1975cb0e055d2bfe58c9d845c9a3e57c346a2f9,False,False,src/libraw_cxx.cpp,,-1,-1,-1
libraw/libraw,CVE-2020-15503,707,d1975cb0e055d2bfe58c9d845c9a3e57c346a2f9,False,False,src/x3f/x3f_parse_process.cpp,LibRaw::x3f_dpq_interpolate_rg,376,400,24
libraw/libraw,CVE-2020-15503,707,d1975cb0e055d2bfe58c9d845c9a3e57c346a2f9,False,False,src/decoders/fuji_compressed.cpp,LibRaw::fuji_decode_strip,948,1007,47
libraw/libraw,CVE-2020-15503,707,d1975cb0e055d2bfe58c9d845c9a3e57c346a2f9,False,False,src/utils/open.cpp,,-1,-1,-1
libraw/libraw,CVE-2020-15503,707,d1975cb0e055d2bfe58c9d845c9a3e57c346a2f9,False,False,samples/4channels.cpp,main,36,173,121
libraw/libraw,CVE-2020-15503,707,d1975cb0e055d2bfe58c9d845c9a3e57c346a2f9,False,False,src/demosaic/dcb_demosaic.cpp,LibRaw::dcb_map,450,473,22
libraw/libraw,CVE-2020-15503,707,d1975cb0e055d2bfe58c9d845c9a3e57c346a2f9,False,False,src/metadata/misc_parsers.cpp,LibRaw::nikon_3700,40,62,22
libraw/libraw,CVE-2020-15503,707,d1975cb0e055d2bfe58c9d845c9a3e57c346a2f9,False,False,samples/dcraw_emu.cpp,file_mapping::file_mapping(),188,188,1
libraw/libraw,CVE-2020-15503,707,d1975cb0e055d2bfe58c9d845c9a3e57c346a2f9,False,False,src/decoders/crx.cpp,"LibRaw::crxDecodePlane( void * p , uint32_t planeNumber)",1905,1963,53
libraw/libraw,CVE-2020-15503,707,d1975cb0e055d2bfe58c9d845c9a3e57c346a2f9,False,False,src/x3f/x3f_utils_patched.cpp,x3f_get_thumb_plain,652,655,4
libraw/libraw,CVE-2020-15503,707,d1975cb0e055d2bfe58c9d845c9a3e57c346a2f9,False,False,src/metadata/cr3_parser.cpp,,-1,-1,-1
libraw/libraw,CVE-2020-15503,707,d1975cb0e055d2bfe58c9d845c9a3e57c346a2f9,False,False,src/utils/utils_libraw.cpp,LibRaw::is_phaseone_compressed,350,354,5
libraw/libraw,CVE-2020-15503,707,d1975cb0e055d2bfe58c9d845c9a3e57c346a2f9,False,False,src/postprocessing/postprocessing_utils_dcrdefs.cpp,,-1,-1,-1
libraw/libraw,CVE-2020-15503,707,d1975cb0e055d2bfe58c9d845c9a3e57c346a2f9,False,False,src/demosaic/aahd_demosaic.cpp,AAHD::make_ahd_greens(),581,587,7
libraw/libraw,CVE-2020-15503,707,d1975cb0e055d2bfe58c9d845c9a3e57c346a2f9,False,False,src/metadata/identify_tools.cpp,LibRaw::trimSpaces,76,87,12
libraw/libraw,CVE-2020-15503,707,d1975cb0e055d2bfe58c9d845c9a3e57c346a2f9,False,False,samples/raw-identify.cpp,timer_elapsed( const starttime_t & start),285,297,10
libraw/libraw,CVE-2020-15503,707,d1975cb0e055d2bfe58c9d845c9a3e57c346a2f9,False,False,src/metadata/misc_parsers.cpp,LibRaw::parse_riff,241,290,49
libraw/libraw,CVE-2020-15503,707,d1975cb0e055d2bfe58c9d845c9a3e57c346a2f9,False,False,src/decoders/decoders_libraw_dcrdefs.cpp,LibRaw::unpacked_load_raw_reversed,134,149,16
libraw/libraw,CVE-2020-15503,707,d1975cb0e055d2bfe58c9d845c9a3e57c346a2f9,True,False,src/utils/thumb_utils.cpp,LibRaw::dcraw_thumb_writer,264,305,36
libraw/libraw,CVE-2020-15503,707,d1975cb0e055d2bfe58c9d845c9a3e57c346a2f9,False,False,internal/dcraw_fileio_defs.h,,-1,-1,-1
libraw/libraw,CVE-2020-15503,707,d1975cb0e055d2bfe58c9d845c9a3e57c346a2f9,False,False,src/decoders/decoders_dcraw.cpp,LibRaw::samsung3_load_raw,1560,1624,65
libraw/libraw,CVE-2020-15503,707,d1975cb0e055d2bfe58c9d845c9a3e57c346a2f9,False,False,src/metadata/sony.cpp,my_roundf,46,63,18
libraw/libraw,CVE-2020-15503,707,d1975cb0e055d2bfe58c9d845c9a3e57c346a2f9,False,False,src/utils/utils_dcraw.cpp,LibRaw::initdata,89,132,44
libraw/libraw,CVE-2020-15503,707,d1975cb0e055d2bfe58c9d845c9a3e57c346a2f9,False,False,src/integration/dngsdk_glue.cpp,search_single_ifd,69,78,10
libraw/libraw,CVE-2020-15503,707,d1975cb0e055d2bfe58c9d845c9a3e57c346a2f9,False,False,src/utils/utils_dcraw.cpp,LibRaw::tiff_get,322,337,14
libraw/libraw,CVE-2020-15503,707,d1975cb0e055d2bfe58c9d845c9a3e57c346a2f9,False,False,src/metadata/leica.cpp,LibRaw::setLeicaBodyFeatures,17,96,79
libraw/libraw,CVE-2020-15503,707,d1975cb0e055d2bfe58c9d845c9a3e57c346a2f9,False,False,src/decoders/load_mfbacks.cpp,LibRaw::p1raw,21,24,4
libraw/libraw,CVE-2020-15503,707,d1975cb0e055d2bfe58c9d845c9a3e57c346a2f9,False,False,src/decoders/decoders_libraw_dcrdefs.cpp,LibRaw::nikon_coolscan_load_raw,17,71,53
libraw/libraw,CVE-2020-15503,707,d1975cb0e055d2bfe58c9d845c9a3e57c346a2f9,False,False,src/decoders/load_mfbacks.cpp,LibRaw::hasselblad_load_raw,540,619,79
libraw/libraw,CVE-2020-15503,707,d1975cb0e055d2bfe58c9d845c9a3e57c346a2f9,False,False,src/postprocessing/aspect_ratio.cpp,LibRaw::fuji_rotate,21,62,38
libraw/libraw,CVE-2020-15503,707,d1975cb0e055d2bfe58c9d845c9a3e57c346a2f9,False,False,src/demosaic/dcb_demosaic.cpp,LibRaw::fbdd_green,738,803,59
libraw/libraw,CVE-2020-15503,707,d1975cb0e055d2bfe58c9d845c9a3e57c346a2f9,False,False,samples/raw-identify.cpp,timer_start( starttime_t & r),276,283,5
libraw/libraw,CVE-2020-15503,707,d1975cb0e055d2bfe58c9d845c9a3e57c346a2f9,False,False,src/utils/read_utils.cpp,LibRaw::int_to_float,56,64,9
libraw/libraw,CVE-2020-15503,707,d1975cb0e055d2bfe58c9d845c9a3e57c346a2f9,False,False,src/decoders/crx.cpp,"crxReadSubbandHeaders( crx_data_header_t * hdr , CrxImage * img , CrxTile * tile , CrxPlaneComp * comp , uint8_t ** subbandMdatPtr , uint32_t * mdatSize)",1965,2073,93
libraw/libraw,CVE-2020-15503,707,d1975cb0e055d2bfe58c9d845c9a3e57c346a2f9,False,False,src/utils/utils_libraw.cpp,default_memory_callback,22,26,5
libraw/libraw,CVE-2020-15503,707,d1975cb0e055d2bfe58c9d845c9a3e57c346a2f9,False,False,src/x3f/x3f_parse_process.cpp,LibRaw::parse_x3f,105,294,178
libraw/libraw,CVE-2020-15503,707,d1975cb0e055d2bfe58c9d845c9a3e57c346a2f9,False,False,src/decoders/canon_600.cpp,LibRaw::canon_600_auto_wb,90,142,52
libraw/libraw,CVE-2020-15503,707,d1975cb0e055d2bfe58c9d845c9a3e57c346a2f9,False,False,src/demosaic/dht_demosaic.cpp,DHT::get_diag_grb,134,158,25
libraw/libraw,CVE-2020-15503,707,d1975cb0e055d2bfe58c9d845c9a3e57c346a2f9,False,False,src/metadata/identify_tools.cpp,LibRaw::find_green,42,74,32
libraw/libraw,CVE-2020-15503,707,d1975cb0e055d2bfe58c9d845c9a3e57c346a2f9,False,False,src/metadata/identify_tools.cpp,LibRaw::remove_trailing_spaces,89,104,16
libraw/libraw,CVE-2020-15503,707,d1975cb0e055d2bfe58c9d845c9a3e57c346a2f9,False,False,src/demosaic/aahd_demosaic.cpp,AAHD::illustrate_dirs(),631,637,7
libraw/libraw,CVE-2020-15503,707,d1975cb0e055d2bfe58c9d845c9a3e57c346a2f9,False,False,src/x3f/x3f_utils_patched.cpp,x3f_load_property_list,1250,1273,20
libraw/libraw,CVE-2020-15503,707,d1975cb0e055d2bfe58c9d845c9a3e57c346a2f9,False,False,src/metadata/tiff.cpp,LibRaw::parse_tiff_ifd,21,1455,1363
libraw/libraw,CVE-2020-15503,707,d1975cb0e055d2bfe58c9d845c9a3e57c346a2f9,False,False,src/decoders/decoders_libraw.cpp,LibRaw::pentax_4shot_load_raw,43,116,70
libraw/libraw,CVE-2020-15503,707,d1975cb0e055d2bfe58c9d845c9a3e57c346a2f9,False,False,src/utils/utils_libraw.cpp,LibRaw::versionNumber,191,191,1
libraw/libraw,CVE-2020-15503,707,d1975cb0e055d2bfe58c9d845c9a3e57c346a2f9,False,False,src/write/file_write.cpp,LibRaw::ppm_thumb,214,224,11
libraw/libraw,CVE-2020-15503,707,d1975cb0e055d2bfe58c9d845c9a3e57c346a2f9,False,False,src/decoders/fp_dng.cpp,LibRaw::float_dng_load_raw_placeholder(),432,436,4
libraw/libraw,CVE-2020-15503,707,d1975cb0e055d2bfe58c9d845c9a3e57c346a2f9,False,False,src/metadata/identify_tools.cpp,LibRaw::removeExcessiveSpaces,120,140,21
libraw/libraw,CVE-2020-15503,707,d1975cb0e055d2bfe58c9d845c9a3e57c346a2f9,False,False,src/decoders/decoders_dcraw.cpp,LibRaw::crw_init_tables,114,177,64
libraw/libraw,CVE-2020-15503,707,d1975cb0e055d2bfe58c9d845c9a3e57c346a2f9,False,False,src/utils/utils_libraw.cpp,LibRaw::is_jpeg_thumb,221,224,4
libraw/libraw,CVE-2020-15503,707,d1975cb0e055d2bfe58c9d845c9a3e57c346a2f9,False,False,src/decoders/crx.cpp,"crxParamInit( CrxBandParam ** param , uint64_t subbandMdatOffset , uint64_t subbandDataSize , uint32_t subbandWidth , uint32_t subbandHeight , int32_t supportsPartial , uint32_t roundedBitsMask , LibRaw_abstract_datastream * input)",1735,1772,32
libraw/libraw,CVE-2020-15503,707,d1975cb0e055d2bfe58c9d845c9a3e57c346a2f9,False,False,src/metadata/exif_gps.cpp,LibRaw::parse_gps,308,344,36
libraw/libraw,CVE-2020-15503,707,d1975cb0e055d2bfe58c9d845c9a3e57c346a2f9,False,False,src/decoders/decoders_dcraw.cpp,LibRaw::ljpeg_diff,359,372,13
libraw/libraw,CVE-2020-15503,707,d1975cb0e055d2bfe58c9d845c9a3e57c346a2f9,False,False,src/demosaic/aahd_demosaic.cpp,"AAHD::refine_hv_dirs( int i , int js)",550,576,27
libraw/libraw,CVE-2020-15503,707,d1975cb0e055d2bfe58c9d845c9a3e57c346a2f9,False,False,src/x3f/x3f_utils_patched.cpp,new_quattro,239,260,16
libraw/libraw,CVE-2020-15503,707,d1975cb0e055d2bfe58c9d845c9a3e57c346a2f9,False,False,src/demosaic/aahd_demosaic.cpp,AAHD::illustrate_dline( int i),639,658,20
libraw/libraw,CVE-2020-15503,707,d1975cb0e055d2bfe58c9d845c9a3e57c346a2f9,False,False,src/decoders/crx.cpp,crxDecodeLineWithIQuantization( CrxSubband * subband),1060,1105,38
libraw/libraw,CVE-2020-15503,707,d1975cb0e055d2bfe58c9d845c9a3e57c346a2f9,False,False,src/demosaic/misc_demosaic.cpp,LibRaw::vng_interpolate,180,339,158
libraw/libraw,CVE-2020-15503,707,d1975cb0e055d2bfe58c9d845c9a3e57c346a2f9,False,False,src/metadata/canon.cpp,LibRaw::Canon_CameraSettings,398,433,36
libraw/libraw,CVE-2020-15503,707,d1975cb0e055d2bfe58c9d845c9a3e57c346a2f9,False,False,samples/mem_image_sample.cpp,main,96,207,89
libraw/libraw,CVE-2020-15503,707,d1975cb0e055d2bfe58c9d845c9a3e57c346a2f9,False,False,internal/var_defines.h,,-1,-1,-1
libraw/libraw,CVE-2020-15503,707,d1975cb0e055d2bfe58c9d845c9a3e57c346a2f9,False,False,src/decoders/decoders_dcraw.cpp,LibRaw::make_decoder,109,112,4
libraw/libraw,CVE-2020-15503,707,d1975cb0e055d2bfe58c9d845c9a3e57c346a2f9,False,False,src/metadata/identify_tools.cpp,LibRaw::remove_caseSubstr,106,118,13
libraw/libraw,CVE-2020-15503,707,d1975cb0e055d2bfe58c9d845c9a3e57c346a2f9,False,False,src/metadata/olympus.cpp,LibRaw::parseOlympus_CameraSettings,162,234,70
libraw/libraw,CVE-2020-15503,707,d1975cb0e055d2bfe58c9d845c9a3e57c346a2f9,False,False,src/decoders/crx.cpp,"crxPredictKParameter( int32_t prevK , int32_t bitCode , int32_t maxVal = 0)",305,312,7
libraw/libraw,CVE-2020-15503,707,d1975cb0e055d2bfe58c9d845c9a3e57c346a2f9,False,False,src/x3f/x3f_utils_patched.cpp,huffman_decode_row,1034,1083,43
libraw/libraw,CVE-2020-15503,707,d1975cb0e055d2bfe58c9d845c9a3e57c346a2f9,False,False,src/metadata/hasselblad_model.cpp,LibRaw::parseHassyModel,76,472,346
libraw/libraw,CVE-2020-15503,707,d1975cb0e055d2bfe58c9d845c9a3e57c346a2f9,False,False,src/demosaic/ahd_demosaic.cpp,LibRaw::ahd_interpolate_green_h_and_v,74,100,26
libraw/libraw,CVE-2020-15503,707,d1975cb0e055d2bfe58c9d845c9a3e57c346a2f9,False,False,src/metadata/pentax.cpp,,-1,-1,-1
libraw/libraw,CVE-2020-15503,707,d1975cb0e055d2bfe58c9d845c9a3e57c346a2f9,False,False,src/utils/utils_libraw.cpp,libraw_strerror,37,75,39
libraw/libraw,CVE-2020-15503,707,d1975cb0e055d2bfe58c9d845c9a3e57c346a2f9,False,False,src/decoders/decoders_dcraw.cpp,LibRaw::nokia_load_raw,897,936,39
libraw/libraw,CVE-2020-15503,707,d1975cb0e055d2bfe58c9d845c9a3e57c346a2f9,False,False,src/demosaic/dht_demosaic.cpp,DHT::refine_idiag_dirs,650,693,44
libraw/libraw,CVE-2020-15503,707,d1975cb0e055d2bfe58c9d845c9a3e57c346a2f9,False,False,src/postprocessing/postprocessing_aux.cpp,LibRaw::median_filter(),244,273,29
libraw/libraw,CVE-2020-15503,707,d1975cb0e055d2bfe58c9d845c9a3e57c346a2f9,False,False,src/x3f/x3f_utils_patched.cpp,x3f_load_huffman,1426,1472,42
libraw/libraw,CVE-2020-15503,707,d1975cb0e055d2bfe58c9d845c9a3e57c346a2f9,False,False,src/metadata/normalize_model.cpp,,-1,-1,-1
libraw/libraw,CVE-2020-15503,707,d1975cb0e055d2bfe58c9d845c9a3e57c346a2f9,False,False,src/metadata/leica.cpp,LibRaw::parseLeicaLensName,112,130,17
libraw/libraw,CVE-2020-15503,707,d1975cb0e055d2bfe58c9d845c9a3e57c346a2f9,False,False,src/utils/open.cpp,"LibRaw::open_file( const wchar_t * , INT64)",67,70,4
libraw/libraw,CVE-2020-15503,707,d1975cb0e055d2bfe58c9d845c9a3e57c346a2f9,False,False,src/x3f/x3f_utils_patched.cpp,new_true,207,224,14
libraw/libraw,CVE-2020-15503,707,d1975cb0e055d2bfe58c9d845c9a3e57c346a2f9,False,False,src/metadata/makernotes.cpp,,-1,-1,-1
libraw/libraw,CVE-2020-15503,707,d1975cb0e055d2bfe58c9d845c9a3e57c346a2f9,False,False,src/demosaic/dht_demosaic.cpp,DHT::illustrate_dirs,774,783,7
libraw/libraw,CVE-2020-15503,707,d1975cb0e055d2bfe58c9d845c9a3e57c346a2f9,False,False,src/preprocessing/raw2image.cpp,LibRaw::raw2image_start,18,51,28
libraw/libraw,CVE-2020-15503,707,d1975cb0e055d2bfe58c9d845c9a3e57c346a2f9,False,False,samples/raw-identify.cpp,print_usage( const char * pname),340,355,16
libraw/libraw,CVE-2020-15503,707,d1975cb0e055d2bfe58c9d845c9a3e57c346a2f9,False,False,src/demosaic/dht_demosaic.cpp,DHT::hide_hots,262,399,109
libraw/libraw,CVE-2020-15503,707,d1975cb0e055d2bfe58c9d845c9a3e57c346a2f9,False,False,src/metadata/kodak.cpp,LibRaw::Kodak_DCR_WBtags,27,39,13
libraw/libraw,CVE-2020-15503,707,d1975cb0e055d2bfe58c9d845c9a3e57c346a2f9,False,False,src/metadata/cr3_parser.cpp,LibRaw::parseCR3,100,532,397
libraw/libraw,CVE-2020-15503,707,d1975cb0e055d2bfe58c9d845c9a3e57c346a2f9,False,False,src/integration/rawspeed_glue.cpp,,-1,-1,-1
libraw/libraw,CVE-2020-15503,707,d1975cb0e055d2bfe58c9d845c9a3e57c346a2f9,True,False,src/postprocessing/mem_image.cpp,LibRaw::dcraw_make_mem_image,227,254,24
libraw/libraw,CVE-2020-15503,707,d1975cb0e055d2bfe58c9d845c9a3e57c346a2f9,False,False,samples/dcraw_emu.cpp,usage( const char * prog),57,129,69
libraw/libraw,CVE-2020-15503,707,d1975cb0e055d2bfe58c9d845c9a3e57c346a2f9,False,False,src/x3f/x3f_utils_patched.cpp,populate_true_huffman_tree,744,775,23
libraw/libraw,CVE-2020-15503,707,d1975cb0e055d2bfe58c9d845c9a3e57c346a2f9,False,False,src/utils/utils_libraw.cpp,LibRaw::adjust_sizes_info_only,407,437,30
libraw/libraw,CVE-2020-15503,707,d1975cb0e055d2bfe58c9d845c9a3e57c346a2f9,False,False,src/write/file_write.cpp,LibRaw::layer_thumb,241,256,15
libraw/libraw,CVE-2020-15503,707,d1975cb0e055d2bfe58c9d845c9a3e57c346a2f9,False,False,src/decoders/canon_600.cpp,LibRaw::canon_600_correct,202,224,22
libraw/libraw,CVE-2020-15503,707,d1975cb0e055d2bfe58c9d845c9a3e57c346a2f9,False,False,src/utils/utils_libraw.cpp,LibRaw::setCancelFlag,301,316,11
libraw/libraw,CVE-2020-15503,707,d1975cb0e055d2bfe58c9d845c9a3e57c346a2f9,False,False,src/postprocessing/aspect_ratio.cpp,,-1,-1,-1
libraw/libraw,CVE-2020-15503,707,d1975cb0e055d2bfe58c9d845c9a3e57c346a2f9,False,False,src/decoders/decoders_libraw_dcrdefs.cpp,LibRaw::broadcom_load_raw,73,92,18
libraw/libraw,CVE-2020-15503,707,d1975cb0e055d2bfe58c9d845c9a3e57c346a2f9,False,False,src/write/write_ph.cpp,LibRaw::jpeg_thumb,32,32,1
libraw/libraw,CVE-2020-15503,707,d1975cb0e055d2bfe58c9d845c9a3e57c346a2f9,False,False,src/decoders/dng.cpp,,-1,-1,-1
libraw/libraw,CVE-2020-15503,707,d1975cb0e055d2bfe58c9d845c9a3e57c346a2f9,False,False,src/x3f/x3f_utils_patched.cpp,x3f_load_jpeg_size,1489,1492,4
libraw/libraw,CVE-2020-15503,707,d1975cb0e055d2bfe58c9d845c9a3e57c346a2f9,False,False,src/decoders/decoders_dcraw.cpp,LibRaw::canon_rmf_load_raw,938,966,28
libraw/libraw,CVE-2020-15503,707,d1975cb0e055d2bfe58c9d845c9a3e57c346a2f9,False,False,src/demosaic/dht_demosaic.cpp,DHT::copy_to_image,988,1014,20
libraw/libraw,CVE-2020-15503,707,d1975cb0e055d2bfe58c9d845c9a3e57c346a2f9,True,False,src/decoders/unpack_thumb.cpp,,-1,-1,-1
libraw/libraw,CVE-2020-15503,707,d1975cb0e055d2bfe58c9d845c9a3e57c346a2f9,False,False,src/tables/colordata.cpp,LibRaw::adobe_coeff,24,1709,1507
libraw/libraw,CVE-2020-15503,707,d1975cb0e055d2bfe58c9d845c9a3e57c346a2f9,False,False,src/x3f/x3f_utils_patched.cpp,cleanup_huffman,266,282,14
libraw/libraw,CVE-2020-15503,707,d1975cb0e055d2bfe58c9d845c9a3e57c346a2f9,False,False,src/demosaic/dht_demosaic.cpp,calc_dist,27,30,4
libraw/libraw,CVE-2020-15503,707,d1975cb0e055d2bfe58c9d845c9a3e57c346a2f9,False,False,src/demosaic/dht_demosaic.cpp,DHT::refine_diag_dirs,605,648,44
libraw/libraw,CVE-2020-15503,707,d1975cb0e055d2bfe58c9d845c9a3e57c346a2f9,False,False,src/decoders/dng.cpp,LibRaw::lossy_dng_load_raw(),175,271,93
libraw/libraw,CVE-2020-15503,707,d1975cb0e055d2bfe58c9d845c9a3e57c346a2f9,False,False,src/utils/open.cpp,LibRaw::open_datastream( LibRaw_abstract_datastream * stream),356,963,536
libraw/libraw,CVE-2020-15503,707,d1975cb0e055d2bfe58c9d845c9a3e57c346a2f9,False,False,src/decoders/decoders_dcraw.cpp,LibRaw::nikon_load_raw,754,834,78
libraw/libraw,CVE-2020-15503,707,d1975cb0e055d2bfe58c9d845c9a3e57c346a2f9,False,False,src/metadata/misc_parsers.cpp,LibRaw::parse_sinar_ia,361,400,39
libraw/libraw,CVE-2020-15503,707,d1975cb0e055d2bfe58c9d845c9a3e57c346a2f9,False,False,src/metadata/pentax.cpp,LibRaw::setPentaxBodyFeatures,18,99,80
libraw/libraw,CVE-2020-15503,707,d1975cb0e055d2bfe58c9d845c9a3e57c346a2f9,False,False,src/preprocessing/subtract_black.cpp,LibRaw::subtract_black_internal,24,87,60
libraw/libraw,CVE-2020-15503,707,d1975cb0e055d2bfe58c9d845c9a3e57c346a2f9,False,False,src/write/file_write.cpp,LibRaw::ppm16_thumb,226,239,14
libraw/libraw,CVE-2020-15503,707,d1975cb0e055d2bfe58c9d845c9a3e57c346a2f9,False,False,src/x3f/x3f_utils_patched.cpp,read_data_block,1210,1224,11
libraw/libraw,CVE-2020-15503,707,d1975cb0e055d2bfe58c9d845c9a3e57c346a2f9,False,False,src/demosaic/misc_demosaic.cpp,LibRaw::border_interpolate,82,104,22
libraw/libraw,CVE-2020-15503,707,d1975cb0e055d2bfe58c9d845c9a3e57c346a2f9,False,False,src/metadata/minolta.cpp,LibRaw::parse_minolta,21,114,90
libraw/libraw,CVE-2020-15503,707,d1975cb0e055d2bfe58c9d845c9a3e57c346a2f9,False,False,src/decoders/smal.cpp,LibRaw::smal_decode_segment,24,99,75
libraw/libraw,CVE-2020-15503,707,d1975cb0e055d2bfe58c9d845c9a3e57c346a2f9,False,False,src/metadata/misc_parsers.cpp,LibRaw::parse_broadcom,483,524,37
libraw/libraw,CVE-2020-15503,707,d1975cb0e055d2bfe58c9d845c9a3e57c346a2f9,False,False,src/x3f/x3f_utils_patched.cpp,display_code,693,706,11
libraw/libraw,CVE-2020-15503,707,d1975cb0e055d2bfe58c9d845c9a3e57c346a2f9,False,False,src/libraw_datastream.cpp,LibRaw_bigfile_datastream::LibRaw_bigfile_datastream( const char * fname),411,442,23
libraw/libraw,CVE-2020-15503,707,d1975cb0e055d2bfe58c9d845c9a3e57c346a2f9,False,False,src/metadata/misc_parsers.cpp,LibRaw::nikon_e2100,24,38,14
libraw/libraw,CVE-2020-15503,707,d1975cb0e055d2bfe58c9d845c9a3e57c346a2f9,False,False,src/metadata/sony.cpp,LibRaw::setSonyBodyFeatures,126,415,272
libraw/libraw,CVE-2020-15503,707,d1975cb0e055d2bfe58c9d845c9a3e57c346a2f9,False,False,src/decoders/load_mfbacks.cpp,LibRaw::ph1_bithuff,420,452,23
libraw/libraw,CVE-2020-15503,707,d1975cb0e055d2bfe58c9d845c9a3e57c346a2f9,False,False,src/utils/utils_libraw.cpp,LibRaw::getwords,540,561,21
libraw/libraw,CVE-2020-15503,707,d1975cb0e055d2bfe58c9d845c9a3e57c346a2f9,False,False,src/demosaic/dht_demosaic.cpp,DHT::illustrate_dline,785,804,19
libraw/libraw,CVE-2020-15503,707,d1975cb0e055d2bfe58c9d845c9a3e57c346a2f9,False,False,src/metadata/mediumformat.cpp,LibRaw::parse_phase_one,21,316,283
libraw/libraw,CVE-2020-15503,707,d1975cb0e055d2bfe58c9d845c9a3e57c346a2f9,False,False,src/demosaic/dht_demosaic.cpp,DHT::scale_over,172,177,6
libraw/libraw,CVE-2020-15503,707,d1975cb0e055d2bfe58c9d845c9a3e57c346a2f9,False,False,src/postprocessing/postprocessing_utils.cpp,,-1,-1,-1
libraw/libraw,CVE-2020-15503,707,d1975cb0e055d2bfe58c9d845c9a3e57c346a2f9,False,False,samples/raw-identify.cpp,"lookup_id2hr( unsigned long long id , id2hr_t * table , ushort nEntries)",238,244,7
libraw/libraw,CVE-2020-15503,707,d1975cb0e055d2bfe58c9d845c9a3e57c346a2f9,False,False,src/libraw_datastream.cpp,LibRaw_file_datastream::wfname(),110,113,4
libraw/libraw,CVE-2020-15503,707,d1975cb0e055d2bfe58c9d845c9a3e57c346a2f9,False,False,src/demosaic/dht_demosaic.cpp,DHT::make_diag_dirs,427,455,11
libraw/libraw,CVE-2020-15503,707,d1975cb0e055d2bfe58c9d845c9a3e57c346a2f9,False,False,src/utils/utils_libraw.cpp,LibRaw::adjust_maximum,438,457,18
libraw/libraw,CVE-2020-15503,707,d1975cb0e055d2bfe58c9d845c9a3e57c346a2f9,False,False,src/decoders/decoders_libraw.cpp,LibRaw::hasselblad_full_load_raw,118,129,11
libraw/libraw,CVE-2020-15503,707,d1975cb0e055d2bfe58c9d845c9a3e57c346a2f9,False,False,src/decoders/decoders_dcraw.cpp,LibRaw::canon_load_raw,202,277,75
libraw/libraw,CVE-2020-15503,707,d1975cb0e055d2bfe58c9d845c9a3e57c346a2f9,False,False,samples/raw-identify.cpp,,-1,-1,-1
libraw/libraw,CVE-2020-15503,707,d1975cb0e055d2bfe58c9d845c9a3e57c346a2f9,False,False,src/demosaic/dht_demosaic.cpp,DHT::make_gline,709,768,56
libraw/libraw,CVE-2020-15503,707,d1975cb0e055d2bfe58c9d845c9a3e57c346a2f9,False,False,src/decoders/decoders_libraw.cpp,unpack28bytesto16x16ns,139,158,20
libraw/libraw,CVE-2020-15503,707,d1975cb0e055d2bfe58c9d845c9a3e57c346a2f9,False,False,src/postprocessing/postprocessing_aux.cpp,LibRaw::wavelet_denoise(),130,241,98
libraw/libraw,CVE-2020-15503,707,d1975cb0e055d2bfe58c9d845c9a3e57c346a2f9,False,False,src/x3f/x3f_parse_process.cpp,LibRaw::x3f_thumb_loader,319,366,47
libraw/libraw,CVE-2020-15503,707,d1975cb0e055d2bfe58c9d845c9a3e57c346a2f9,False,False,src/metadata/fuji.cpp,,-1,-1,-1
libraw/libraw,CVE-2020-15503,707,d1975cb0e055d2bfe58c9d845c9a3e57c346a2f9,False,False,src/utils/utils_libraw.cpp,LibRaw::clearCancelFlag,284,299,11
libraw/libraw,CVE-2020-15503,707,d1975cb0e055d2bfe58c9d845c9a3e57c346a2f9,False,False,internal/dcraw_fileio.cpp,,-1,-1,-1
libraw/libraw,CVE-2020-15503,707,d1975cb0e055d2bfe58c9d845c9a3e57c346a2f9,False,False,src/utils/read_utils.cpp,LibRaw::getint,54,54,1
libraw/libraw,CVE-2020-15503,707,d1975cb0e055d2bfe58c9d845c9a3e57c346a2f9,False,False,src/decoders/smal.cpp,LibRaw::smal_v9_load_raw,159,178,19
libraw/libraw,CVE-2020-15503,707,d1975cb0e055d2bfe58c9d845c9a3e57c346a2f9,False,False,src/metadata/misc_parsers.cpp,,-1,-1,-1
libraw/libraw,CVE-2020-15503,707,d1975cb0e055d2bfe58c9d845c9a3e57c346a2f9,False,False,src/demosaic/dcb_demosaic.cpp,LibRaw::dcb_ver,45,56,10
libraw/libraw,CVE-2020-15503,707,d1975cb0e055d2bfe58c9d845c9a3e57c346a2f9,False,False,libraw/libraw.h,,-1,-1,-1
libraw/libraw,CVE-2020-15503,707,d1975cb0e055d2bfe58c9d845c9a3e57c346a2f9,False,False,src/decoders/crx.cpp,"crxIdwt53FilterInitialize( CrxPlaneComp * comp , int32_t prevLevel)",1470,1629,138
libraw/libraw,CVE-2020-15503,707,d1975cb0e055d2bfe58c9d845c9a3e57c346a2f9,False,False,src/metadata/p1.cpp,,-1,-1,-1
libraw/libraw,CVE-2020-15503,707,d1975cb0e055d2bfe58c9d845c9a3e57c346a2f9,False,False,samples/multirender_test.cpp,main,63,107,39
libraw/libraw,CVE-2020-15503,707,d1975cb0e055d2bfe58c9d845c9a3e57c346a2f9,False,False,src/decoders/fp_dng.cpp,LibRaw::deflate_dng_load_raw(),254,428,156
libraw/libraw,CVE-2020-15503,707,d1975cb0e055d2bfe58c9d845c9a3e57c346a2f9,False,False,src/utils/read_utils.cpp,LibRaw::sget2Rev,21,29,7
libraw/libraw,CVE-2020-15503,707,d1975cb0e055d2bfe58c9d845c9a3e57c346a2f9,False,False,src/postprocessing/postprocessing_utils_dcrdefs.cpp,LibRaw::scale_colors,100,241,137
libraw/libraw,CVE-2020-15503,707,d1975cb0e055d2bfe58c9d845c9a3e57c346a2f9,False,False,src/decoders/crx.cpp,crxDecodeTopLine( CrxBandParam * param),677,761,73
libraw/libraw,CVE-2020-15503,707,d1975cb0e055d2bfe58c9d845c9a3e57c346a2f9,False,False,src/x3f/x3f_utils_patched.cpp,x3f_new_from_file,312,500,145
libraw/libraw,CVE-2020-15503,707,d1975cb0e055d2bfe58c9d845c9a3e57c346a2f9,False,False,src/demosaic/aahd_demosaic.cpp,AAHD::evaluate_ahd(),302,474,131
libraw/libraw,CVE-2020-15503,707,d1975cb0e055d2bfe58c9d845c9a3e57c346a2f9,False,False,src/decoders/fuji_compressed.cpp,LibRaw::copy_line_to_xtrans,207,259,48
libraw/libraw,CVE-2020-15503,707,d1975cb0e055d2bfe58c9d845c9a3e57c346a2f9,False,False,src/metadata/identify.cpp,,-1,-1,-1
libraw/libraw,CVE-2020-15503,707,d1975cb0e055d2bfe58c9d845c9a3e57c346a2f9,False,False,src/demosaic/dcb_demosaic.cpp,LibRaw::dcb_pp,262,289,25
libraw/libraw,CVE-2020-15503,707,d1975cb0e055d2bfe58c9d845c9a3e57c346a2f9,False,False,src/postprocessing/postprocessing_ph.cpp,,-1,-1,-1
libraw/libraw,CVE-2020-15503,707,d1975cb0e055d2bfe58c9d845c9a3e57c346a2f9,False,False,samples/rawtextdump.cpp,main,56,144,85
libraw/libraw,CVE-2020-15503,707,d1975cb0e055d2bfe58c9d845c9a3e57c346a2f9,False,False,samples/openbayer_sample.cpp,main,33,65,31
libraw/libraw,CVE-2020-15503,707,d1975cb0e055d2bfe58c9d845c9a3e57c346a2f9,False,False,src/demosaic/misc_demosaic.cpp,LibRaw::lin_interpolate_loop,106,126,21
libraw/libraw,CVE-2020-15503,707,d1975cb0e055d2bfe58c9d845c9a3e57c346a2f9,False,False,src/demosaic/aahd_demosaic.cpp,AAHD::make_ahd_rb_hv( int i),660,698,29
libraw/libraw,CVE-2020-15503,707,d1975cb0e055d2bfe58c9d845c9a3e57c346a2f9,False,False,src/metadata/tiff.cpp,LibRaw::parse_tiff,1457,1472,16
libraw/libraw,CVE-2020-15503,707,d1975cb0e055d2bfe58c9d845c9a3e57c346a2f9,False,False,src/write/file_write.cpp,LibRaw::write_ppm_tiff,154,213,58
libraw/libraw,CVE-2020-15503,707,d1975cb0e055d2bfe58c9d845c9a3e57c346a2f9,False,False,src/decoders/fp_dng.cpp,"LibRaw::convertFloatToInt( float dmin , float dmax , float dtarget)",456,538,78
libraw/libraw,CVE-2020-15503,707,d1975cb0e055d2bfe58c9d845c9a3e57c346a2f9,False,False,src/demosaic/dht_demosaic.cpp,DHT::make_rbdiag,814,875,56
libraw/libraw,CVE-2020-15503,707,d1975cb0e055d2bfe58c9d845c9a3e57c346a2f9,False,False,src/x3f/x3f_utils_patched.cpp,true_decode_one_color,925,994,57
libraw/libraw,CVE-2020-15503,707,d1975cb0e055d2bfe58c9d845c9a3e57c346a2f9,False,False,src/preprocessing/ext_preprocess.cpp,LibRaw::bad_pixels,25,66,41
libraw/libraw,CVE-2020-15503,707,d1975cb0e055d2bfe58c9d845c9a3e57c346a2f9,False,False,src/utils/read_utils.cpp,,-1,-1,-1
libraw/libraw,CVE-2020-15503,707,d1975cb0e055d2bfe58c9d845c9a3e57c346a2f9,False,False,src/x3f/x3f_parse_process.cpp,lr_memmem,78,103,17
libraw/libraw,CVE-2020-15503,707,d1975cb0e055d2bfe58c9d845c9a3e57c346a2f9,False,False,src/decoders/fp_dng.cpp,LibRaw::deflate_dng_load_raw(),430,430,1
libraw/libraw,CVE-2020-15503,707,d1975cb0e055d2bfe58c9d845c9a3e57c346a2f9,False,False,src/libraw_datastream.cpp,LibRaw_bigfile_datastream::eof(),492,496,5
libraw/libraw,CVE-2020-15503,707,d1975cb0e055d2bfe58c9d845c9a3e57c346a2f9,False,False,src/metadata/leica.cpp,,-1,-1,-1
libraw/libraw,CVE-2020-15503,707,d1975cb0e055d2bfe58c9d845c9a3e57c346a2f9,False,False,src/decoders/crx.cpp,crxDecodeTopLineRounded( CrxBandParam * param),763,849,74
libraw/libraw,CVE-2020-15503,707,d1975cb0e055d2bfe58c9d845c9a3e57c346a2f9,False,False,src/metadata/sony.cpp,LibRaw::process_Sony_0x940c,875,909,34
libraw/libraw,CVE-2020-15503,707,d1975cb0e055d2bfe58c9d845c9a3e57c346a2f9,False,False,libraw/libraw.h,DllDefLibRaw::powf_lim,292,295,4
libraw/libraw,CVE-2020-15503,707,d1975cb0e055d2bfe58c9d845c9a3e57c346a2f9,False,False,src/decoders/fuji_compressed.cpp,LibRaw::fuji_decode_loop,1066,1079,11
libraw/libraw,CVE-2020-15503,707,d1975cb0e055d2bfe58c9d845c9a3e57c346a2f9,False,False,src/decoders/crx.cpp,crxDecodeLineRounded( CrxBandParam * param),475,556,73
libraw/libraw,CVE-2020-15503,707,d1975cb0e055d2bfe58c9d845c9a3e57c346a2f9,False,False,libraw/libraw_datastream.h,DllDefLibRaw_file_datastream::get_char,147,147,1
libraw/libraw,CVE-2020-15503,707,d1975cb0e055d2bfe58c9d845c9a3e57c346a2f9,False,False,src/utils/init_close_utils.cpp,LibRaw::recycle,125,269,111
libraw/libraw,CVE-2020-15503,707,d1975cb0e055d2bfe58c9d845c9a3e57c346a2f9,False,False,src/utils/utils_libraw.cpp,LibRaw::recycle_datastream,261,270,10
libraw/libraw,CVE-2020-15503,707,d1975cb0e055d2bfe58c9d845c9a3e57c346a2f9,False,False,src/metadata/samsung.cpp,LibRaw::parseSamsungMakernotes,18,176,159
libraw/libraw,CVE-2020-15503,707,d1975cb0e055d2bfe58c9d845c9a3e57c346a2f9,False,False,src/decoders/crx.cpp,crxDecodeLine( CrxBandParam * param),359,425,56
libraw/libraw,CVE-2020-15503,707,d1975cb0e055d2bfe58c9d845c9a3e57c346a2f9,False,False,src/demosaic/ahd_demosaic.cpp,LibRaw::ahd_interpolate_r_and_b_and_convert_to_cielab,164,174,11
libraw/libraw,CVE-2020-15503,707,d1975cb0e055d2bfe58c9d845c9a3e57c346a2f9,False,False,src/write/file_write.cpp,LibRaw::jpeg_thumb,277,286,9
libraw/libraw,CVE-2020-15503,707,d1975cb0e055d2bfe58c9d845c9a3e57c346a2f9,False,False,src/demosaic/dht_demosaic.cpp,DHT::make_rbhv,882,963,75
libraw/libraw,CVE-2020-15503,707,d1975cb0e055d2bfe58c9d845c9a3e57c346a2f9,False,False,src/utils/utils_libraw.cpp,LibRaw::strprogress,357,406,50
libraw/libraw,CVE-2020-15503,707,d1975cb0e055d2bfe58c9d845c9a3e57c346a2f9,False,False,src/decoders/load_mfbacks.cpp,LibRaw::phase_one_load_raw_c,454,538,81
libraw/libraw,CVE-2020-15503,707,d1975cb0e055d2bfe58c9d845c9a3e57c346a2f9,False,False,src/preprocessing/preprocessing_ph.cpp,LibRaw::copy_fuji_uncropped,20,21,2
libraw/libraw,CVE-2020-15503,707,d1975cb0e055d2bfe58c9d845c9a3e57c346a2f9,False,False,libraw/libraw_alloc.h,DllDeflibraw_memmgr::mem_ptr,85,102,15
libraw/libraw,CVE-2020-15503,707,d1975cb0e055d2bfe58c9d845c9a3e57c346a2f9,False,False,libraw/libraw.h,DllDefLibRaw::is_fuji_rotated,243,246,4
libraw/libraw,CVE-2020-15503,707,d1975cb0e055d2bfe58c9d845c9a3e57c346a2f9,False,False,src/metadata/kodak.cpp,LibRaw::KodakIllumMatrix,41,70,30
libraw/libraw,CVE-2020-15503,707,d1975cb0e055d2bfe58c9d845c9a3e57c346a2f9,False,False,src/decoders/fuji_compressed.cpp,LibRaw::copy_line_to_bayer,261,315,50
libraw/libraw,CVE-2020-15503,707,d1975cb0e055d2bfe58c9d845c9a3e57c346a2f9,False,False,src/utils/utils_libraw.cpp,LibRaw::merror,271,282,12
libraw/libraw,CVE-2020-15503,707,d1975cb0e055d2bfe58c9d845c9a3e57c346a2f9,True,False,libraw/libraw_const.h,,-1,-1,-1
libraw/libraw,CVE-2020-15503,707,d1975cb0e055d2bfe58c9d845c9a3e57c346a2f9,False,False,src/metadata/misc_parsers.cpp,LibRaw::parse_kyocera,402,433,29
libraw/libraw,CVE-2020-15503,707,d1975cb0e055d2bfe58c9d845c9a3e57c346a2f9,False,False,src/x3f/x3f_parse_process.cpp,LibRaw::x3f_load_raw,572,722,142
libraw/libraw,CVE-2020-15503,707,d1975cb0e055d2bfe58c9d845c9a3e57c346a2f9,False,False,src/decoders/dng.cpp,LibRaw::lossless_dng_load_raw(),49,128,77
libraw/libraw,CVE-2020-15503,707,d1975cb0e055d2bfe58c9d845c9a3e57c346a2f9,False,False,samples/mem_image_sample.cpp,write_ppm,36,71,20
libraw/libraw,CVE-2020-15503,707,d1975cb0e055d2bfe58c9d845c9a3e57c346a2f9,False,False,src/demosaic/dht_demosaic.cpp,DHT::make_greens,698,707,7
libraw/libraw,CVE-2020-15503,707,d1975cb0e055d2bfe58c9d845c9a3e57c346a2f9,False,False,src/demosaic/dht_demosaic.cpp,,-1,-1,-1
libraw/libraw,CVE-2020-15503,707,d1975cb0e055d2bfe58c9d845c9a3e57c346a2f9,False,False,src/write/write_ph.cpp,LibRaw::flip_index,20,29,10
libraw/libraw,CVE-2020-15503,707,d1975cb0e055d2bfe58c9d845c9a3e57c346a2f9,False,False,src/integration/dngsdk_glue.cpp,search_for_ifd,80,91,12
libraw/libraw,CVE-2020-15503,707,d1975cb0e055d2bfe58c9d845c9a3e57c346a2f9,False,False,src/x3f/x3f_parse_process.cpp,LibRaw::x3f_dpq_interpolate_af,410,497,84
libraw/libraw,CVE-2020-15503,707,d1975cb0e055d2bfe58c9d845c9a3e57c346a2f9,False,False,libraw/libraw_types.h,,-1,-1,-1
libraw/libraw,CVE-2020-15503,707,d1975cb0e055d2bfe58c9d845c9a3e57c346a2f9,False,False,src/x3f/x3f_utils_patched.cpp,x3f_load_huffman_not_compressed,1413,1424,10
libraw/libraw,CVE-2020-15503,707,d1975cb0e055d2bfe58c9d845c9a3e57c346a2f9,False,False,src/demosaic/aahd_demosaic.cpp,"AAHD::nr_offset( int row , int col)",79,82,4
libraw/libraw,CVE-2020-15503,707,d1975cb0e055d2bfe58c9d845c9a3e57c346a2f9,False,False,samples/dcraw_half.c,main,41,78,30
libraw/libraw,CVE-2020-15503,707,d1975cb0e055d2bfe58c9d845c9a3e57c346a2f9,False,False,src/decoders/decoders_dcraw.cpp,LibRaw::lossless_jpeg_load_raw,438,492,52
libraw/libraw,CVE-2020-15503,707,d1975cb0e055d2bfe58c9d845c9a3e57c346a2f9,False,False,src/decoders/decoders_libraw.cpp,pana_cs6_page_decoder::nextpixel,320,320,1
libraw/libraw,CVE-2020-15503,707,d1975cb0e055d2bfe58c9d845c9a3e57c346a2f9,False,False,src/decoders/canon_600.cpp,LibRaw::canon_600_coeff,144,172,28
libraw/libraw,CVE-2020-15503,707,d1975cb0e055d2bfe58c9d845c9a3e57c346a2f9,False,False,src/decoders/crx.cpp,crxDecodeTopLineNoRefPrevLine( CrxBandParam * param),851,943,86
libraw/libraw,CVE-2020-15503,707,d1975cb0e055d2bfe58c9d845c9a3e57c346a2f9,False,False,src/utils/utils_dcraw.cpp,LibRaw::fcol,21,46,25
libraw/libraw,CVE-2020-15503,707,d1975cb0e055d2bfe58c9d845c9a3e57c346a2f9,False,False,src/utils/utils_libraw.cpp,LibRaw::calloc,252,258,7
libraw/libraw,CVE-2020-15503,707,d1975cb0e055d2bfe58c9d845c9a3e57c346a2f9,False,False,samples/mem_image_sample.cpp,,-1,-1,-1
libraw/libraw,CVE-2020-15503,707,d1975cb0e055d2bfe58c9d845c9a3e57c346a2f9,False,False,src/decoders/decoders_libraw_dcrdefs.cpp,,-1,-1,-1
libraw/libraw,CVE-2020-15503,707,d1975cb0e055d2bfe58c9d845c9a3e57c346a2f9,False,False,src/decoders/fuji_compressed.cpp,fuji_read_code,340,370,31
libraw/libraw,CVE-2020-15503,707,d1975cb0e055d2bfe58c9d845c9a3e57c346a2f9,False,False,libraw/libraw_datastream.h,DllDefLibRaw_windows_datastream::reconstruct_base,238,244,5
libraw/libraw,CVE-2020-15503,707,d1975cb0e055d2bfe58c9d845c9a3e57c346a2f9,False,False,src/write/write_ph.cpp,LibRaw::rollei_thumb,33,33,1
libraw/libraw,CVE-2020-15503,707,d1975cb0e055d2bfe58c9d845c9a3e57c346a2f9,False,False,samples/raw-identify.cpp,"print_2fun( FILE * outfile , LibRaw & MyCoolRawProcessor , std :: string & fn)",1235,1257,23
libraw/libraw,CVE-2020-15503,707,d1975cb0e055d2bfe58c9d845c9a3e57c346a2f9,False,False,src/decoders/crx.cpp,"_BitScanReverse( DWORD * Index , unsigned long Mask)",43,46,4
libraw/libraw,CVE-2020-15503,707,d1975cb0e055d2bfe58c9d845c9a3e57c346a2f9,False,False,src/decoders/fuji_compressed.cpp,LibRaw::init_fuji_block,170,205,31
libraw/libraw,CVE-2020-15503,707,d1975cb0e055d2bfe58c9d845c9a3e57c346a2f9,False,False,src/libraw_c_api.cpp,libraw_strprogress,46,49,4
libraw/libraw,CVE-2020-15503,707,d1975cb0e055d2bfe58c9d845c9a3e57c346a2f9,True,True,src/postprocessing/mem_image.cpp,LibRaw::dcraw_make_mem_thumb,17,111,86
libraw/libraw,CVE-2020-15503,707,d1975cb0e055d2bfe58c9d845c9a3e57c346a2f9,False,False,src/metadata/sony.cpp,LibRaw::process_Sony_0x2010,552,580,26
libraw/libraw,CVE-2020-15503,707,d1975cb0e055d2bfe58c9d845c9a3e57c346a2f9,True,False,src/decoders/unpack_thumb.cpp,jpegErrorExit,24,28,5
libraw/libraw,CVE-2020-15503,707,d1975cb0e055d2bfe58c9d845c9a3e57c346a2f9,False,False,src/demosaic/dht_demosaic.cpp,DHT::make_rb,965,983,11
libraw/libraw,CVE-2020-15503,707,d1975cb0e055d2bfe58c9d845c9a3e57c346a2f9,False,False,src/preprocessing/ext_preprocess.cpp,LibRaw::subtract,68,130,62
libraw/libraw,CVE-2020-15503,707,d1975cb0e055d2bfe58c9d845c9a3e57c346a2f9,False,False,src/metadata/sony.cpp,LibRaw::parseSonySR2,1669,1876,202
libraw/libraw,CVE-2020-15503,707,d1975cb0e055d2bfe58c9d845c9a3e57c346a2f9,False,False,src/x3f/x3f_utils_patched.cpp,x3f_setup_camf_property_entry,1776,1795,17
libraw/libraw,CVE-2020-15503,707,d1975cb0e055d2bfe58c9d845c9a3e57c346a2f9,False,False,src/utils/utils_libraw.cpp,LibRaw::stread,562,572,11
libraw/libraw,CVE-2020-15503,707,d1975cb0e055d2bfe58c9d845c9a3e57c346a2f9,False,False,src/metadata/leica.cpp,LibRaw::parseLeicaInternalBodySerial,132,174,40
libraw/libraw,CVE-2020-15503,707,d1975cb0e055d2bfe58c9d845c9a3e57c346a2f9,False,False,src/x3f/x3f_parse_process.cpp,utf2char,62,76,14
libraw/libraw,CVE-2020-15503,707,d1975cb0e055d2bfe58c9d845c9a3e57c346a2f9,False,False,src/decoders/fuji_compressed.cpp,fuji_decode_sample_even,382,455,63
libraw/libraw,CVE-2020-15503,707,d1975cb0e055d2bfe58c9d845c9a3e57c346a2f9,False,False,samples/postprocessing_benchmark.cpp,timerend,202,208,7
libraw/libraw,CVE-2020-15503,707,d1975cb0e055d2bfe58c9d845c9a3e57c346a2f9,False,False,src/utils/utils_libraw.cpp,LibRaw::realloc,244,250,7
libraw/libraw,CVE-2020-15503,707,d1975cb0e055d2bfe58c9d845c9a3e57c346a2f9,False,False,src/postprocessing/postprocessing_aux.cpp,LibRaw::recover_highlights(),319,409,90
libraw/libraw,CVE-2020-15503,707,d1975cb0e055d2bfe58c9d845c9a3e57c346a2f9,False,False,src/preprocessing/raw2image.cpp,LibRaw::raw2image,53,199,132
libraw/libraw,CVE-2020-15503,707,d1975cb0e055d2bfe58c9d845c9a3e57c346a2f9,False,False,src/utils/utils_dcraw.cpp,LibRaw::crop_masked_pixels,190,252,61
libraw/libraw,CVE-2020-15503,707,d1975cb0e055d2bfe58c9d845c9a3e57c346a2f9,False,False,src/metadata/misc_parsers.cpp,LibRaw::canon_s2is,80,91,11
libraw/libraw,CVE-2020-15503,707,d1975cb0e055d2bfe58c9d845c9a3e57c346a2f9,False,False,src/decoders/decoders_dcraw.cpp,LibRaw::samsung2_load_raw,1531,1558,27
libraw/libraw,CVE-2020-15503,707,d1975cb0e055d2bfe58c9d845c9a3e57c346a2f9,False,False,internal/libraw_cxx_defs.h,,-1,-1,-1
libraw/libraw,CVE-2020-15503,707,d1975cb0e055d2bfe58c9d845c9a3e57c346a2f9,False,False,src/decoders/decoders_libraw.cpp,LibRaw::nikon_14bit_load_raw,182,202,20
libraw/libraw,CVE-2020-15503,707,d1975cb0e055d2bfe58c9d845c9a3e57c346a2f9,False,False,src/decoders/crx.cpp,,-1,-1,-1
libraw/libraw,CVE-2020-15503,707,d1975cb0e055d2bfe58c9d845c9a3e57c346a2f9,False,False,src/write/write_ph.cpp,LibRaw::ppm16_thumb,36,36,1
libraw/libraw,CVE-2017-16910,664,430c874b48ac70b1d8e8261aea40344a4abdbe23,True,False,dcraw/dcraw.c,,-1,-1,-1
libraw/libraw,CVE-2017-16910,664,430c874b48ac70b1d8e8261aea40344a4abdbe23,True,False,dcraw/dcraw.c,canon_rmf_load_raw,1740,1758,18
libraw/libraw,CVE-2017-16910,664,430c874b48ac70b1d8e8261aea40344a4abdbe23,True,False,dcraw/dcraw.c,ahd_interpolate,4503,4604,94
libraw/libraw,CVE-2017-16910,664,430c874b48ac70b1d8e8261aea40344a4abdbe23,True,False,dcraw/dcraw.c,ppm16_thumb,1233,1246,14
libraw/libraw,CVE-2017-16910,664,430c874b48ac70b1d8e8261aea40344a4abdbe23,True,False,dcraw/dcraw.c,parse_tiff_ifd,5290,5764,474
libraw/libraw,CVE-2017-16910,664,430c874b48ac70b1d8e8261aea40344a4abdbe23,True,False,dcraw/dcraw.c,adobe_coeff,6581,7386,805
libraw/libraw,CVE-2017-16910,664,430c874b48ac70b1d8e8261aea40344a4abdbe23,True,False,dcraw/dcraw.c,nikon_3700,1181,1202,21
libraw/libraw,CVE-2017-16910,664,430c874b48ac70b1d8e8261aea40344a4abdbe23,True,False,dcraw/dcraw.c,my_strcasestr,271,278,8
libraw/libraw,CVE-2017-16910,664,430c874b48ac70b1d8e8261aea40344a4abdbe23,True,False,dcraw/dcraw.c,getbithuff,544,567,23
libraw/libraw,CVE-2017-16910,664,430c874b48ac70b1d8e8261aea40344a4abdbe23,True,False,dcraw/dcraw.c,ljpeg_start,769,818,49
libraw/libraw,CVE-2017-16910,664,430c874b48ac70b1d8e8261aea40344a4abdbe23,True,False,dcraw/dcraw.c,foveon_dp_load_raw,2809,2831,22
libraw/libraw,CVE-2017-16910,664,430c874b48ac70b1d8e8261aea40344a4abdbe23,True,False,dcraw/dcraw.c,recover_highlights,4673,4747,73
libraw/libraw,CVE-2017-16910,664,430c874b48ac70b1d8e8261aea40344a4abdbe23,True,False,dcraw/dcraw.c,samsung_load_raw,2474,2500,26
libraw/libraw,CVE-2017-16910,664,430c874b48ac70b1d8e8261aea40344a4abdbe23,True,False,dcraw/dcraw.c,imacon_full_load_raw,1673,1681,8
libraw/libraw,CVE-2017-16910,664,430c874b48ac70b1d8e8261aea40344a4abdbe23,True,False,dcraw/dcraw.c,main,9010,9424,397
libraw/libraw,CVE-2017-16910,664,430c874b48ac70b1d8e8261aea40344a4abdbe23,True,False,dcraw/dcraw.c,nokia_load_raw,1721,1738,17
libraw/libraw,CVE-2017-16910,664,430c874b48ac70b1d8e8261aea40344a4abdbe23,True,False,dcraw/dcraw.c,parse_jpeg,6314,6338,23
libraw/libraw,CVE-2017-16910,664,430c874b48ac70b1d8e8261aea40344a4abdbe23,True,False,dcraw/dcraw.c,fuji_rotate,8740,8776,35
libraw/libraw,CVE-2017-16910,664,430c874b48ac70b1d8e8261aea40344a4abdbe23,True,False,dcraw/dcraw.c,parse_ciff,6033,6136,101
libraw/libraw,CVE-2017-16910,664,430c874b48ac70b1d8e8261aea40344a4abdbe23,True,False,dcraw/dcraw.c,packed_dng_load_raw,1032,1051,19
libraw/libraw,CVE-2017-16910,664,430c874b48ac70b1d8e8261aea40344a4abdbe23,True,False,dcraw/dcraw.c,fcol,235,258,23
libraw/libraw,CVE-2017-16910,664,430c874b48ac70b1d8e8261aea40344a4abdbe23,True,False,dcraw/dcraw.c,pre_interpolate,3937,3982,45
libraw/libraw,CVE-2017-16910,664,430c874b48ac70b1d8e8261aea40344a4abdbe23,True,False,dcraw/dcraw.c,cielab,4240,4269,29
libraw/libraw,CVE-2017-16910,664,430c874b48ac70b1d8e8261aea40344a4abdbe23,True,False,dcraw/dcraw.c,stretch,8778,8813,35
libraw/libraw,CVE-2017-16910,664,430c874b48ac70b1d8e8261aea40344a4abdbe23,True,False,dcraw/dcraw.c,redcine_load_raw,2637,2687,48
libraw/libraw,CVE-2017-16910,664,430c874b48ac70b1d8e8261aea40344a4abdbe23,True,True,dcraw/dcraw.c,xtrans_interpolate,4277,4496,196
libraw/libraw,CVE-2017-16910,664,430c874b48ac70b1d8e8261aea40344a4abdbe23,True,False,dcraw/dcraw.c,parse_makernote,4776,5078,299
libraw/libraw,CVE-2017-16910,664,430c874b48ac70b1d8e8261aea40344a4abdbe23,True,False,dcraw/dcraw.c,vng_interpolate,4059,4184,124
libraw/libraw,CVE-2017-16910,664,430c874b48ac70b1d8e8261aea40344a4abdbe23,True,False,dcraw/dcraw.c,packed_load_raw,1683,1719,36
libraw/libraw,CVE-2017-16910,664,430c874b48ac70b1d8e8261aea40344a4abdbe23,True,False,dcraw/dcraw.c,kodak_ycbcr_load_raw,2320,2346,26
libraw/libraw,CVE-2017-16910,664,430c874b48ac70b1d8e8261aea40344a4abdbe23,True,False,dcraw/dcraw.c,apply_tiff,5781,5916,135
libraw/libraw,CVE-2017-16910,664,430c874b48ac70b1d8e8261aea40344a4abdbe23,True,False,dcraw/dcraw.c,sinar_4shot_load_raw,1636,1671,35
libraw/libraw,CVE-2017-16910,664,430c874b48ac70b1d8e8261aea40344a4abdbe23,True,False,dcraw/dcraw.c,identify,7456,8581,1115
libraw/libraw,CVE-2017-16910,664,430c874b48ac70b1d8e8261aea40344a4abdbe23,True,False,dcraw/dcraw.c,scale_colors,3829,3935,106
libraw/libraw,CVE-2017-16910,664,430c874b48ac70b1d8e8261aea40344a4abdbe23,True,False,dcraw/dcraw.c,parse_foveon,6487,6576,87
libraw/libraw,CVE-2017-16910,664,430c874b48ac70b1d8e8261aea40344a4abdbe23,True,False,dcraw/dcraw.c,parse_fuji,6275,6312,37
libraw/libraw,CVE-2017-16910,664,430c874b48ac70b1d8e8261aea40344a4abdbe23,True,False,dcraw/dcraw.c,lossless_jpeg_load_raw,879,911,31
libraw/libraw,CVE-2017-16910,664,430c874b48ac70b1d8e8261aea40344a4abdbe23,True,False,dcraw/dcraw.c,lin_interpolate,4006,4047,41
libraw/libraw,CVE-2017-16910,664,430c874b48ac70b1d8e8261aea40344a4abdbe23,True,False,dcraw/dcraw.c,foveon_interpolate,2993,3388,356
libraw/libraw,CVE-2017-16910,664,430c874b48ac70b1d8e8261aea40344a4abdbe23,True,False,dcraw/dcraw.c,canon_sraw_load_raw,913,983,69
libraw/libraw,CVE-2017-16910,664,430c874b48ac70b1d8e8261aea40344a4abdbe23,True,False,dcraw/dcraw.c,crop_masked_pixels,3393,3459,66
