project,cve,cwe,commit_sha,is_file_vulnerable,is_function_vulnerable,file_name,function_name,function_start_line,function_end_line,function_nloc
vadz/libtiff,CVE-2016-10271,664,6b6496bb513826866bfd5fdc71f81566b7e5e924,True,False,tools/tiffcrop.c,writeBufferToContigTiles,1184,1254,61
vadz/libtiff,CVE-2016-10271,664,6b6496bb513826866bfd5fdc71f81566b7e5e924,True,False,tools/tiffcrop.c,process_command_opts,1532,2023,465
vadz/libtiff,CVE-2016-10271,664,6b6496bb513826866bfd5fdc71f81566b7e5e924,True,False,tools/tiffcrop.c,reverseSamples24bits,8647,8740,82
vadz/libtiff,CVE-2016-10271,664,6b6496bb513826866bfd5fdc71f81566b7e5e924,True,False,tools/tiffcrop.c,writeBufferToContigStrips,1088,1109,20
vadz/libtiff,CVE-2016-10271,664,6b6496bb513826866bfd5fdc71f81566b7e5e924,True,False,tools/tiffcrop.c,combineSeparateTileSamples8bits,4319,4415,85
vadz/libtiff,CVE-2016-10271,664,6b6496bb513826866bfd5fdc71f81566b7e5e924,True,False,tools/tiffcrop.c,processCompressOptions,1343,1409,63
vadz/libtiff,CVE-2016-10271,664,6b6496bb513826866bfd5fdc71f81566b7e5e924,True,False,tools/tiffcrop.c,rotateImage,8216,8495,268
vadz/libtiff,CVE-2016-10271,664,6b6496bb513826866bfd5fdc71f81566b7e5e924,True,False,tools/tiffcrop.c,readContigTilesIntoBuffer,753,939,166
vadz/libtiff,CVE-2016-10271,664,6b6496bb513826866bfd5fdc71f81566b7e5e924,True,False,tools/tiffcrop.c,combineSeparateSamples32bits,4102,4255,138
vadz/libtiff,CVE-2016-10271,664,6b6496bb513826866bfd5fdc71f81566b7e5e924,True,False,tools/tiffcrop.c,,-1,-1,-1
vadz/libtiff,CVE-2016-10271,664,6b6496bb513826866bfd5fdc71f81566b7e5e924,True,False,tools/tiffcrop.c,writeSingleSection,6890,7145,209
vadz/libtiff,CVE-2016-10271,664,6b6496bb513826866bfd5fdc71f81566b7e5e924,True,False,tools/tiffcrop.c,extractImageSection,6507,6722,169
vadz/libtiff,CVE-2016-10271,664,6b6496bb513826866bfd5fdc71f81566b7e5e924,True,False,tools/tiffcrop.c,writeBufferToSeparateStrips,1120,1179,54
vadz/libtiff,CVE-2016-10271,664,6b6496bb513826866bfd5fdc71f81566b7e5e924,True,False,tools/tiffcrop.c,combineSeparateTileSamples16bits,4418,4533,101
vadz/libtiff,CVE-2016-10271,664,6b6496bb513826866bfd5fdc71f81566b7e5e924,True,False,tools/tiffcrop.c,reverseSamples32bits,8744,8866,111
vadz/libtiff,CVE-2016-10271,664,6b6496bb513826866bfd5fdc71f81566b7e5e924,True,False,tools/tiffcrop.c,combineSeparateTileSamples32bits,4673,4826,138
vadz/libtiff,CVE-2016-10271,664,6b6496bb513826866bfd5fdc71f81566b7e5e924,True,False,tools/tiffcrop.c,usage,1412,1422,10
vadz/libtiff,CVE-2016-10271,664,6b6496bb513826866bfd5fdc71f81566b7e5e924,True,False,tools/tiffcrop.c,computeInputPixelOffsets,5141,5414,239
vadz/libtiff,CVE-2016-10271,664,6b6496bb513826866bfd5fdc71f81566b7e5e924,True,False,tools/tiffcrop.c,writeBufferToSeparateTiles,1259,1320,54
vadz/libtiff,CVE-2016-10271,664,6b6496bb513826866bfd5fdc71f81566b7e5e924,True,False,tools/tiffcrop.c,combineSeparateSamples8bits,3747,3844,86
vadz/libtiff,CVE-2016-10271,664,6b6496bb513826866bfd5fdc71f81566b7e5e924,True,False,tools/tiffcrop.c,extractSeparateRegion,6384,6504,111
vadz/libtiff,CVE-2016-10271,664,6b6496bb513826866bfd5fdc71f81566b7e5e924,True,False,tools/tiffcrop.c,combineSeparateTileSamples24bits,4536,4670,117
vadz/libtiff,CVE-2016-10271,664,6b6496bb513826866bfd5fdc71f81566b7e5e924,True,False,tools/tiffcrop.c,readSeparateStripsIntoBuffer,4829,5005,155
vadz/libtiff,CVE-2016-10271,664,6b6496bb513826866bfd5fdc71f81566b7e5e924,True,False,tools/tiffcrop.c,reverseSamples8bits,8498,8559,56
vadz/libtiff,CVE-2016-10271,664,6b6496bb513826866bfd5fdc71f81566b7e5e924,True,False,tools/tiffcrop.c,extractContigSamplesToBuffer,3505,3578,69
vadz/libtiff,CVE-2016-10271,664,6b6496bb513826866bfd5fdc71f81566b7e5e924,True,False,tools/tiffcrop.c,writeCroppedImage,7557,7809,211
vadz/libtiff,CVE-2016-10271,664,6b6496bb513826866bfd5fdc71f81566b7e5e924,True,True,tools/tiffcrop.c,readContigStripsIntoBuffer,3657,3686,27
vadz/libtiff,CVE-2016-10271,664,6b6496bb513826866bfd5fdc71f81566b7e5e924,True,False,tools/tiffcrop.c,combineSeparateTileSamplesBytes,4258,4316,53
vadz/libtiff,CVE-2016-10271,664,6b6496bb513826866bfd5fdc71f81566b7e5e924,True,False,tools/tiffcrop.c,main,2085,2374,237
vadz/libtiff,CVE-2016-10271,664,6b6496bb513826866bfd5fdc71f81566b7e5e924,True,False,tools/tiffcrop.c,mirrorImage,8918,9027,105
vadz/libtiff,CVE-2016-10271,664,6b6496bb513826866bfd5fdc71f81566b7e5e924,True,False,tools/tiffcrop.c,combineSeparateSamples24bits,3965,4099,117
vadz/libtiff,CVE-2016-10271,664,6b6496bb513826866bfd5fdc71f81566b7e5e924,True,False,tools/tiffcrop.c,combineSeparateSamplesBytes,3689,3744,51
vadz/libtiff,CVE-2016-10271,664,6b6496bb513826866bfd5fdc71f81566b7e5e924,True,False,tools/tiffcrop.c,extractCompositeRegions,6136,6370,220
vadz/libtiff,CVE-2016-10271,664,6b6496bb513826866bfd5fdc71f81566b7e5e924,True,False,tools/tiffcrop.c,readSeparateTilesIntoBuffer,941,1086,132
vadz/libtiff,CVE-2016-10271,664,6b6496bb513826866bfd5fdc71f81566b7e5e924,True,False,tools/tiffcrop.c,reverseSamples16bits,8563,8644,73
vadz/libtiff,CVE-2016-10271,664,6b6496bb513826866bfd5fdc71f81566b7e5e924,True,False,tools/tiffcrop.c,combineSeparateSamples16bits,3847,3962,101
vadz/libtiff,CVE-2016-10271,664,6b6496bb513826866bfd5fdc71f81566b7e5e924,True,False,tools/tiffcrop.c,extractContigSamplesToTileBuffer,3581,3655,68
vadz/libtiff,CVE-2016-10271,664,6b6496bb513826866bfd5fdc71f81566b7e5e924,True,False,tools/tiffcrop.c,loadImage,5856,6080,202
vadz/libtiff,CVE-2016-10270,664,d651abc097d91fac57f33b5f9447d0a9183f58e7,True,True,libtiff/tif_strip.c,TIFFNumberOfStrips,61,81,13
vadz/libtiff,CVE-2016-10270,664,8abfb62289fa8a1b6175255c9d271a7e38ce10e4,False,False,libtiff/tif_dirwrite.c,TIFFWriteDirectoryTagCheckedDoubleArray,1651,1659,9
vadz/libtiff,CVE-2016-10270,664,8abfb62289fa8a1b6175255c9d271a7e38ce10e4,False,False,libtiff/tif_dirwrite.c,TIFFWriteDirectoryTagCheckedDouble,1639,1648,10
vadz/libtiff,CVE-2016-10270,664,8abfb62289fa8a1b6175255c9d271a7e38ce10e4,False,False,libtiff/tif_dir.h,,-1,-1,-1
vadz/libtiff,CVE-2016-10270,664,8abfb62289fa8a1b6175255c9d271a7e38ce10e4,True,False,libtiff/tif_strip.c,TIFFVStripSize64,117,160,36
vadz/libtiff,CVE-2016-10270,664,8abfb62289fa8a1b6175255c9d271a7e38ce10e4,True,False,libtiff/tif_strip.c,TIFFRawStripSize64,181,196,14
vadz/libtiff,CVE-2016-10270,664,8abfb62289fa8a1b6175255c9d271a7e38ce10e4,True,False,libtiff/tif_strip.c,TIFFRasterScanlineSize,382,395,14
vadz/libtiff,CVE-2016-10270,664,8abfb62289fa8a1b6175255c9d271a7e38ce10e4,False,False,libtiff/tif_write.c,TIFFGrowStrips,596,624,28
vadz/libtiff,CVE-2016-10270,664,8abfb62289fa8a1b6175255c9d271a7e38ce10e4,False,False,libtiff/tif_jpeg.c,JPEGInitializeLibJPEG,2057,2120,48
vadz/libtiff,CVE-2016-10270,664,8abfb62289fa8a1b6175255c9d271a7e38ce10e4,True,False,libtiff/tif_strip.c,TIFFRasterScanlineSize64,366,380,14
vadz/libtiff,CVE-2016-10270,664,8abfb62289fa8a1b6175255c9d271a7e38ce10e4,True,False,libtiff/tif_dirread.c,TIFFReadCustomDirectory,3817,3918,100
vadz/libtiff,CVE-2016-10270,664,8abfb62289fa8a1b6175255c9d271a7e38ce10e4,True,False,libtiff/tif_dirread.c,TIFFReadDirEntryCheckRangeSshortLong8,2975,2981,7
vadz/libtiff,CVE-2016-10270,664,8abfb62289fa8a1b6175255c9d271a7e38ce10e4,False,False,libtiff/tif_read.c,TIFFFillStrip,260,353,62
vadz/libtiff,CVE-2016-10270,664,8abfb62289fa8a1b6175255c9d271a7e38ce10e4,True,False,libtiff/tif_dirread.c,TIFFReadDirEntrySlong8Array,1884,2037,154
vadz/libtiff,CVE-2016-10270,664,8abfb62289fa8a1b6175255c9d271a7e38ce10e4,True,False,libtiff/tif_dirread.c,TIFFReadDirEntryLongArray,1388,1555,168
vadz/libtiff,CVE-2016-10270,664,8abfb62289fa8a1b6175255c9d271a7e38ce10e4,True,False,libtiff/tif_dirread.c,TIFFReadDirEntryCheckedSrational,2731,2758,28
vadz/libtiff,CVE-2016-10270,664,8abfb62289fa8a1b6175255c9d271a7e38ce10e4,False,False,libtiff/tif_tile.c,TIFFTileRowSize64,183,196,13
vadz/libtiff,CVE-2016-10270,664,8abfb62289fa8a1b6175255c9d271a7e38ce10e4,True,False,libtiff/tif_dirread.c,TIFFReadDirEntryCheckRangeByteSlong8,2839,2845,7
vadz/libtiff,CVE-2016-10270,664,8abfb62289fa8a1b6175255c9d271a7e38ce10e4,False,False,libtiff/tif_dirwrite.c,TIFFWriteDirectoryTagIfd8Array,1093,1101,9
vadz/libtiff,CVE-2016-10270,664,8abfb62289fa8a1b6175255c9d271a7e38ce10e4,True,False,libtiff/tif_dirread.c,TIFFReadDirEntryCheckRangeLongSlong8,3023,3029,7
vadz/libtiff,CVE-2016-10270,664,8abfb62289fa8a1b6175255c9d271a7e38ce10e4,False,False,libtiff/tiffio.h,,-1,-1,-1
vadz/libtiff,CVE-2016-10270,664,8abfb62289fa8a1b6175255c9d271a7e38ce10e4,True,False,libtiff/tif_dirread.c,TIFFReadDirEntryCheckRangeSshortSlong8,2983,2989,7
vadz/libtiff,CVE-2016-10270,664,8abfb62289fa8a1b6175255c9d271a7e38ce10e4,False,False,libtiff/tif_dirwrite.c,TIFFWriteDirectoryTagCheckedIfd8Array,1672,1680,9
vadz/libtiff,CVE-2016-10270,664,8abfb62289fa8a1b6175255c9d271a7e38ce10e4,True,False,libtiff/tif_dirread.c,TIFFReadDirEntryLong,254,335,82
vadz/libtiff,CVE-2016-10270,664,8abfb62289fa8a1b6175255c9d271a7e38ce10e4,True,False,libtiff/tif_dirread.c,TIFFReadDirEntryCheckedRational,2703,2729,27
vadz/libtiff,CVE-2016-10270,664,8abfb62289fa8a1b6175255c9d271a7e38ce10e4,False,False,libtiff/tif_dirwrite.c,TIFFWriteDirectoryTagLong8Array,926,934,9
vadz/libtiff,CVE-2016-10270,664,8abfb62289fa8a1b6175255c9d271a7e38ce10e4,False,False,libtiff/tif_dirwrite.c,TIFFWriteDirectoryTagCheckedLong8,1438,1447,10
vadz/libtiff,CVE-2016-10270,664,8abfb62289fa8a1b6175255c9d271a7e38ce10e4,True,False,libtiff/tif_strip.c,TIFFRawStripSize,198,216,19
vadz/libtiff,CVE-2016-10270,664,8abfb62289fa8a1b6175255c9d271a7e38ce10e4,True,False,libtiff/tif_dirread.c,TIFFReadDirEntryCheckRangeLong8Slong8,3079,3085,7
vadz/libtiff,CVE-2016-10270,664,8abfb62289fa8a1b6175255c9d271a7e38ce10e4,False,False,libtiff/tif_dir.c,_TIFFVSetField,139,619,422
vadz/libtiff,CVE-2016-10270,664,8abfb62289fa8a1b6175255c9d271a7e38ce10e4,False,False,libtiff/tif_win32.c,_tiffWriteProc,47,55,8
vadz/libtiff,CVE-2016-10270,664,8abfb62289fa8a1b6175255c9d271a7e38ce10e4,False,False,libtiff/tif_dirwrite.c,TIFFLinkDirectory,1755,1941,157
vadz/libtiff,CVE-2016-10270,664,8abfb62289fa8a1b6175255c9d271a7e38ce10e4,True,False,libtiff/tif_dirread.c,TIFFReadDirEntryCheckRangeShortSlong8,2943,2949,7
vadz/libtiff,CVE-2016-10270,664,8abfb62289fa8a1b6175255c9d271a7e38ce10e4,True,False,libtiff/tif_dirread.c,TIFFReadDirEntryDoubleArray,2271,2501,231
vadz/libtiff,CVE-2016-10270,664,8abfb62289fa8a1b6175255c9d271a7e38ce10e4,True,False,libtiff/tif_dirread.c,TIFFReadDirEntryFloat,415,515,101
vadz/libtiff,CVE-2016-10270,664,8abfb62289fa8a1b6175255c9d271a7e38ce10e4,False,False,libtiff/tiff.h,,-1,-1,-1
vadz/libtiff,CVE-2016-10270,664,8abfb62289fa8a1b6175255c9d271a7e38ce10e4,True,False,libtiff/tif_dirread.c,TIFFReadDirEntryCheckRangeSlongLong8,3039,3045,7
vadz/libtiff,CVE-2016-10270,664,8abfb62289fa8a1b6175255c9d271a7e38ce10e4,False,False,libtiff/tif_dirwrite.c,TIFFWriteDirectoryTagSubifd,1255,1309,47
vadz/libtiff,CVE-2016-10270,664,8abfb62289fa8a1b6175255c9d271a7e38ce10e4,False,False,libtiff/tif_ojpeg.c,,-1,-1,-1
vadz/libtiff,CVE-2016-10270,664,8abfb62289fa8a1b6175255c9d271a7e38ce10e4,False,False,libtiff/tif_win32.c,_tiffSeekProc,58,83,24
vadz/libtiff,CVE-2016-10270,664,8abfb62289fa8a1b6175255c9d271a7e38ce10e4,True,False,libtiff/tif_dirread.c,TIFFReadEXIFDirectory,3925,3932,8
vadz/libtiff,CVE-2016-10270,664,8abfb62289fa8a1b6175255c9d271a7e38ce10e4,False,False,libtiff/tif_dir.c,TIFFSetDirectory,1280,1305,16
vadz/libtiff,CVE-2016-10270,664,8abfb62289fa8a1b6175255c9d271a7e38ce10e4,False,False,libtiff/tif_print.c,TIFFPrintDirectory,195,600,382
vadz/libtiff,CVE-2016-10270,664,8abfb62289fa8a1b6175255c9d271a7e38ce10e4,False,False,libtiff/tif_swab.c,TIFFSwabArrayOfLong8,122,136,13
vadz/libtiff,CVE-2016-10270,664,8abfb62289fa8a1b6175255c9d271a7e38ce10e4,True,False,libtiff/tif_dirread.c,TIFFReadDirEntryByteArray,689,868,180
vadz/libtiff,CVE-2016-10270,664,8abfb62289fa8a1b6175255c9d271a7e38ce10e4,True,False,libtiff/tif_dirread.c,TIFFReadDirEntrySshortArray,1221,1386,166
vadz/libtiff,CVE-2016-10270,664,8abfb62289fa8a1b6175255c9d271a7e38ce10e4,True,False,libtiff/tif_strip.c,TIFFStripSize,236,249,14
vadz/libtiff,CVE-2016-10270,664,8abfb62289fa8a1b6175255c9d271a7e38ce10e4,False,False,libtiff/tif_dirwrite.c,TIFFWriteDirectoryTagSlong8,937,945,9
vadz/libtiff,CVE-2016-10270,664,8abfb62289fa8a1b6175255c9d271a7e38ce10e4,True,False,libtiff/tif_dirread.c,TIFFReadDirEntryCheckedLong8,2663,2681,19
vadz/libtiff,CVE-2016-10270,664,8abfb62289fa8a1b6175255c9d271a7e38ce10e4,False,False,libtiff/tiffiop.h,,-1,-1,-1
vadz/libtiff,CVE-2016-10270,664,8abfb62289fa8a1b6175255c9d271a7e38ce10e4,False,False,libtiff/tif_dirwrite.c,TIFFWriteDirectoryTagData,1683,1749,67
vadz/libtiff,CVE-2016-10270,664,8abfb62289fa8a1b6175255c9d271a7e38ce10e4,True,False,libtiff/tif_dirread.c,TIFFReadDirEntryArray,629,687,59
vadz/libtiff,CVE-2016-10270,664,8abfb62289fa8a1b6175255c9d271a7e38ce10e4,True,False,libtiff/tif_dirread.c,TIFFReadDirEntryCheckRangeSlong8Long8,3087,3093,7
vadz/libtiff,CVE-2016-10270,664,8abfb62289fa8a1b6175255c9d271a7e38ce10e4,True,False,libtiff/tif_dirread.c,EstimateStripByteCounts,3935,4012,67
vadz/libtiff,CVE-2016-10270,664,8abfb62289fa8a1b6175255c9d271a7e38ce10e4,False,False,libtiff/tif_dirwrite.c,TIFFWriteDirectoryTagSlong8Array,948,956,9
vadz/libtiff,CVE-2016-10270,664,8abfb62289fa8a1b6175255c9d271a7e38ce10e4,False,False,libtiff/tif_write.c,TIFFSetupStrips,446,476,26
vadz/libtiff,CVE-2016-10270,664,8abfb62289fa8a1b6175255c9d271a7e38ce10e4,True,False,libtiff/tif_dirread.c,TIFFReadDirEntrySlongArray,1557,1716,160
vadz/libtiff,CVE-2016-10270,664,8abfb62289fa8a1b6175255c9d271a7e38ce10e4,True,False,libtiff/tif_strip.c,multiply_64,61,71,9
vadz/libtiff,CVE-2016-10270,664,8abfb62289fa8a1b6175255c9d271a7e38ce10e4,True,False,libtiff/tif_dirread.c,TIFFFetchDirectory,4094,4333,223
vadz/libtiff,CVE-2016-10270,664,8abfb62289fa8a1b6175255c9d271a7e38ce10e4,True,False,libtiff/tif_strip.c,TIFFVStripSize,162,175,14
vadz/libtiff,CVE-2016-10270,664,8abfb62289fa8a1b6175255c9d271a7e38ce10e4,True,False,libtiff/tif_dirread.c,TIFFReadDirEntryCheckRangeLongLong8,3015,3021,7
vadz/libtiff,CVE-2016-10270,664,8abfb62289fa8a1b6175255c9d271a7e38ce10e4,True,False,libtiff/tif_dirread.c,TIFFReadDirEntryCheckRangeShortLong8,2935,2941,7
vadz/libtiff,CVE-2016-10270,664,8abfb62289fa8a1b6175255c9d271a7e38ce10e4,True,False,libtiff/tif_dirread.c,TIFFReadDirEntryPersampleShort,2569,2595,27
vadz/libtiff,CVE-2016-10270,664,8abfb62289fa8a1b6175255c9d271a7e38ce10e4,True,False,libtiff/tif_dirread.c,TIFFReadDirEntryCheckRangeByteLong8,2831,2837,7
vadz/libtiff,CVE-2016-10270,664,8abfb62289fa8a1b6175255c9d271a7e38ce10e4,True,False,libtiff/tif_dirread.c,TIFFReadDirEntryIfd8Array,2503,2567,65
vadz/libtiff,CVE-2016-10270,664,8abfb62289fa8a1b6175255c9d271a7e38ce10e4,False,False,libtiff/tif_read.c,TIFFFillTile,489,570,56
vadz/libtiff,CVE-2016-10270,664,8abfb62289fa8a1b6175255c9d271a7e38ce10e4,False,False,libtiff/tif_dir.c,TIFFUnlinkDirectory,1348,1418,49
vadz/libtiff,CVE-2016-10270,664,8abfb62289fa8a1b6175255c9d271a7e38ce10e4,False,False,libtiff/tif_dir.c,TIFFNumberOfDirectories,1261,1273,13
vadz/libtiff,CVE-2016-10270,664,8abfb62289fa8a1b6175255c9d271a7e38ce10e4,False,False,libtiff/tif_jpeg.c,,-1,-1,-1
vadz/libtiff,CVE-2016-10270,664,8abfb62289fa8a1b6175255c9d271a7e38ce10e4,False,False,libtiff/tif_read.c,TIFFReadRawStrip,216,253,37
vadz/libtiff,CVE-2016-10270,664,8abfb62289fa8a1b6175255c9d271a7e38ce10e4,True,False,libtiff/tif_strip.c,TIFFScanlineSize64,298,342,45
vadz/libtiff,CVE-2016-10270,664,8abfb62289fa8a1b6175255c9d271a7e38ce10e4,False,False,libtiff/tif_read.c,TIFFReadBufferSetup,582,611,29
vadz/libtiff,CVE-2016-10270,664,8abfb62289fa8a1b6175255c9d271a7e38ce10e4,False,False,libtiff/tif_jpeg.c,JPEGFixupTagsSubsamplingReadByte,834,860,27
vadz/libtiff,CVE-2016-10270,664,8abfb62289fa8a1b6175255c9d271a7e38ce10e4,True,False,libtiff/tif_dirread.c,TIFFFetchNormalTag,4339,4937,599
vadz/libtiff,CVE-2016-10270,664,8abfb62289fa8a1b6175255c9d271a7e38ce10e4,False,False,libtiff/tif_dirwrite.c,TIFFWriteDirectoryTagCheckedLong8Array,1450,1458,9
vadz/libtiff,CVE-2016-10270,664,8abfb62289fa8a1b6175255c9d271a7e38ce10e4,True,False,libtiff/tif_strip.c,_TIFFDefaultStripSize,264,285,17
vadz/libtiff,CVE-2016-10270,664,8abfb62289fa8a1b6175255c9d271a7e38ce10e4,False,False,libtiff/tif_dirwrite.c,TIFFWriteDirectoryTagLong8,915,923,9
vadz/libtiff,CVE-2016-10270,664,8abfb62289fa8a1b6175255c9d271a7e38ce10e4,False,False,libtiff/tif_write.c,TIFFSetWriteOffset,722,725,4
vadz/libtiff,CVE-2016-10270,664,8abfb62289fa8a1b6175255c9d271a7e38ce10e4,True,False,libtiff/tif_strip.c,TIFFScanlineSize,344,357,14
vadz/libtiff,CVE-2016-10270,664,8abfb62289fa8a1b6175255c9d271a7e38ce10e4,False,False,libtiff/tif_dirwrite.c,_TIFFWriteDirectory,132,573,429
vadz/libtiff,CVE-2016-10270,664,8abfb62289fa8a1b6175255c9d271a7e38ce10e4,True,False,libtiff/tif_dirread.c,TIFFReadDirEntryCheckRangeSlongSlong8,3047,3053,7
vadz/libtiff,CVE-2016-10270,664,8abfb62289fa8a1b6175255c9d271a7e38ce10e4,False,False,libtiff/tif_win32.c,_tiffReadProc,36,44,8
vadz/libtiff,CVE-2016-10270,664,8abfb62289fa8a1b6175255c9d271a7e38ce10e4,False,False,libtiff/tif_ojpeg.c,OJPEGVGetField,455,494,40
vadz/libtiff,CVE-2016-10270,664,8abfb62289fa8a1b6175255c9d271a7e38ce10e4,False,False,libtiff/tif_open.c,,-1,-1,-1
vadz/libtiff,CVE-2016-10270,664,8abfb62289fa8a1b6175255c9d271a7e38ce10e4,True,False,libtiff/tif_dirread.c,TIFFReadDirEntryCheckRangeSbyteLong8,2887,2893,7
vadz/libtiff,CVE-2016-10270,664,8abfb62289fa8a1b6175255c9d271a7e38ce10e4,False,False,libtiff/tif_dir.c,_TIFFsetLong8Array,66,67,2
vadz/libtiff,CVE-2016-10270,664,8abfb62289fa8a1b6175255c9d271a7e38ce10e4,True,False,libtiff/tif_dirread.c,TIFFReadDirEntryFloatArray,2039,2269,231
vadz/libtiff,CVE-2016-10270,664,8abfb62289fa8a1b6175255c9d271a7e38ce10e4,True,False,libtiff/tif_dirread.c,TIFFReadDirectory,3175,3745,414
vadz/libtiff,CVE-2016-10270,664,8abfb62289fa8a1b6175255c9d271a7e38ce10e4,False,False,libtiff/tif_dir.c,TIFFSetSubDirectory,1314,1323,6
vadz/libtiff,CVE-2016-10270,664,8abfb62289fa8a1b6175255c9d271a7e38ce10e4,True,False,libtiff/tif_dirread.c,,-1,-1,-1
vadz/libtiff,CVE-2016-10270,664,8abfb62289fa8a1b6175255c9d271a7e38ce10e4,False,False,libtiff/tif_win32.c,_tiffMapProc,120,139,19
vadz/libtiff,CVE-2016-10270,664,8abfb62289fa8a1b6175255c9d271a7e38ce10e4,True,False,libtiff/tif_dirread.c,TIFFFetchSubjectDistance,4979,5027,44
vadz/libtiff,CVE-2016-10270,664,8abfb62289fa8a1b6175255c9d271a7e38ce10e4,False,False,libtiff/tif_ojpeg.c,OJPEGVSetField,497,576,80
vadz/libtiff,CVE-2016-10270,664,8abfb62289fa8a1b6175255c9d271a7e38ce10e4,True,False,libtiff/tif_dirread.c,TIFFReadDirEntryPersampleDouble,2597,2623,27
vadz/libtiff,CVE-2016-10270,664,8abfb62289fa8a1b6175255c9d271a7e38ce10e4,False,False,libtiff/tif_dir.c,_TIFFVGetField,688,955,252
vadz/libtiff,CVE-2016-10270,664,8abfb62289fa8a1b6175255c9d271a7e38ce10e4,False,False,libtiff/tif_read.c,TIFFReadRawTile,451,482,31
vadz/libtiff,CVE-2016-10270,664,8abfb62289fa8a1b6175255c9d271a7e38ce10e4,True,False,libtiff/tif_dirread.c,TIFFReadDirEntryCheckedSlong8,2683,2701,19
vadz/libtiff,CVE-2016-10270,664,8abfb62289fa8a1b6175255c9d271a7e38ce10e4,True,False,libtiff/tif_dirread.c,TIFFReadDirEntrySbyteArray,870,1047,178
vadz/libtiff,CVE-2016-10270,664,8abfb62289fa8a1b6175255c9d271a7e38ce10e4,False,False,libtiff/tif_tile.c,,-1,-1,-1
vadz/libtiff,CVE-2016-10270,664,8abfb62289fa8a1b6175255c9d271a7e38ce10e4,True,False,libtiff/tif_dirread.c,TIFFReadDirEntryShort,168,252,85
vadz/libtiff,CVE-2016-10270,664,8abfb62289fa8a1b6175255c9d271a7e38ce10e4,True,False,libtiff/tif_dirread.c,TIFFReadDirEntryCheckedDouble,2769,2789,21
vadz/libtiff,CVE-2016-10270,664,8abfb62289fa8a1b6175255c9d271a7e38ce10e4,False,False,libtiff/tif_dirwrite.c,TIFFWriteDirectoryTagShortLongLong8Array,1118,1174,57
vadz/libtiff,CVE-2016-10270,664,8abfb62289fa8a1b6175255c9d271a7e38ce10e4,True,False,libtiff/tif_strip.c,,-1,-1,-1
vadz/libtiff,CVE-2016-10270,664,8abfb62289fa8a1b6175255c9d271a7e38ce10e4,True,False,libtiff/tif_dirread.c,TIFFReadDirEntryIfd8,605,627,23
vadz/libtiff,CVE-2016-10270,664,8abfb62289fa8a1b6175255c9d271a7e38ce10e4,False,False,libtiff/tif_win32.c,,-1,-1,-1
vadz/libtiff,CVE-2016-10270,664,8abfb62289fa8a1b6175255c9d271a7e38ce10e4,False,False,libtiff/tif_tile.c,multiply_64,61,71,9
vadz/libtiff,CVE-2016-10270,664,8abfb62289fa8a1b6175255c9d271a7e38ce10e4,False,False,libtiff/tif_tile.c,TIFFTileSize,287,300,14
vadz/libtiff,CVE-2016-10270,664,8abfb62289fa8a1b6175255c9d271a7e38ce10e4,True,False,libtiff/tif_dirread.c,TIFFFetchStripThing,4944,4973,30
vadz/libtiff,CVE-2016-10270,664,8abfb62289fa8a1b6175255c9d271a7e38ce10e4,False,False,libtiff/tif_tile.c,TIFFVTileSize64,217,261,37
vadz/libtiff,CVE-2016-10270,664,8abfb62289fa8a1b6175255c9d271a7e38ce10e4,True,False,libtiff/tif_dirread.c,CheckDirCount,4070,4086,17
vadz/libtiff,CVE-2016-10270,664,8abfb62289fa8a1b6175255c9d271a7e38ce10e4,False,False,libtiff/tif_dir.c,TIFFAdvanceDirectory,1125,1255,131
vadz/libtiff,CVE-2016-10270,664,8abfb62289fa8a1b6175255c9d271a7e38ce10e4,True,False,libtiff/tif_dirread.c,TIFFReadDirEntryLong8Array,1718,1882,165
vadz/libtiff,CVE-2016-10270,664,8abfb62289fa8a1b6175255c9d271a7e38ce10e4,True,False,libtiff/tif_dirread.c,TIFFReadDirEntryData,3095,3110,16
vadz/libtiff,CVE-2016-10270,664,8abfb62289fa8a1b6175255c9d271a7e38ce10e4,False,False,libtiff/tif_swab.c,TIFFSwabLong8,59,68,9
vadz/libtiff,CVE-2016-10270,664,8abfb62289fa8a1b6175255c9d271a7e38ce10e4,False,False,libtiff/tif_dirwrite.c,,-1,-1,-1
vadz/libtiff,CVE-2016-10270,664,8abfb62289fa8a1b6175255c9d271a7e38ce10e4,False,False,libtiff/tif_dirwrite.c,TIFFWriteDirectoryTagCheckedSlong8,1461,1470,10
vadz/libtiff,CVE-2016-10270,664,8abfb62289fa8a1b6175255c9d271a7e38ce10e4,True,False,libtiff/tif_dirread.c,TIFFReadDirEntryCheckRangeSbyteSlong8,2895,2901,7
vadz/libtiff,CVE-2016-10270,664,8abfb62289fa8a1b6175255c9d271a7e38ce10e4,True,False,libtiff/tif_dirread.c,TIFFReadDirEntryShortArray,1049,1219,171
vadz/libtiff,CVE-2016-10270,664,8abfb62289fa8a1b6175255c9d271a7e38ce10e4,True,False,libtiff/tif_dirread.c,TIFFCheckDirOffset,4031,4063,22
vadz/libtiff,CVE-2016-10270,664,8abfb62289fa8a1b6175255c9d271a7e38ce10e4,True,True,libtiff/tif_dirread.c,ChopUpSingleUncompressedStrip,5036,5111,54
vadz/libtiff,CVE-2016-10270,664,8abfb62289fa8a1b6175255c9d271a7e38ce10e4,True,False,libtiff/tif_dirread.c,TIFFReadDirEntryLong8,337,413,77
vadz/libtiff,CVE-2016-10270,664,8abfb62289fa8a1b6175255c9d271a7e38ce10e4,False,False,libtiff/tif_tile.c,TIFFVTileSize,263,276,14
vadz/libtiff,CVE-2016-10270,664,8abfb62289fa8a1b6175255c9d271a7e38ce10e4,False,False,libtiff/tif_tile.c,TIFFTileRowSize,198,211,14
vadz/libtiff,CVE-2016-10270,664,8abfb62289fa8a1b6175255c9d271a7e38ce10e4,True,False,libtiff/tif_dirread.c,TIFFReadDirEntryDouble,517,603,87
vadz/libtiff,CVE-2016-10270,664,8abfb62289fa8a1b6175255c9d271a7e38ce10e4,False,False,libtiff/tif_dirwrite.c,TIFFWriteDirectoryTagCheckedSlong8Array,1473,1481,9
vadz/libtiff,CVE-2016-10270,664,e9eae841076d3f0c9ead2eda457fad0ac494ebbb,False,False,libtiff/tif_read.c,TIFFReadRawStrip,214,245,31
vadz/libtiff,CVE-2016-10270,664,e9eae841076d3f0c9ead2eda457fad0ac494ebbb,False,False,libtiff/tif_zip.c,ZIPPostEncode,243,271,28
vadz/libtiff,CVE-2016-10270,664,e9eae841076d3f0c9ead2eda457fad0ac494ebbb,False,False,libtiff/tif_ojpeg.c,OJPEGReadSecondarySos,1041,1088,48
vadz/libtiff,CVE-2016-10270,664,e9eae841076d3f0c9ead2eda457fad0ac494ebbb,False,False,libtiff/tif_read.c,TIFFReadRawStrip1,169,208,38
vadz/libtiff,CVE-2016-10270,664,e9eae841076d3f0c9ead2eda457fad0ac494ebbb,False,False,libtiff/tif_predict.c,PredictorSetup,50,95,40
vadz/libtiff,CVE-2016-10270,664,e9eae841076d3f0c9ead2eda457fad0ac494ebbb,False,False,libtiff/tif_dumpmode.c,DumpModeEncode,38,65,21
vadz/libtiff,CVE-2016-10270,664,e9eae841076d3f0c9ead2eda457fad0ac494ebbb,False,False,libtiff/tif_write.c,TIFFAppendToStrip,627,691,52
vadz/libtiff,CVE-2016-10270,664,e9eae841076d3f0c9ead2eda457fad0ac494ebbb,True,False,libtiff/tif_strip.c,TIFFComputeStrip,77,94,17
vadz/libtiff,CVE-2016-10270,664,e9eae841076d3f0c9ead2eda457fad0ac494ebbb,False,False,libtiff/tif_predict.c,PredictorSetupEncode,166,206,29
vadz/libtiff,CVE-2016-10270,664,e9eae841076d3f0c9ead2eda457fad0ac494ebbb,False,False,libtiff/tif_predict.c,PredictorEncodeTile,493,511,17
vadz/libtiff,CVE-2016-10270,664,e9eae841076d3f0c9ead2eda457fad0ac494ebbb,False,False,libtiff/tif_luv.c,LogLuvEncodeStrip,596,604,8
vadz/libtiff,CVE-2016-10270,664,e9eae841076d3f0c9ead2eda457fad0ac494ebbb,False,False,libtiff/tif_dir.h,,-1,-1,-1
vadz/libtiff,CVE-2016-10270,664,e9eae841076d3f0c9ead2eda457fad0ac494ebbb,False,False,libtiff/tif_write.c,TIFFWriteCheck,486,542,40
vadz/libtiff,CVE-2016-10270,664,e9eae841076d3f0c9ead2eda457fad0ac494ebbb,False,False,libtiff/tif_luv.c,LogLuvDecodeStrip,343,351,8
vadz/libtiff,CVE-2016-10270,664,e9eae841076d3f0c9ead2eda457fad0ac494ebbb,False,False,libtiff/tif_lzw.c,LZWEncode,798,956,111
vadz/libtiff,CVE-2016-10270,664,e9eae841076d3f0c9ead2eda457fad0ac494ebbb,False,False,libtiff/tif_jpeg.c,JPEGPreDecode,682,874,142
vadz/libtiff,CVE-2016-10270,664,e9eae841076d3f0c9ead2eda457fad0ac494ebbb,False,False,libtiff/tif_read.c,TIFFReadRawTile,437,461,24
vadz/libtiff,CVE-2016-10270,664,e9eae841076d3f0c9ead2eda457fad0ac494ebbb,False,False,libtiff/tif_jbig.c,JBIGOutputBie,160,170,9
vadz/libtiff,CVE-2016-10270,664,e9eae841076d3f0c9ead2eda457fad0ac494ebbb,False,False,libtiff/tif_write.c,TIFFWriteEncodedStrip,182,258,53
vadz/libtiff,CVE-2016-10270,664,e9eae841076d3f0c9ead2eda457fad0ac494ebbb,False,False,libtiff/tif_zip.c,ZIPPreEncode,193,205,11
vadz/libtiff,CVE-2016-10270,664,e9eae841076d3f0c9ead2eda457fad0ac494ebbb,False,False,libtiff/tif_pixarlog.c,PixarLogDecode,704,824,106
vadz/libtiff,CVE-2016-10270,664,e9eae841076d3f0c9ead2eda457fad0ac494ebbb,False,False,libtiff/tif_fax3.c,Fax3Decode1D,234,266,30
vadz/libtiff,CVE-2016-10270,664,e9eae841076d3f0c9ead2eda457fad0ac494ebbb,False,False,libtiff/tif_jpeg.c,JPEGEncodeRaw,1444,1522,64
vadz/libtiff,CVE-2016-10270,664,e9eae841076d3f0c9ead2eda457fad0ac494ebbb,False,False,libtiff/tif_ojpeg.c,TIFFInitOJPEG,392,440,40
vadz/libtiff,CVE-2016-10270,664,e9eae841076d3f0c9ead2eda457fad0ac494ebbb,False,False,libtiff/tif_read.c,_TIFFSwab32BitData,689,694,6
vadz/libtiff,CVE-2016-10270,664,e9eae841076d3f0c9ead2eda457fad0ac494ebbb,False,False,libtiff/tif_write.c,TIFFWriteTile,310,322,7
vadz/libtiff,CVE-2016-10270,664,e9eae841076d3f0c9ead2eda457fad0ac494ebbb,False,False,libtiff/tif_fax3.c,TIFFInitCCITTRLE,1548,1562,12
vadz/libtiff,CVE-2016-10270,664,e9eae841076d3f0c9ead2eda457fad0ac494ebbb,False,False,libtiff/tif_jbig.c,TIFFInitJBIG,305,358,31
vadz/libtiff,CVE-2016-10270,664,e9eae841076d3f0c9ead2eda457fad0ac494ebbb,False,False,libtiff/tif_packbits.c,PackBitsPreEncode,37,51,11
vadz/libtiff,CVE-2016-10270,664,e9eae841076d3f0c9ead2eda457fad0ac494ebbb,False,False,libtiff/tif_fax3.c,Fax3DecodeRLE,1503,1545,37
vadz/libtiff,CVE-2016-10270,664,e9eae841076d3f0c9ead2eda457fad0ac494ebbb,False,False,libtiff/tif_write.c,TIFFWriteScanline,49,173,73
vadz/libtiff,CVE-2016-10270,664,e9eae841076d3f0c9ead2eda457fad0ac494ebbb,False,False,libtiff/tiffio.h,,-1,-1,-1
vadz/libtiff,CVE-2016-10270,664,e9eae841076d3f0c9ead2eda457fad0ac494ebbb,False,False,libtiff/tif_next.c,NeXTDecode,49,134,60
vadz/libtiff,CVE-2016-10270,664,e9eae841076d3f0c9ead2eda457fad0ac494ebbb,False,False,libtiff/tif_tile.c,multiply_32,48,58,9
vadz/libtiff,CVE-2016-10270,664,e9eae841076d3f0c9ead2eda457fad0ac494ebbb,False,False,libtiff/tif_getimage.c,gtTileContig,583,667,71
vadz/libtiff,CVE-2016-10270,664,e9eae841076d3f0c9ead2eda457fad0ac494ebbb,False,False,libtiff/tif_read.c,_TIFFSwab16BitData,673,678,6
vadz/libtiff,CVE-2016-10270,664,e9eae841076d3f0c9ead2eda457fad0ac494ebbb,False,False,libtiff/tif_dir.c,TIFFCreateDirectory,1031,1041,10
vadz/libtiff,CVE-2016-10270,664,e9eae841076d3f0c9ead2eda457fad0ac494ebbb,False,False,libtiff/tif_lzw.c,LZWDecodeCompat,545,709,132
vadz/libtiff,CVE-2016-10270,664,e9eae841076d3f0c9ead2eda457fad0ac494ebbb,False,False,libtiff/tif_jpeg.c,std_term_destination,422,431,8
vadz/libtiff,CVE-2016-10270,664,e9eae841076d3f0c9ead2eda457fad0ac494ebbb,False,False,libtiff/tif_swab.c,TIFFSwabArrayOfTriples,89,100,10
vadz/libtiff,CVE-2016-10270,664,e9eae841076d3f0c9ead2eda457fad0ac494ebbb,False,False,libtiff/tif_compress.c,_TIFFNoStripDecode,96,100,5
vadz/libtiff,CVE-2016-10270,664,e9eae841076d3f0c9ead2eda457fad0ac494ebbb,False,False,libtiff/tif_zip.c,ZIPDecode,130,166,35
vadz/libtiff,CVE-2016-10270,664,e9eae841076d3f0c9ead2eda457fad0ac494ebbb,False,False,libtiff/tif_compress.c,_TIFFNoTileEncode,66,70,5
vadz/libtiff,CVE-2016-10270,664,e9eae841076d3f0c9ead2eda457fad0ac494ebbb,False,False,libtiff/tif_fax3.c,Fax3PreDecode,152,176,17
vadz/libtiff,CVE-2016-10270,664,e9eae841076d3f0c9ead2eda457fad0ac494ebbb,False,False,libtiff/tif_packbits.c,PackBitsEncodeChunk,199,215,14
vadz/libtiff,CVE-2016-10270,664,e9eae841076d3f0c9ead2eda457fad0ac494ebbb,False,False,libtiff/tif_write.c,TIFFWriteRawTile,426,440,14
vadz/libtiff,CVE-2016-10270,664,e9eae841076d3f0c9ead2eda457fad0ac494ebbb,False,False,libtiff/tif_read.c,TIFFFillStrip,252,339,56
vadz/libtiff,CVE-2016-10270,664,e9eae841076d3f0c9ead2eda457fad0ac494ebbb,False,False,libtiff/tif_jpeg.c,std_empty_output_buffer,407,419,10
vadz/libtiff,CVE-2016-10270,664,e9eae841076d3f0c9ead2eda457fad0ac494ebbb,False,False,libtiff/tif_packbits.c,TIFFInitPackBits,278,290,13
vadz/libtiff,CVE-2016-10270,664,e9eae841076d3f0c9ead2eda457fad0ac494ebbb,True,True,libtiff/tif_dirread.c,ChopUpSingleUncompressedStrip,3783,3858,54
vadz/libtiff,CVE-2016-10270,664,e9eae841076d3f0c9ead2eda457fad0ac494ebbb,False,False,libtiff/tif_print.c,TIFFPrintDirectory,195,609,385
vadz/libtiff,CVE-2016-10270,664,e9eae841076d3f0c9ead2eda457fad0ac494ebbb,False,False,libtiff/tif_win32.c,_tiffReadProc,36,43,8
vadz/libtiff,CVE-2016-10270,664,e9eae841076d3f0c9ead2eda457fad0ac494ebbb,False,False,libtiff/tif_thunder.c,ThunderDecode,67,131,59
vadz/libtiff,CVE-2016-10270,664,e9eae841076d3f0c9ead2eda457fad0ac494ebbb,False,False,libtiff/tif_win32.c,_tiffSeekProc,56,80,23
vadz/libtiff,CVE-2016-10270,664,e9eae841076d3f0c9ead2eda457fad0ac494ebbb,False,False,libtiff/tif_ojpeg.c,,-1,-1,-1
vadz/libtiff,CVE-2016-10270,664,e9eae841076d3f0c9ead2eda457fad0ac494ebbb,False,False,libtiff/tif_swab.c,TIFFSwabDouble,141,148,7
vadz/libtiff,CVE-2016-10270,664,e9eae841076d3f0c9ead2eda457fad0ac494ebbb,False,False,libtiff/tif_fax3.c,Fax3Decode2D,273,319,42
vadz/libtiff,CVE-2016-10270,664,e9eae841076d3f0c9ead2eda457fad0ac494ebbb,False,False,libtiff/tif_ojpeg.c,OJPEGEncode,862,870,9
vadz/libtiff,CVE-2016-10270,664,e9eae841076d3f0c9ead2eda457fad0ac494ebbb,False,False,libtiff/tif_tile.c,summarize_32,35,45,9
vadz/libtiff,CVE-2016-10270,664,e9eae841076d3f0c9ead2eda457fad0ac494ebbb,False,False,libtiff/tif_read.c,TIFFFillTile,468,544,51
vadz/libtiff,CVE-2016-10270,664,e9eae841076d3f0c9ead2eda457fad0ac494ebbb,False,False,libtiff/tif_zip.c,,-1,-1,-1
vadz/libtiff,CVE-2016-10270,664,e9eae841076d3f0c9ead2eda457fad0ac494ebbb,False,False,libtiff/tif_compress.c,_TIFFNoRowDecode,89,93,5
vadz/libtiff,CVE-2016-10270,664,e9eae841076d3f0c9ead2eda457fad0ac494ebbb,False,False,libtiff/tif_pixarlog.c,PixarLogEncode,1046,1120,69
vadz/libtiff,CVE-2016-10270,664,e9eae841076d3f0c9ead2eda457fad0ac494ebbb,False,False,libtiff/tif_jbig.c,JBIGDecode,78,119,25
vadz/libtiff,CVE-2016-10270,664,e9eae841076d3f0c9ead2eda457fad0ac494ebbb,False,False,libtiff/tif_ojpeg.c,OJPEGPostDecode,830,842,13
vadz/libtiff,CVE-2016-10270,664,e9eae841076d3f0c9ead2eda457fad0ac494ebbb,False,False,libtiff/tif_jpeg.c,JPEGEncode,1415,1437,20
vadz/libtiff,CVE-2016-10270,664,e9eae841076d3f0c9ead2eda457fad0ac494ebbb,False,False,libtiff/tif_luv.c,LogL16Encode,373,455,79
vadz/libtiff,CVE-2016-10270,664,e9eae841076d3f0c9ead2eda457fad0ac494ebbb,False,False,libtiff/tif_write.c,TIFFWriteEncodedTile,337,414,53
vadz/libtiff,CVE-2016-10270,664,e9eae841076d3f0c9ead2eda457fad0ac494ebbb,True,False,libtiff/tif_strip.c,TIFFRawStripSize,165,180,14
vadz/libtiff,CVE-2016-10270,664,e9eae841076d3f0c9ead2eda457fad0ac494ebbb,False,False,libtiff/tif_lzw.c,,-1,-1,-1
vadz/libtiff,CVE-2016-10270,664,e9eae841076d3f0c9ead2eda457fad0ac494ebbb,False,False,libtiff/tif_fax3.c,Fax4Decode,1396,1437,37
vadz/libtiff,CVE-2016-10270,664,e9eae841076d3f0c9ead2eda457fad0ac494ebbb,False,False,libtiff/tif_compress.c,_TIFFNoPreCode,119,123,5
vadz/libtiff,CVE-2016-10270,664,e9eae841076d3f0c9ead2eda457fad0ac494ebbb,False,False,libtiff/tif_read.c,TIFFReadEncodedTile,364,388,24
vadz/libtiff,CVE-2016-10270,664,e9eae841076d3f0c9ead2eda457fad0ac494ebbb,False,False,libtiff/tif_jbig.c,JBIGCopyEncodedData,132,158,24
vadz/libtiff,CVE-2016-10270,664,e9eae841076d3f0c9ead2eda457fad0ac494ebbb,False,False,libtiff/tif_thunder.c,ThunderDecodeRow,134,146,12
vadz/libtiff,CVE-2016-10270,664,e9eae841076d3f0c9ead2eda457fad0ac494ebbb,False,False,libtiff/tif_compress.c,_TIFFNoTileDecode,103,107,5
vadz/libtiff,CVE-2016-10270,664,e9eae841076d3f0c9ead2eda457fad0ac494ebbb,False,False,libtiff/tiffiop.h,,-1,-1,-1
vadz/libtiff,CVE-2016-10270,664,e9eae841076d3f0c9ead2eda457fad0ac494ebbb,False,False,libtiff/tif_win32.c,_tiffSizeProc,89,94,6
vadz/libtiff,CVE-2016-10270,664,e9eae841076d3f0c9ead2eda457fad0ac494ebbb,False,False,libtiff/tif_read.c,TIFFReadRawTile1,391,431,39
vadz/libtiff,CVE-2016-10270,664,e9eae841076d3f0c9ead2eda457fad0ac494ebbb,False,False,libtiff/tif_ojpeg.c,OJPEGReadHeaderInfoSec,1189,1317,127
vadz/libtiff,CVE-2016-10270,664,e9eae841076d3f0c9ead2eda457fad0ac494ebbb,False,False,libtiff/tif_dumpmode.c,DumpModeDecode,71,89,15
vadz/libtiff,CVE-2016-10270,664,e9eae841076d3f0c9ead2eda457fad0ac494ebbb,False,False,libtiff/tif_fax3.c,,-1,-1,-1
vadz/libtiff,CVE-2016-10270,664,e9eae841076d3f0c9ead2eda457fad0ac494ebbb,False,False,libtiff/tif_fax3.c,Fax3PreEncode,692,728,21
vadz/libtiff,CVE-2016-10270,664,e9eae841076d3f0c9ead2eda457fad0ac494ebbb,False,False,libtiff/tif_dirwrite.c,_TIFFWriteDirectory,85,417,242
vadz/libtiff,CVE-2016-10270,664,e9eae841076d3f0c9ead2eda457fad0ac494ebbb,False,False,libtiff/tif_next.c,TIFFInitNeXT,137,144,8
vadz/libtiff,CVE-2016-10270,664,e9eae841076d3f0c9ead2eda457fad0ac494ebbb,False,False,libtiff/tif_pixarlog.c,,-1,-1,-1
vadz/libtiff,CVE-2016-10270,664,e9eae841076d3f0c9ead2eda457fad0ac494ebbb,False,False,libtiff/tif_read.c,TIFFReadTile,351,357,7
vadz/libtiff,CVE-2016-10270,664,e9eae841076d3f0c9ead2eda457fad0ac494ebbb,False,False,libtiff/tif_write.c,,-1,-1,-1
vadz/libtiff,CVE-2016-10270,664,e9eae841076d3f0c9ead2eda457fad0ac494ebbb,False,False,libtiff/tif_write.c,TIFFSetupStrips,446,476,26
vadz/libtiff,CVE-2016-10270,664,e9eae841076d3f0c9ead2eda457fad0ac494ebbb,False,False,libtiff/tif_packbits.c,PackBitsDecode,218,275,53
vadz/libtiff,CVE-2016-10270,664,e9eae841076d3f0c9ead2eda457fad0ac494ebbb,False,False,libtiff/tif_write.c,TIFFWriteBufferSetup,548,586,35
vadz/libtiff,CVE-2016-10270,664,e9eae841076d3f0c9ead2eda457fad0ac494ebbb,False,False,libtiff/tif_pixarlog.c,TIFFInitPixarLog,1291,1351,39
vadz/libtiff,CVE-2016-10270,664,e9eae841076d3f0c9ead2eda457fad0ac494ebbb,False,False,libtiff/tif_read.c,_TIFFNoPostDecode,667,670,4
vadz/libtiff,CVE-2016-10270,664,e9eae841076d3f0c9ead2eda457fad0ac494ebbb,False,False,libtiff/tif_luv.c,LogLuvDecodeTile,359,367,8
vadz/libtiff,CVE-2016-10270,664,e9eae841076d3f0c9ead2eda457fad0ac494ebbb,False,False,libtiff/tif_swab.c,TIFFSwabArrayOfDouble,153,163,10
vadz/libtiff,CVE-2016-10270,664,e9eae841076d3f0c9ead2eda457fad0ac494ebbb,False,False,libtiff/tif_compress.c,_TIFFNoRowEncode,52,56,5
vadz/libtiff,CVE-2016-10270,664,e9eae841076d3f0c9ead2eda457fad0ac494ebbb,False,False,libtiff/tif_luv.c,LogLuvEncode32,506,589,79
vadz/libtiff,CVE-2016-10270,664,e9eae841076d3f0c9ead2eda457fad0ac494ebbb,False,False,libtiff/tif_luv.c,LogLuvSetupEncode,1373,1438,65
vadz/libtiff,CVE-2016-10270,664,e9eae841076d3f0c9ead2eda457fad0ac494ebbb,False,False,libtiff/tif_ojpeg.c,OJPEGPreDecode,613,673,61
vadz/libtiff,CVE-2016-10270,664,e9eae841076d3f0c9ead2eda457fad0ac494ebbb,False,False,libtiff/tif_tile.c,_TIFFDefaultTileSize,268,280,12
vadz/libtiff,CVE-2016-10270,664,e9eae841076d3f0c9ead2eda457fad0ac494ebbb,False,False,libtiff/tif_packbits.c,PackBitsEncode,72,189,102
vadz/libtiff,CVE-2016-10270,664,e9eae841076d3f0c9ead2eda457fad0ac494ebbb,False,False,libtiff/tif_swab.c,TIFFSwabArrayOfShort,73,84,10
vadz/libtiff,CVE-2016-10270,664,e9eae841076d3f0c9ead2eda457fad0ac494ebbb,True,False,libtiff/tif_strip.c,TIFFVStripSize,117,158,34
vadz/libtiff,CVE-2016-10270,664,e9eae841076d3f0c9ead2eda457fad0ac494ebbb,False,False,libtiff/tif_read.c,,-1,-1,-1
vadz/libtiff,CVE-2016-10270,664,e9eae841076d3f0c9ead2eda457fad0ac494ebbb,False,False,libtiff/tif_lzw.c,LZWDecode,342,526,152
vadz/libtiff,CVE-2016-10270,664,e9eae841076d3f0c9ead2eda457fad0ac494ebbb,False,False,libtiff/tif_read.c,_TIFFSwab24BitData,681,686,6
vadz/libtiff,CVE-2016-10270,664,e9eae841076d3f0c9ead2eda457fad0ac494ebbb,False,False,libtiff/tif_read.c,_TIFFSwab64BitData,697,702,6
vadz/libtiff,CVE-2016-10270,664,e9eae841076d3f0c9ead2eda457fad0ac494ebbb,False,False,libtiff/tif_compress.c,_TIFFNoStripEncode,59,63,5
vadz/libtiff,CVE-2016-10270,664,e9eae841076d3f0c9ead2eda457fad0ac494ebbb,False,False,libtiff/tif_zip.c,ZIPEncode,211,236,24
vadz/libtiff,CVE-2016-10270,664,e9eae841076d3f0c9ead2eda457fad0ac494ebbb,False,False,libtiff/tif_luv.c,LogLuvDecode24,241,277,33
vadz/libtiff,CVE-2016-10270,664,e9eae841076d3f0c9ead2eda457fad0ac494ebbb,False,False,libtiff/tif_tile.c,TIFFCheckTile,114,148,34
vadz/libtiff,CVE-2016-10270,664,e9eae841076d3f0c9ead2eda457fad0ac494ebbb,False,False,libtiff/tif_jpeg.c,JPEGDecodeRaw,985,1102,85
vadz/libtiff,CVE-2016-10270,664,e9eae841076d3f0c9ead2eda457fad0ac494ebbb,True,False,libtiff/tif_dirread.c,EstimateStripByteCounts,2482,2559,67
vadz/libtiff,CVE-2016-10270,664,e9eae841076d3f0c9ead2eda457fad0ac494ebbb,False,False,libtiff/tif_luv.c,LogLuvEncodeTile,611,619,8
vadz/libtiff,CVE-2016-10270,664,e9eae841076d3f0c9ead2eda457fad0ac494ebbb,False,False,libtiff/tif_jpeg.c,,-1,-1,-1
vadz/libtiff,CVE-2016-10270,664,e9eae841076d3f0c9ead2eda457fad0ac494ebbb,False,False,libtiff/tif_tile.c,TIFFTileRowSize,183,196,13
vadz/libtiff,CVE-2016-10270,664,e9eae841076d3f0c9ead2eda457fad0ac494ebbb,False,False,libtiff/tif_jpeg.c,std_init_source,514,521,7
vadz/libtiff,CVE-2016-10270,664,e9eae841076d3f0c9ead2eda457fad0ac494ebbb,False,False,libtiff/tif_predict.c,PredictorDecodeRow,335,348,12
vadz/libtiff,CVE-2016-10270,664,e9eae841076d3f0c9ead2eda457fad0ac494ebbb,True,False,libtiff/tif_dirread.c,TIFFReadDirectory,1702,2306,442
vadz/libtiff,CVE-2016-10270,664,e9eae841076d3f0c9ead2eda457fad0ac494ebbb,False,False,libtiff/tif_zip.c,TIFFInitZIP,343,400,39
vadz/libtiff,CVE-2016-10270,664,e9eae841076d3f0c9ead2eda457fad0ac494ebbb,False,False,libtiff/tif_dirinfo.c,_TIFFSampleToTagType,693,711,17
vadz/libtiff,CVE-2016-10270,664,e9eae841076d3f0c9ead2eda457fad0ac494ebbb,False,False,libtiff/tif_predict.c,swabHorAcc16,262,276,14
vadz/libtiff,CVE-2016-10270,664,e9eae841076d3f0c9ead2eda457fad0ac494ebbb,False,False,libtiff/tif_read.c,TIFFReadEncodedStrip,124,166,38
vadz/libtiff,CVE-2016-10270,664,e9eae841076d3f0c9ead2eda457fad0ac494ebbb,False,False,libtiff/tif_fax3.c,Fax3SetupState,464,535,55
vadz/libtiff,CVE-2016-10270,664,e9eae841076d3f0c9ead2eda457fad0ac494ebbb,True,False,libtiff/tif_dirread.c,TIFFFetchData,2889,2960,69
vadz/libtiff,CVE-2016-10270,664,e9eae841076d3f0c9ead2eda457fad0ac494ebbb,False,False,libtiff/tif_fax3.c,Fax3Encode,1013,1045,32
vadz/libtiff,CVE-2016-10270,664,e9eae841076d3f0c9ead2eda457fad0ac494ebbb,False,False,libtiff/tif_thunder.c,TIFFInitThunderScan,149,155,7
vadz/libtiff,CVE-2016-10270,664,e9eae841076d3f0c9ead2eda457fad0ac494ebbb,False,False,libtiff/tif_jbig.c,JBIGEncode,172,194,16
vadz/libtiff,CVE-2016-10270,664,e9eae841076d3f0c9ead2eda457fad0ac494ebbb,True,False,libtiff/tif_dirread.c,TIFFFetchStripThing,3694,3722,29
vadz/libtiff,CVE-2016-10270,664,e9eae841076d3f0c9ead2eda457fad0ac494ebbb,False,False,libtiff/tif_write.c,TIFFGrowStrips,592,621,29
vadz/libtiff,CVE-2016-10270,664,e9eae841076d3f0c9ead2eda457fad0ac494ebbb,False,False,libtiff/tif_win32.c,_tiffWriteProc,46,53,8
vadz/libtiff,CVE-2016-10270,664,e9eae841076d3f0c9ead2eda457fad0ac494ebbb,False,False,libtiff/tif_luv.c,LogLuvDecode32,283,335,48
vadz/libtiff,CVE-2016-10270,664,e9eae841076d3f0c9ead2eda457fad0ac494ebbb,False,False,libtiff/tif_lzw.c,LZWPreDecode,248,317,40
vadz/libtiff,CVE-2016-10270,664,e9eae841076d3f0c9ead2eda457fad0ac494ebbb,False,False,libtiff/tif_write.c,TIFFFlushData1,699,714,16
vadz/libtiff,CVE-2016-10270,664,e9eae841076d3f0c9ead2eda457fad0ac494ebbb,False,False,libtiff/tif_pixarlog.c,PixarLogPreEncode,867,876,9
vadz/libtiff,CVE-2016-10270,664,e9eae841076d3f0c9ead2eda457fad0ac494ebbb,False,False,libtiff/tif_swab.c,TIFFReverseBits,251,266,16
vadz/libtiff,CVE-2016-10270,664,e9eae841076d3f0c9ead2eda457fad0ac494ebbb,False,False,libtiff/tif_pixarlog.c,PixarLogPreDecode,692,701,9
vadz/libtiff,CVE-2016-10270,664,e9eae841076d3f0c9ead2eda457fad0ac494ebbb,False,False,libtiff/tif_open.c,,-1,-1,-1
vadz/libtiff,CVE-2016-10270,664,e9eae841076d3f0c9ead2eda457fad0ac494ebbb,False,False,libtiff/tif_getimage.c,gtStripContig,801,873,65
vadz/libtiff,CVE-2016-10270,664,e9eae841076d3f0c9ead2eda457fad0ac494ebbb,False,False,libtiff/tif_jpeg.c,TIFFInitJPEG,1917,2009,57
vadz/libtiff,CVE-2016-10270,664,e9eae841076d3f0c9ead2eda457fad0ac494ebbb,False,False,libtiff/tif_luv.c,LogL16Decode,184,235,47
vadz/libtiff,CVE-2016-10270,664,e9eae841076d3f0c9ead2eda457fad0ac494ebbb,False,False,libtiff/tif_fax3.c,TIFFInitCCITTFax4,1473,1492,16
vadz/libtiff,CVE-2016-10270,664,e9eae841076d3f0c9ead2eda457fad0ac494ebbb,False,False,libtiff/tif_dirwrite.c,TIFFWriteData,1191,1226,35
vadz/libtiff,CVE-2016-10270,664,e9eae841076d3f0c9ead2eda457fad0ac494ebbb,False,False,libtiff/tif_tile.c,TIFFComputeTile,77,107,29
vadz/libtiff,CVE-2016-10270,664,e9eae841076d3f0c9ead2eda457fad0ac494ebbb,False,False,libtiff/tif_luv.c,TIFFInitSGILog,1556,1603,34
vadz/libtiff,CVE-2016-10270,664,e9eae841076d3f0c9ead2eda457fad0ac494ebbb,True,False,libtiff/tif_dirread.c,,-1,-1,-1
vadz/libtiff,CVE-2016-10270,664,e9eae841076d3f0c9ead2eda457fad0ac494ebbb,False,False,libtiff/tif_read.c,TIFFReadScanline,96,117,15
vadz/libtiff,CVE-2016-10270,664,e9eae841076d3f0c9ead2eda457fad0ac494ebbb,False,False,libtiff/tif_zip.c,ZIPPreDecode,114,127,11
vadz/libtiff,CVE-2016-10270,664,e9eae841076d3f0c9ead2eda457fad0ac494ebbb,False,False,libtiff/tif_lzw.c,LZWPostEncode,963,986,23
vadz/libtiff,CVE-2016-10270,664,e9eae841076d3f0c9ead2eda457fad0ac494ebbb,False,False,libtiff/tif_getimage.c,gtTileSeparate,676,792,103
vadz/libtiff,CVE-2016-10270,664,e9eae841076d3f0c9ead2eda457fad0ac494ebbb,False,False,libtiff/tif_jpeg.c,JPEGPreEncode,1294,1408,95
vadz/libtiff,CVE-2016-10270,664,e9eae841076d3f0c9ead2eda457fad0ac494ebbb,False,False,libtiff/tif_dir.c,_TIFFVGetField,669,936,252
vadz/libtiff,CVE-2016-10270,664,e9eae841076d3f0c9ead2eda457fad0ac494ebbb,False,False,libtiff/tif_fax3.c,TIFFInitCCITTRLEW,1565,1579,12
vadz/libtiff,CVE-2016-10270,664,e9eae841076d3f0c9ead2eda457fad0ac494ebbb,False,False,libtiff/tif_read.c,TIFFReadBufferSetup,556,583,27
vadz/libtiff,CVE-2016-10270,664,e9eae841076d3f0c9ead2eda457fad0ac494ebbb,False,False,libtiff/tif_ojpeg.c,OJPEGReadBufferFill,1849,1921,71
vadz/libtiff,CVE-2016-10270,664,e9eae841076d3f0c9ead2eda457fad0ac494ebbb,False,False,libtiff/tif_jpeg.c,JPEGDecode,881,978,68
vadz/libtiff,CVE-2016-10270,664,e9eae841076d3f0c9ead2eda457fad0ac494ebbb,False,False,libtiff/tif_read.c,TIFFStartTile,620,648,28
vadz/libtiff,CVE-2016-10270,664,e9eae841076d3f0c9ead2eda457fad0ac494ebbb,False,False,libtiff/tif_tile.c,,-1,-1,-1
vadz/libtiff,CVE-2016-10270,664,e9eae841076d3f0c9ead2eda457fad0ac494ebbb,False,False,libtiff/tif_pixarlog.c,PixarLogPostEncode,1128,1156,27
vadz/libtiff,CVE-2016-10270,664,e9eae841076d3f0c9ead2eda457fad0ac494ebbb,False,False,libtiff/tif_read.c,TIFFSeek,47,93,35
vadz/libtiff,CVE-2016-10270,664,e9eae841076d3f0c9ead2eda457fad0ac494ebbb,True,False,libtiff/tif_strip.c,,-1,-1,-1
vadz/libtiff,CVE-2016-10270,664,e9eae841076d3f0c9ead2eda457fad0ac494ebbb,False,False,libtiff/tif_tile.c,TIFFNumberOfTiles,154,177,23
vadz/libtiff,CVE-2016-10270,664,e9eae841076d3f0c9ead2eda457fad0ac494ebbb,False,False,libtiff/tif_dirwrite.c,_TIFFWriteCustomDirectory,447,565,81
vadz/libtiff,CVE-2016-10270,664,e9eae841076d3f0c9ead2eda457fad0ac494ebbb,False,False,libtiff/tif_lzw.c,TIFFInitLZW,1033,1071,29
vadz/libtiff,CVE-2016-10270,664,e9eae841076d3f0c9ead2eda457fad0ac494ebbb,False,False,libtiff/tif_lzw.c,LZWPreEncode,735,762,21
vadz/libtiff,CVE-2016-10270,664,e9eae841076d3f0c9ead2eda457fad0ac494ebbb,False,False,libtiff/tif_predict.c,PredictorDecodeTile,358,377,18
vadz/libtiff,CVE-2016-10270,664,e9eae841076d3f0c9ead2eda457fad0ac494ebbb,False,False,libtiff/tif_read.c,TIFFStartStrip,590,613,23
vadz/libtiff,CVE-2016-10270,664,e9eae841076d3f0c9ead2eda457fad0ac494ebbb,False,False,libtiff/tif_win32.c,,-1,-1,-1
vadz/libtiff,CVE-2016-10270,664,e9eae841076d3f0c9ead2eda457fad0ac494ebbb,False,False,libtiff/tif_tile.c,multiply_64,61,71,9
vadz/libtiff,CVE-2016-10270,664,e9eae841076d3f0c9ead2eda457fad0ac494ebbb,False,False,libtiff/tif_tile.c,TIFFVTileSize,202,244,35
vadz/libtiff,CVE-2016-10270,664,e9eae841076d3f0c9ead2eda457fad0ac494ebbb,False,False,libtiff/tif_write.c,TIFFWriteRawStrip,266,303,23
vadz/libtiff,CVE-2016-10270,664,e9eae841076d3f0c9ead2eda457fad0ac494ebbb,False,False,libtiff/tif_luv.c,LogLuvEncode24,461,500,36
vadz/libtiff,CVE-2016-10270,664,e9eae841076d3f0c9ead2eda457fad0ac494ebbb,False,False,libtiff/tif_ojpeg.c,OJPEGDecode,732,747,16
vadz/libtiff,CVE-2016-10270,664,e9eae841076d3f0c9ead2eda457fad0ac494ebbb,False,False,libtiff/tif_getimage.c,gtStripSeparate,882,983,94
vadz/libtiff,CVE-2016-10270,664,e9eae841076d3f0c9ead2eda457fad0ac494ebbb,False,False,libtiff/tif_dir.c,_TIFFVSetField,137,600,404
vadz/libtiff,CVE-2016-10270,664,e9eae841076d3f0c9ead2eda457fad0ac494ebbb,False,False,libtiff/tif_predict.c,,-1,-1,-1
vadz/libtiff,CVE-2016-10270,664,e9eae841076d3f0c9ead2eda457fad0ac494ebbb,False,False,libtiff/tif_ojpeg.c,OJPEGPreEncode,853,859,7
vadz/libtiff,CVE-2016-10270,664,e9eae841076d3f0c9ead2eda457fad0ac494ebbb,False,False,libtiff/tif_dir.c,TIFFUnlinkDirectory,1329,1399,49
vadz/libtiff,CVE-2016-10270,664,e9eae841076d3f0c9ead2eda457fad0ac494ebbb,False,False,libtiff/tif_fax3.c,InitCCITTFax3,1310,1369,43
vadz/libtiff,CVE-2016-10270,664,e9eae841076d3f0c9ead2eda457fad0ac494ebbb,False,False,libtiff/tif_luv.c,LogLuvSetupDecode,1312,1370,58
vadz/libtiff,CVE-2016-10270,664,e9eae841076d3f0c9ead2eda457fad0ac494ebbb,False,False,libtiff/tif_predict.c,PredictorSetupDecode,98,163,38
vadz/libtiff,CVE-2016-10270,664,e9eae841076d3f0c9ead2eda457fad0ac494ebbb,False,False,libtiff/tif_swab.c,TIFFSwabArrayOfLong,105,117,11
vadz/libtiff,CVE-2016-10270,664,e9eae841076d3f0c9ead2eda457fad0ac494ebbb,False,False,libtiff/tif_predict.c,PredictorEncodeRow,479,490,9
vadz/libtiff,CVE-2016-10270,664,e9eae841076d3f0c9ead2eda457fad0ac494ebbb,False,False,libtiff/tif_fax3.c,Fax4Encode,1444,1457,13
vadz/libtiff,CVE-2016-10270,664,e9eae841076d3f0c9ead2eda457fad0ac494ebbb,False,False,libtiff/tif_jpeg.c,std_init_destination,397,404,7
vadz/libtiff,CVE-2016-10270,664,9a429af8fc5f182a14add1aed014362205a11ecb,True,True,libtiff/tif_dirread.c,ChopUpSingleUncompressedStrip,1519,1594,50
vadz/libtiff,CVE-2016-9533,664,cee4d331365cd921ce5c688a31e29bcf845dea05,False,False,tools/tiff2ps.c,TIFF2PS,686,900,203
vadz/libtiff,CVE-2016-9533,664,cee4d331365cd921ce5c688a31e29bcf845dea05,True,False,tools/tiffcrop.c,readSeparateTilesIntoBuffer,779,848,62
vadz/libtiff,CVE-2016-9533,664,cee4d331365cd921ce5c688a31e29bcf845dea05,True,False,tools/tiffcrop.c,computeInputPixelOffsets,4226,4502,238
vadz/libtiff,CVE-2016-9533,664,cee4d331365cd921ce5c688a31e29bcf845dea05,True,False,tools/tiffcrop.c,writeBufferToSeparateTiles,1031,1097,59
vadz/libtiff,CVE-2016-9533,664,cee4d331365cd921ce5c688a31e29bcf845dea05,True,False,tools/tiffcrop.c,reverseSamples32bits,7673,7795,111
vadz/libtiff,CVE-2016-9533,664,cee4d331365cd921ce5c688a31e29bcf845dea05,True,False,tools/tiffcrop.c,combineSeparateSamples16bits,3486,3594,95
vadz/libtiff,CVE-2016-9533,664,cee4d331365cd921ce5c688a31e29bcf845dea05,True,False,tools/tiffcrop.c,readContigStripsIntoBuffer,3367,3388,20
vadz/libtiff,CVE-2016-9533,664,cee4d331365cd921ce5c688a31e29bcf845dea05,True,False,tools/tiffcrop.c,dump_short,2218,2253,33
vadz/libtiff,CVE-2016-9533,664,cee4d331365cd921ce5c688a31e29bcf845dea05,True,False,tools/tiffcrop.c,combineSeparateSamples8bits,3391,3483,80
vadz/libtiff,CVE-2016-9533,664,cee4d331365cd921ce5c688a31e29bcf845dea05,True,False,tools/tiffcrop.c,writeCroppedImage,6546,6751,168
vadz/libtiff,CVE-2016-9533,664,cee4d331365cd921ce5c688a31e29bcf845dea05,False,False,tools/tiff2ps.c,PSHead,935,967,30
vadz/libtiff,CVE-2016-9533,664,cee4d331365cd921ce5c688a31e29bcf845dea05,True,False,tools/tiffcrop.c,dump_info,2328,2338,11
vadz/libtiff,CVE-2016-9533,664,cee4d331365cd921ce5c688a31e29bcf845dea05,True,False,tools/tiffcrop.c,writeImageSections,5864,5923,47
vadz/libtiff,CVE-2016-9533,664,cee4d331365cd921ce5c688a31e29bcf845dea05,True,False,tools/tiffcrop.c,,-1,-1,-1
vadz/libtiff,CVE-2016-9533,664,cee4d331365cd921ce5c688a31e29bcf845dea05,True,False,tools/tiffcrop.c,initImageData,4155,4168,14
vadz/libtiff,CVE-2016-9533,664,cee4d331365cd921ce5c688a31e29bcf845dea05,True,True,tools/tiffcrop.c,reverseSamplesBytes,7798,7842,43
vadz/libtiff,CVE-2016-9533,664,cee4d331365cd921ce5c688a31e29bcf845dea05,True,False,tools/tiffcrop.c,combineSeparateSamplesBytes,3879,3934,50
vadz/libtiff,CVE-2016-9533,664,cee4d331365cd921ce5c688a31e29bcf845dea05,True,False,tools/tiffcrop.c,extractSeparateRegion,5421,5536,106
vadz/libtiff,CVE-2016-9533,664,cee4d331365cd921ce5c688a31e29bcf845dea05,True,False,tools/tiffcrop.c,writeSingleSection,5929,6144,174
vadz/libtiff,CVE-2016-9533,664,cee4d331365cd921ce5c688a31e29bcf845dea05,True,False,tools/tiffcrop.c,update_output_file,1795,1846,45
vadz/libtiff,CVE-2016-9533,664,cee4d331365cd921ce5c688a31e29bcf845dea05,True,False,tools/tiffcrop.c,process_command_opts,1298,1788,464
vadz/libtiff,CVE-2016-9533,664,cee4d331365cd921ce5c688a31e29bcf845dea05,True,False,tools/tiffcrop.c,processCropSelections,6194,6418,206
vadz/libtiff,CVE-2016-9533,664,cee4d331365cd921ce5c688a31e29bcf845dea05,True,False,tools/tiffcrop.c,writeSelections,5757,5861,97
vadz/libtiff,CVE-2016-9533,664,cee4d331365cd921ce5c688a31e29bcf845dea05,True,False,tools/tiffcrop.c,main,1850,2139,237
vadz/libtiff,CVE-2016-9533,664,cee4d331365cd921ce5c688a31e29bcf845dea05,True,False,tools/tiffcrop.c,rotateContigSamples16bits,6830,6918,80
vadz/libtiff,CVE-2016-9533,664,cee4d331365cd921ce5c688a31e29bcf845dea05,True,False,tools/tiffcrop.c,extractContigSamplesShifted24bits,3028,3135,94
vadz/libtiff,CVE-2016-9533,664,cee4d331365cd921ce5c688a31e29bcf845dea05,True,False,tools/tiffcrop.c,rotateContigSamples32bits,7025,7153,118
vadz/libtiff,CVE-2016-9533,664,cee4d331365cd921ce5c688a31e29bcf845dea05,True,False,tools/tiffcrop.c,extractContigSamples16bits,2519,2611,83
vadz/libtiff,CVE-2016-9533,664,cee4d331365cd921ce5c688a31e29bcf845dea05,True,False,tools/tiffcrop.c,initDumpOptions,4212,4222,11
vadz/libtiff,CVE-2016-9533,664,cee4d331365cd921ce5c688a31e29bcf845dea05,True,False,tools/tiffcrop.c,getCropOffsets,4516,4710,166
vadz/libtiff,CVE-2016-9533,664,cee4d331365cd921ce5c688a31e29bcf845dea05,True,False,tools/tiffcrop.c,readContigTilesIntoBuffer,725,777,50
vadz/libtiff,CVE-2016-9533,664,cee4d331365cd921ce5c688a31e29bcf845dea05,True,False,tools/tiffcrop.c,dump_data,2143,2181,36
vadz/libtiff,CVE-2016-9533,664,cee4d331365cd921ce5c688a31e29bcf845dea05,True,False,tools/tiffcrop.c,computeOutputPixelOffsets,4714,4941,197
vadz/libtiff,CVE-2016-9533,664,cee4d331365cd921ce5c688a31e29bcf845dea05,True,False,tools/tiffcrop.c,extractImageSection,5539,5754,169
vadz/libtiff,CVE-2016-9533,664,cee4d331365cd921ce5c688a31e29bcf845dea05,True,False,tools/tiffcrop.c,writeBufferToSeparateStrips,878,979,54
vadz/libtiff,CVE-2016-9533,664,cee4d331365cd921ce5c688a31e29bcf845dea05,True,False,tools/tiffcrop.c,dump_long,2255,2289,33
vadz/libtiff,CVE-2016-9533,664,cee4d331365cd921ce5c688a31e29bcf845dea05,True,False,tools/tiffcrop.c,extractContigSamples8bits,2442,2516,67
vadz/libtiff,CVE-2016-9533,664,cee4d331365cd921ce5c688a31e29bcf845dea05,True,False,tools/tiffcrop.c,readSeparateStripsIntoBuffer,3936,4090,137
vadz/libtiff,CVE-2016-9533,664,cee4d331365cd921ce5c688a31e29bcf845dea05,True,False,tools/tiffcrop.c,reverseSamples16bits,7492,7573,73
vadz/libtiff,CVE-2016-9533,664,cee4d331365cd921ce5c688a31e29bcf845dea05,True,False,tools/tiffcrop.c,dump_wide,2291,2326,33
vadz/libtiff,CVE-2016-9533,664,cee4d331365cd921ce5c688a31e29bcf845dea05,True,False,tools/tiffcrop.c,extractContigSamplesShifted32bits,3138,3267,117
vadz/libtiff,CVE-2016-9533,664,cee4d331365cd921ce5c688a31e29bcf845dea05,True,True,tools/tiffcrop.c,loadImage,4944,5127,171
vadz/libtiff,CVE-2016-9533,664,cee4d331365cd921ce5c688a31e29bcf845dea05,False,False,tools/tiff2ps.c,PlaceImage,512,682,151
vadz/libtiff,CVE-2016-9533,664,cee4d331365cd921ce5c688a31e29bcf845dea05,False,False,tools/tiff2ps.c,main,176,324,147
vadz/libtiff,CVE-2016-9533,664,cee4d331365cd921ce5c688a31e29bcf845dea05,True,False,tools/tiffcrop.c,combineSeparateSamples24bits,3597,3725,111
vadz/libtiff,CVE-2016-9533,664,cee4d331365cd921ce5c688a31e29bcf845dea05,True,False,tools/tiffcrop.c,reverseSamples24bits,7576,7669,82
vadz/libtiff,CVE-2016-9533,664,cee4d331365cd921ce5c688a31e29bcf845dea05,True,False,tools/tiffcrop.c,dump_byte,2183,2216,31
vadz/libtiff,CVE-2016-9533,664,cee4d331365cd921ce5c688a31e29bcf845dea05,True,False,tools/tiffcrop.c,correct_orientation,5129,5178,45
vadz/libtiff,CVE-2016-9533,664,cee4d331365cd921ce5c688a31e29bcf845dea05,True,False,tools/tiffcrop.c,rotateContigSamples24bits,6921,7022,89
vadz/libtiff,CVE-2016-9533,664,cee4d331365cd921ce5c688a31e29bcf845dea05,True,False,tools/tiffcrop.c,writeBufferToContigTiles,981,1029,43
vadz/libtiff,CVE-2016-9533,664,cee4d331365cd921ce5c688a31e29bcf845dea05,True,False,tools/tiffcrop.c,extractContigSamplesToBuffer,3271,3342,66
vadz/libtiff,CVE-2016-9533,664,cee4d331365cd921ce5c688a31e29bcf845dea05,True,False,tools/tiffcrop.c,extractContigSamplesShifted16bits,2930,3024,83
vadz/libtiff,CVE-2016-9533,664,cee4d331365cd921ce5c688a31e29bcf845dea05,True,False,tools/tiffcrop.c,extractContigSamplesShifted8bits,2850,2927,70
vadz/libtiff,CVE-2016-9533,664,cee4d331365cd921ce5c688a31e29bcf845dea05,True,False,tools/tiffcrop.c,rotateContigSamples8bits,6754,6826,65
vadz/libtiff,CVE-2016-9533,664,cee4d331365cd921ce5c688a31e29bcf845dea05,True,False,tools/tiffcrop.c,extractContigSamples32bits,2721,2847,114
vadz/libtiff,CVE-2016-9533,664,cee4d331365cd921ce5c688a31e29bcf845dea05,True,False,tools/tiffcrop.c,mirrorImage,7847,7962,111
vadz/libtiff,CVE-2016-9533,664,cee4d331365cd921ce5c688a31e29bcf845dea05,True,False,tools/tiffcrop.c,usage,1164,1174,10
vadz/libtiff,CVE-2016-9533,664,cee4d331365cd921ce5c688a31e29bcf845dea05,True,False,tools/tiffcrop.c,extractContigSamples24bits,2615,2718,91
vadz/libtiff,CVE-2016-9533,664,cee4d331365cd921ce5c688a31e29bcf845dea05,True,False,tools/tiffcrop.c,rotateImage,7158,7425,256
vadz/libtiff,CVE-2016-9533,664,cee4d331365cd921ce5c688a31e29bcf845dea05,True,False,tools/tiffcrop.c,invertImage,7966,8050,80
vadz/libtiff,CVE-2016-9533,664,cee4d331365cd921ce5c688a31e29bcf845dea05,True,False,tools/tiffcrop.c,extractCompositeRegions,5183,5407,210
vadz/libtiff,CVE-2016-9533,664,cee4d331365cd921ce5c688a31e29bcf845dea05,True,False,tools/tiffcrop.c,combineSeparateSamples32bits,3728,3876,133
vadz/libtiff,CVE-2016-9533,664,cee4d331365cd921ce5c688a31e29bcf845dea05,True,False,tools/tiffcrop.c,writeBufferToContigStrips,850,870,20
vadz/libtiff,CVE-2016-9533,664,cee4d331365cd921ce5c688a31e29bcf845dea05,True,False,tools/tiffcrop.c,extractContigSamplesBytes,2376,2439,58
vadz/libtiff,CVE-2016-9533,664,cee4d331365cd921ce5c688a31e29bcf845dea05,True,False,tools/tiffcrop.c,cpSeparateBufToContigBuf,3346,3365,20
vadz/libtiff,CVE-2016-9533,664,cee4d331365cd921ce5c688a31e29bcf845dea05,True,False,tools/tiffcrop.c,dump_buffer,2340,2367,25
vadz/libtiff,CVE-2016-9533,664,cee4d331365cd921ce5c688a31e29bcf845dea05,True,False,tools/tiffcrop.c,reverseSamples8bits,7428,7489,56
vadz/libtiff,CVE-2016-9533,664,cee4d331365cd921ce5c688a31e29bcf845dea05,False,False,tools/tiff2ps.c,,-1,-1,-1
vadz/libtiff,CVE-2016-9533,664,c36d2d995675bbcaed317651dbb0e4a0ef7bc947,True,False,tools/tiffcrop.c,initImageData,1552,1563,12
vadz/libtiff,CVE-2016-9533,664,c36d2d995675bbcaed317651dbb0e4a0ef7bc947,True,False,tools/tiffcrop.c,createCroppedImage,3060,3155,86
vadz/libtiff,CVE-2016-9533,664,c36d2d995675bbcaed317651dbb0e4a0ef7bc947,True,False,tools/tiffcrop.c,createImageSection,3012,3052,36
vadz/libtiff,CVE-2016-9533,664,c36d2d995675bbcaed317651dbb0e4a0ef7bc947,True,False,tools/tiffcrop.c,extractCropRegions,2391,2500,94
vadz/libtiff,CVE-2016-9533,664,c36d2d995675bbcaed317651dbb0e4a0ef7bc947,True,False,tools/tiffcrop.c,mirrorImage,3588,3751,135
vadz/libtiff,CVE-2016-9533,664,c36d2d995675bbcaed317651dbb0e4a0ef7bc947,True,False,tools/tiffcrop.c,,-1,-1,-1
vadz/libtiff,CVE-2016-9533,664,c36d2d995675bbcaed317651dbb0e4a0ef7bc947,True,False,tools/tiffcrop.c,extractImageSection,2504,2716,169
vadz/libtiff,CVE-2016-9533,664,c36d2d995675bbcaed317651dbb0e4a0ef7bc947,True,False,tools/tiffcrop.c,initPageSetup,1522,1549,26
vadz/libtiff,CVE-2016-9533,664,c36d2d995675bbcaed317651dbb0e4a0ef7bc947,True,True,tools/tiffcrop.c,loadImage,2258,2382,115
vadz/libtiff,CVE-2016-9533,664,c36d2d995675bbcaed317651dbb0e4a0ef7bc947,True,False,tools/tiffcrop.c,get_page_geometry,1497,1518,19
vadz/libtiff,CVE-2016-9533,664,c36d2d995675bbcaed317651dbb0e4a0ef7bc947,True,False,tools/tiffcrop.c,rotateImage,3382,3583,184
vadz/libtiff,CVE-2016-9533,664,c36d2d995675bbcaed317651dbb0e4a0ef7bc947,True,False,tools/tiffcrop.c,getCropOffsets,1804,2026,170
vadz/libtiff,CVE-2016-9533,664,c36d2d995675bbcaed317651dbb0e4a0ef7bc947,True,False,tools/tiffcrop.c,writeSingleSection,2782,3007,187
vadz/libtiff,CVE-2016-9533,664,c36d2d995675bbcaed317651dbb0e4a0ef7bc947,True,False,tools/tiffcrop.c,computeInputPixelOffsets,1597,1791,163
vadz/libtiff,CVE-2016-9533,664,c36d2d995675bbcaed317651dbb0e4a0ef7bc947,True,False,tools/tiffcrop.c,invertImage,3755,3821,62
vadz/libtiff,CVE-2016-9533,664,c36d2d995675bbcaed317651dbb0e4a0ef7bc947,True,False,tools/tiffcrop.c,computeOutputPixelOffsets,2030,2255,192
vadz/libtiff,CVE-2016-9533,664,c36d2d995675bbcaed317651dbb0e4a0ef7bc947,True,False,tools/tiffcrop.c,writeImageSections,2720,2778,46
vadz/libtiff,CVE-2016-9533,664,c36d2d995675bbcaed317651dbb0e4a0ef7bc947,True,False,tools/tiffcrop.c,main,347,804,416
vadz/libtiff,CVE-2016-9533,664,c36d2d995675bbcaed317651dbb0e4a0ef7bc947,True,False,tools/tiffcrop.c,usage,948,958,10
vadz/libtiff,CVE-2016-9533,664,c36d2d995675bbcaed317651dbb0e4a0ef7bc947,True,False,tools/tiffcrop.c,initCropMasks,1566,1593,27
vadz/libtiff,CVE-2016-9533,664,f44135e22430b4ae59a44ef6dc4c3def2a169060,True,True,libtiff/tif_pixarlog.c,horizontalDifferenceF,867,922,49
vadz/libtiff,CVE-2016-9533,664,99bd077d112596d12aef7b94cb898c79e2235e39,True,True,tools/tiff2pdf.c,t2p_process_jpeg_strip,3316,3402,81
vadz/libtiff,CVE-2016-9535,664,f72f5d182ce50dcab1e4a890b6479ac250e2fac8,True,False,libtiff/tif_predict.c,PredictorSetupEncode,185,249,45
vadz/libtiff,CVE-2016-9535,664,f72f5d182ce50dcab1e4a890b6479ac250e2fac8,True,True,libtiff/tif_predict.c,swabHorDiff32,560,568,7
vadz/libtiff,CVE-2016-9535,664,f72f5d182ce50dcab1e4a890b6479ac250e2fac8,True,True,libtiff/tif_predict.c,swabHorDiff16,529,537,7
vadz/libtiff,CVE-2016-9535,664,f72f5d182ce50dcab1e4a890b6479ac250e2fac8,True,True,libtiff/tif_predict.c,swabHorAcc16,318,325,7
vadz/libtiff,CVE-2016-9535,664,f72f5d182ce50dcab1e4a890b6479ac250e2fac8,True,False,libtiff/tif_predict.c,,-1,-1,-1
vadz/libtiff,CVE-2016-9535,664,f72f5d182ce50dcab1e4a890b6479ac250e2fac8,True,True,libtiff/tif_predict.c,swabHorAcc32,346,353,7
vadz/libtiff,CVE-2016-9535,664,3ffdfc02985f2b633b1fe71dd685d1e5a0151a03,True,True,libtiff/tif_predict.c,horAcc32,349,364,14
vadz/libtiff,CVE-2016-9535,664,3ffdfc02985f2b633b1fe71dd685d1e5a0151a03,True,False,libtiff/tif_predict.c,PredictorSetup,53,101,43
vadz/libtiff,CVE-2016-9535,664,3ffdfc02985f2b633b1fe71dd685d1e5a0151a03,True,True,libtiff/tif_predict.c,swabHorAcc32,330,346,15
vadz/libtiff,CVE-2016-9535,664,3ffdfc02985f2b633b1fe71dd685d1e5a0151a03,True,True,libtiff/tif_predict.c,horDiff32,522,539,16
vadz/libtiff,CVE-2016-9535,664,3ffdfc02985f2b633b1fe71dd685d1e5a0151a03,True,False,libtiff/tif_predict.c,PredictorSetupDecode,104,180,48
vadz/libtiff,CVE-2016-9535,664,3ffdfc02985f2b633b1fe71dd685d1e5a0151a03,True,False,libtiff/tif_predict.c,,-1,-1,-1
vadz/libtiff,CVE-2016-9535,664,3ffdfc02985f2b633b1fe71dd685d1e5a0151a03,True,False,libtiff/tif_predict.c,PredictorSetupEncode,183,230,36
vadz/libtiff,CVE-2016-9535,664,318d435b110001cb69ca4fa1c3625cab89bd4e58,True,False,libtiff/tif_predict.c,PredictorSetupEncode,175,221,35
vadz/libtiff,CVE-2016-9535,664,318d435b110001cb69ca4fa1c3625cab89bd4e58,True,False,libtiff/tif_predict.h,,-1,-1,-1
vadz/libtiff,CVE-2016-9535,664,318d435b110001cb69ca4fa1c3625cab89bd4e58,True,True,libtiff/tif_predict.c,PredictorDecodeTile,386,406,19
vadz/libtiff,CVE-2016-9535,664,318d435b110001cb69ca4fa1c3625cab89bd4e58,True,False,libtiff/tif_predict.c,TIFFPredictorInit,635,673,28
vadz/libtiff,CVE-2016-9535,664,318d435b110001cb69ca4fa1c3625cab89bd4e58,True,True,libtiff/tif_predict.c,PredictorDecodeRow,363,376,12
vadz/libtiff,CVE-2016-9535,664,318d435b110001cb69ca4fa1c3625cab89bd4e58,True,False,libtiff/tif_predict.c,PredictorSetupDecode,100,172,44
vadz/libtiff,CVE-2016-9535,664,318d435b110001cb69ca4fa1c3625cab89bd4e58,True,True,libtiff/tif_predict.c,PredictorEncodeRow,514,525,9
vadz/libtiff,CVE-2016-9535,664,318d435b110001cb69ca4fa1c3625cab89bd4e58,True,True,libtiff/tif_predict.c,PredictorEncodeTile,528,569,33
vadz/libtiff,CVE-2016-9535,664,382bcf6c733b1457eee8040cdff3d61d719d9e9c,False,False,libtiff/tif_jbig.c,,-1,-1,-1
vadz/libtiff,CVE-2016-9535,664,382bcf6c733b1457eee8040cdff3d61d719d9e9c,False,False,libtiff/tif_dirwrite.c,TIFFWriteDirectorySec,308,824,504
vadz/libtiff,CVE-2016-9535,664,382bcf6c733b1457eee8040cdff3d61d719d9e9c,False,False,libtiff/tif_fax3.c,,-1,-1,-1
vadz/libtiff,CVE-2016-9535,664,382bcf6c733b1457eee8040cdff3d61d719d9e9c,True,False,libtiff/tif_predict.c,,-1,-1,-1
vadz/libtiff,CVE-2016-9535,664,382bcf6c733b1457eee8040cdff3d61d719d9e9c,False,False,libtiff/tif_jpeg.c,,-1,-1,-1
vadz/libtiff,CVE-2016-9535,664,e4f2fb75411b2da3d9125cd214b53e488abe583a,True,False,libtiff/tif_predict.h,,-1,-1,-1
vadz/libtiff,CVE-2016-9535,664,e4f2fb75411b2da3d9125cd214b53e488abe583a,False,False,libtiff/tif_read.c,_TIFFSwab24BitData,709,714,6
vadz/libtiff,CVE-2016-9535,664,e4f2fb75411b2da3d9125cd214b53e488abe583a,False,False,libtiff/tif_dumpmode.c,DumpModeEncode,38,65,21
vadz/libtiff,CVE-2016-9535,664,e4f2fb75411b2da3d9125cd214b53e488abe583a,False,False,libtiff/tif_win32.c,_TIFFrealloc,304,326,20
vadz/libtiff,CVE-2016-9535,664,e4f2fb75411b2da3d9125cd214b53e488abe583a,False,False,libtiff/tif_aux.c,TIFFGetFieldDefaulted,264,273,9
vadz/libtiff,CVE-2016-9535,664,e4f2fb75411b2da3d9125cd214b53e488abe583a,False,False,libtiff/tif_strip.c,TIFFComputeStrip,77,94,17
vadz/libtiff,CVE-2016-9535,664,e4f2fb75411b2da3d9125cd214b53e488abe583a,False,False,libtiff/tif_dirread.c,TIFFFetchNormalTag,3357,3536,146
vadz/libtiff,CVE-2016-9535,664,e4f2fb75411b2da3d9125cd214b53e488abe583a,True,True,libtiff/tif_predict.c,horDiff16,442,459,16
vadz/libtiff,CVE-2016-9535,664,e4f2fb75411b2da3d9125cd214b53e488abe583a,False,False,libtiff/tif_dir.h,,-1,-1,-1
vadz/libtiff,CVE-2016-9535,664,e4f2fb75411b2da3d9125cd214b53e488abe583a,False,False,libtiff/tif_write.c,TIFFGrowStrips,596,624,28
vadz/libtiff,CVE-2016-9535,664,e4f2fb75411b2da3d9125cd214b53e488abe583a,False,False,libtiff/tif_dir.c,setByteArray,44,55,12
vadz/libtiff,CVE-2016-9535,664,e4f2fb75411b2da3d9125cd214b53e488abe583a,False,False,libtiff/tif_jpeg.c,JPEGPreDecode,682,874,142
vadz/libtiff,CVE-2016-9535,664,e4f2fb75411b2da3d9125cd214b53e488abe583a,False,False,libtiff/tif_write.c,TIFFWriteEncodedStrip,182,258,53
vadz/libtiff,CVE-2016-9535,664,e4f2fb75411b2da3d9125cd214b53e488abe583a,False,False,libtiff/tif_strip.c,TIFFRasterScanlineSize,376,389,14
vadz/libtiff,CVE-2016-9535,664,e4f2fb75411b2da3d9125cd214b53e488abe583a,False,False,libtiff/tif_write.c,TIFFWriteCheck,486,548,46
vadz/libtiff,CVE-2016-9535,664,e4f2fb75411b2da3d9125cd214b53e488abe583a,False,False,libtiff/tif_strip.c,TIFFStripSize,234,247,14
vadz/libtiff,CVE-2016-9535,664,e4f2fb75411b2da3d9125cd214b53e488abe583a,False,False,libtiff/tif_win32.c,_TIFFmemcmp,341,350,10
vadz/libtiff,CVE-2016-9535,664,e4f2fb75411b2da3d9125cd214b53e488abe583a,False,False,libtiff/tif_dir.c,TIFFVGetField,961,966,6
vadz/libtiff,CVE-2016-9535,664,e4f2fb75411b2da3d9125cd214b53e488abe583a,False,False,libtiff/tif_read.c,TIFFFillStrip,260,353,62
vadz/libtiff,CVE-2016-9535,664,e4f2fb75411b2da3d9125cd214b53e488abe583a,False,False,libtiff/tif_dirread.c,TIFFReadDirEntryDoubleArray,1118,1345,228
vadz/libtiff,CVE-2016-9535,664,e4f2fb75411b2da3d9125cd214b53e488abe583a,False,False,libtiff/tif_dirread.c,TIFFFetchStripThing,3543,3571,29
vadz/libtiff,CVE-2016-9535,664,e4f2fb75411b2da3d9125cd214b53e488abe583a,False,False,libtiff/tif_tile.c,TIFFTileRowSize64,183,196,13
vadz/libtiff,CVE-2016-9535,664,e4f2fb75411b2da3d9125cd214b53e488abe583a,False,False,libtiff/tif_write.c,TIFFWriteTile,310,322,7
vadz/libtiff,CVE-2016-9535,664,e4f2fb75411b2da3d9125cd214b53e488abe583a,False,False,libtiff/tif_aux.c,_TIFFCheckRealloc,37,54,12
vadz/libtiff,CVE-2016-9535,664,e4f2fb75411b2da3d9125cd214b53e488abe583a,False,False,libtiff/tiffio.h,,-1,-1,-1
vadz/libtiff,CVE-2016-9535,664,e4f2fb75411b2da3d9125cd214b53e488abe583a,False,False,libtiff/tif_vms.c,TIFFFdOpen,212,223,11
vadz/libtiff,CVE-2016-9535,664,e4f2fb75411b2da3d9125cd214b53e488abe583a,False,False,libtiff/tif_getimage.c,gtTileContig,583,667,71
vadz/libtiff,CVE-2016-9535,664,e4f2fb75411b2da3d9125cd214b53e488abe583a,False,False,libtiff/tif_read.c,_TIFFSwab32BitData,717,722,6
vadz/libtiff,CVE-2016-9535,664,e4f2fb75411b2da3d9125cd214b53e488abe583a,False,False,libtiff/tif_win32.c,_tiffDummyUnmapProc,142,147,6
vadz/libtiff,CVE-2016-9535,664,e4f2fb75411b2da3d9125cd214b53e488abe583a,True,False,libtiff/tif_predict.c,PredictorVSetField,544,561,16
vadz/libtiff,CVE-2016-9535,664,e4f2fb75411b2da3d9125cd214b53e488abe583a,False,False,libtiff/tif_win32.c,_tiffWriteProc,47,55,8
vadz/libtiff,CVE-2016-9535,664,e4f2fb75411b2da3d9125cd214b53e488abe583a,False,False,libtiff/tif_dirread.c,TIFFReadDirEntryArray,319,377,59
vadz/libtiff,CVE-2016-9535,664,e4f2fb75411b2da3d9125cd214b53e488abe583a,False,False,libtiff/tif_swab.c,TIFFSwabArrayOfTriples,89,100,10
vadz/libtiff,CVE-2016-9535,664,e4f2fb75411b2da3d9125cd214b53e488abe583a,False,False,libtiff/tif_read.c,TIFFStartTile,648,676,28
vadz/libtiff,CVE-2016-9535,664,e4f2fb75411b2da3d9125cd214b53e488abe583a,False,False,libtiff/tif_compress.c,_TIFFNoStripDecode,96,100,5
vadz/libtiff,CVE-2016-9535,664,e4f2fb75411b2da3d9125cd214b53e488abe583a,False,False,libtiff/tif_extension.c,TIFFGetTagListEntry,44,53,8
vadz/libtiff,CVE-2016-9535,664,e4f2fb75411b2da3d9125cd214b53e488abe583a,False,False,libtiff/tif_dir.c,TIFFVSetField,662,666,5
vadz/libtiff,CVE-2016-9535,664,e4f2fb75411b2da3d9125cd214b53e488abe583a,False,False,libtiff/tif_compress.c,_TIFFNoTileEncode,66,70,5
vadz/libtiff,CVE-2016-9535,664,e4f2fb75411b2da3d9125cd214b53e488abe583a,False,False,libtiff/tif_color.c,TIFFYCbCrToRGBInit,212,267,36
vadz/libtiff,CVE-2016-9535,664,e4f2fb75411b2da3d9125cd214b53e488abe583a,False,False,libtiff/tif_dir.c,TIFFAdvanceDirectory,1106,1236,131
vadz/libtiff,CVE-2016-9535,664,e4f2fb75411b2da3d9125cd214b53e488abe583a,False,False,libtiff/tif_dirread.c,TIFFFetchRationalArray,3196,3220,22
vadz/libtiff,CVE-2016-9535,664,e4f2fb75411b2da3d9125cd214b53e488abe583a,False,False,libtiff/tif_read.c,_TIFFSwab16BitData,701,706,6
vadz/libtiff,CVE-2016-9535,664,e4f2fb75411b2da3d9125cd214b53e488abe583a,False,False,libtiff/tif_tile.c,TIFFVTileSize,261,274,14
vadz/libtiff,CVE-2016-9535,664,e4f2fb75411b2da3d9125cd214b53e488abe583a,False,False,libtiff/tif_read.c,TIFFReadEncodedTile,378,402,24
vadz/libtiff,CVE-2016-9535,664,e4f2fb75411b2da3d9125cd214b53e488abe583a,False,False,libtiff/tif_write.c,TIFFWriteRawTile,426,440,14
vadz/libtiff,CVE-2016-9535,664,e4f2fb75411b2da3d9125cd214b53e488abe583a,False,False,libtiff/tif_dirread.c,TIFFReadDirEntryCheckRangeShortSlong8,1577,1583,7
vadz/libtiff,CVE-2016-9535,664,e4f2fb75411b2da3d9125cd214b53e488abe583a,False,False,libtiff/tif_read.c,TIFFReadRawTile1,405,445,39
vadz/libtiff,CVE-2016-9535,664,e4f2fb75411b2da3d9125cd214b53e488abe583a,False,False,libtiff/tif_tile.c,TIFFTileSize,285,298,14
vadz/libtiff,CVE-2016-9535,664,e4f2fb75411b2da3d9125cd214b53e488abe583a,False,False,libtiff/tif_dir.c,TIFFSetField,644,653,9
vadz/libtiff,CVE-2016-9535,664,e4f2fb75411b2da3d9125cd214b53e488abe583a,False,False,libtiff/tiff.h,,-1,-1,-1
vadz/libtiff,CVE-2016-9535,664,e4f2fb75411b2da3d9125cd214b53e488abe583a,False,False,libtiff/tif_compress.c,TIFFGetConfiguredCODECs,245,286,39
vadz/libtiff,CVE-2016-9535,664,e4f2fb75411b2da3d9125cd214b53e488abe583a,False,False,libtiff/tif_compress.c,TIFFRegisterCODEC,194,214,20
vadz/libtiff,CVE-2016-9535,664,e4f2fb75411b2da3d9125cd214b53e488abe583a,False,False,libtiff/tif_dirinfo.c,_TIFFCreateAnonFieldInfo,856,886,23
vadz/libtiff,CVE-2016-9535,664,e4f2fb75411b2da3d9125cd214b53e488abe583a,False,False,libtiff/tif_print.c,TIFFPrintDirectory,195,609,385
vadz/libtiff,CVE-2016-9535,664,e4f2fb75411b2da3d9125cd214b53e488abe583a,False,False,libtiff/tif_dirread.c,TIFFReadDirEntryCheckRangeByteLong8,1521,1527,7
vadz/libtiff,CVE-2016-9535,664,e4f2fb75411b2da3d9125cd214b53e488abe583a,False,False,libtiff/tif_dirread.c,TIFFFetchData,2883,2954,69
vadz/libtiff,CVE-2016-9535,664,e4f2fb75411b2da3d9125cd214b53e488abe583a,True,True,libtiff/tif_predict.c,fpDiff,465,497,26
vadz/libtiff,CVE-2016-9535,664,e4f2fb75411b2da3d9125cd214b53e488abe583a,True,True,libtiff/tif_predict.c,PredictorEncodeTile,514,533,18
vadz/libtiff,CVE-2016-9535,664,e4f2fb75411b2da3d9125cd214b53e488abe583a,False,False,libtiff/tif_write.c,TIFFWriteBufferSetup,554,590,33
vadz/libtiff,CVE-2016-9535,664,e4f2fb75411b2da3d9125cd214b53e488abe583a,False,False,libtiff/tif_dirread.c,TIFFReadCustomDirectory,2375,2462,86
vadz/libtiff,CVE-2016-9535,664,e4f2fb75411b2da3d9125cd214b53e488abe583a,False,False,libtiff/tif_aux.c,TIFFDefaultTransferFunction,63,101,35
vadz/libtiff,CVE-2016-9535,664,e4f2fb75411b2da3d9125cd214b53e488abe583a,False,False,libtiff/tif_dir.c,TIFFGetField,943,952,9
vadz/libtiff,CVE-2016-9535,664,e4f2fb75411b2da3d9125cd214b53e488abe583a,False,False,libtiff/tif_read.c,TIFFReadTile,365,371,7
vadz/libtiff,CVE-2016-9535,664,e4f2fb75411b2da3d9125cd214b53e488abe583a,False,False,libtiff/tif_strip.c,TIFFScanlineSize,338,351,14
vadz/libtiff,CVE-2016-9535,664,e4f2fb75411b2da3d9125cd214b53e488abe583a,False,False,libtiff/tif_win32.c,_tiffSeekProc,58,83,24
vadz/libtiff,CVE-2016-9535,664,e4f2fb75411b2da3d9125cd214b53e488abe583a,True,False,libtiff/tif_predict.c,PredictorSetupEncode,168,208,29
vadz/libtiff,CVE-2016-9535,664,e4f2fb75411b2da3d9125cd214b53e488abe583a,False,False,libtiff/tif_win32.c,_tiffUnmapProc,150,153,4
vadz/libtiff,CVE-2016-9535,664,e4f2fb75411b2da3d9125cd214b53e488abe583a,False,False,libtiff/tif_dirread.c,TIFFReadDirEntryShort,150,234,85
vadz/libtiff,CVE-2016-9535,664,e4f2fb75411b2da3d9125cd214b53e488abe583a,True,True,libtiff/tif_predict.c,horAcc16,289,304,14
vadz/libtiff,CVE-2016-9535,664,e4f2fb75411b2da3d9125cd214b53e488abe583a,False,False,libtiff/tif_dirread.c,TIFFReadDirEntryCheckedSlong8,1461,1479,19
vadz/libtiff,CVE-2016-9535,664,e4f2fb75411b2da3d9125cd214b53e488abe583a,False,False,libtiff/tif_compress.c,_TIFFNoRowDecode,89,93,5
vadz/libtiff,CVE-2016-9535,664,e4f2fb75411b2da3d9125cd214b53e488abe583a,False,False,libtiff/tif_strip.c,_TIFFDefaultStripSize,262,283,17
vadz/libtiff,CVE-2016-9535,664,e4f2fb75411b2da3d9125cd214b53e488abe583a,True,False,libtiff/tif_predict.c,PredictorSetupDecode,100,165,38
vadz/libtiff,CVE-2016-9535,664,e4f2fb75411b2da3d9125cd214b53e488abe583a,False,False,libtiff/tif_swab.c,TIFFSwabArrayOfLong8,122,136,13
vadz/libtiff,CVE-2016-9535,664,e4f2fb75411b2da3d9125cd214b53e488abe583a,False,False,libtiff/tif_dirread.c,TIFFReadDirEntryShortArray,557,724,168
vadz/libtiff,CVE-2016-9535,664,e4f2fb75411b2da3d9125cd214b53e488abe583a,False,False,libtiff/tif_win32.c,_TIFFmemcpy,335,338,4
vadz/libtiff,CVE-2016-9535,664,e4f2fb75411b2da3d9125cd214b53e488abe583a,False,False,libtiff/tif_write.c,TIFFWriteEncodedTile,337,414,53
vadz/libtiff,CVE-2016-9535,664,e4f2fb75411b2da3d9125cd214b53e488abe583a,False,False,libtiff/tif_dirread.c,TIFFReadDirEntryOutputErr,1666,1692,27
vadz/libtiff,CVE-2016-9535,664,e4f2fb75411b2da3d9125cd214b53e488abe583a,True,True,libtiff/tif_predict.c,horDiff8,395,439,40
vadz/libtiff,CVE-2016-9535,664,e4f2fb75411b2da3d9125cd214b53e488abe583a,False,False,libtiff/tif_win32.c,_TIFFmalloc,291,294,4
vadz/libtiff,CVE-2016-9535,664,e4f2fb75411b2da3d9125cd214b53e488abe583a,False,False,libtiff/tif_compress.c,_TIFFNoTileDecode,103,107,5
vadz/libtiff,CVE-2016-9535,664,e4f2fb75411b2da3d9125cd214b53e488abe583a,False,False,libtiff/tiffiop.h,,-1,-1,-1
vadz/libtiff,CVE-2016-9535,664,e4f2fb75411b2da3d9125cd214b53e488abe583a,False,False,libtiff/tif_open.c,_tiffDummyUnmapProc,89,92,4
vadz/libtiff,CVE-2016-9535,664,e4f2fb75411b2da3d9125cd214b53e488abe583a,False,False,libtiff/tif_close.c,TIFFCleanup,46,94,36
vadz/libtiff,CVE-2016-9535,664,e4f2fb75411b2da3d9125cd214b53e488abe583a,False,False,libtiff/tif_aux.c,_TIFFCheckMalloc,57,60,4
vadz/libtiff,CVE-2016-9535,664,e4f2fb75411b2da3d9125cd214b53e488abe583a,False,False,libtiff/tif_dumpmode.c,DumpModeDecode,71,89,15
vadz/libtiff,CVE-2016-9535,664,e4f2fb75411b2da3d9125cd214b53e488abe583a,False,False,libtiff/tif_atari.c,TIFFFdOpen,144,155,11
vadz/libtiff,CVE-2016-9535,664,e4f2fb75411b2da3d9125cd214b53e488abe583a,False,False,libtiff/tif_dirread.c,CheckDirCount,2614,2630,17
vadz/libtiff,CVE-2016-9535,664,e4f2fb75411b2da3d9125cd214b53e488abe583a,False,False,libtiff/tif_dirread.c,TIFFReadDirEntryPersampleShort,1347,1373,27
vadz/libtiff,CVE-2016-9535,664,e4f2fb75411b2da3d9125cd214b53e488abe583a,False,False,libtiff/tif_dirwrite.c,_TIFFWriteDirectory,85,417,242
vadz/libtiff,CVE-2016-9535,664,e4f2fb75411b2da3d9125cd214b53e488abe583a,False,False,libtiff/tif_dirread.c,TIFFReadDirEntryByteArray,379,555,177
vadz/libtiff,CVE-2016-9535,664,e4f2fb75411b2da3d9125cd214b53e488abe583a,False,False,libtiff/tif_dirinfo.c,_TIFFSetupFieldInfo,559,578,18
vadz/libtiff,CVE-2016-9535,664,e4f2fb75411b2da3d9125cd214b53e488abe583a,False,False,libtiff/tif_read.c,TIFFReadEncodedStrip,124,168,40
vadz/libtiff,CVE-2016-9535,664,e4f2fb75411b2da3d9125cd214b53e488abe583a,False,False,libtiff/tif_write.c,,-1,-1,-1
vadz/libtiff,CVE-2016-9535,664,e4f2fb75411b2da3d9125cd214b53e488abe583a,False,False,libtiff/tif_write.c,TIFFSetupStrips,446,476,26
vadz/libtiff,CVE-2016-9535,664,e4f2fb75411b2da3d9125cd214b53e488abe583a,False,False,libtiff/tif_dirinfo.c,_TIFFFindFieldInfo,744,773,26
vadz/libtiff,CVE-2016-9535,664,e4f2fb75411b2da3d9125cd214b53e488abe583a,False,False,libtiff/tif_read.c,_TIFFNoPostDecode,695,698,4
vadz/libtiff,CVE-2016-9535,664,e4f2fb75411b2da3d9125cd214b53e488abe583a,False,False,libtiff/tif_strip.c,multiply_64,61,71,9
vadz/libtiff,CVE-2016-9535,664,e4f2fb75411b2da3d9125cd214b53e488abe583a,False,False,libtiff/tif_dirread.c,TIFFReadDirEntryLong8Array,726,887,162
vadz/libtiff,CVE-2016-9535,664,e4f2fb75411b2da3d9125cd214b53e488abe583a,False,False,libtiff/tif_swab.c,TIFFSwabArrayOfDouble,153,163,10
vadz/libtiff,CVE-2016-9535,664,e4f2fb75411b2da3d9125cd214b53e488abe583a,False,False,libtiff/tif_compress.c,_TIFFNoRowEncode,52,56,5
vadz/libtiff,CVE-2016-9535,664,e4f2fb75411b2da3d9125cd214b53e488abe583a,False,False,libtiff/tif_dirinfo.c,_TIFFMergeFieldInfo,602,625,20
vadz/libtiff,CVE-2016-9535,664,e4f2fb75411b2da3d9125cd214b53e488abe583a,True,False,libtiff/tif_predict.c,PredictorVGetField,564,579,14
vadz/libtiff,CVE-2016-9535,664,e4f2fb75411b2da3d9125cd214b53e488abe583a,False,False,libtiff/tif_aux.c,TIFFVGetFieldDefaulted,112,257,130
vadz/libtiff,CVE-2016-9535,664,e4f2fb75411b2da3d9125cd214b53e488abe583a,False,False,libtiff/tif_swab.c,TIFFSwabArrayOfShort,73,84,10
vadz/libtiff,CVE-2016-9535,664,e4f2fb75411b2da3d9125cd214b53e488abe583a,False,False,libtiff/tif_write.c,TIFFAppendToStrip,630,690,48
vadz/libtiff,CVE-2016-9535,664,e4f2fb75411b2da3d9125cd214b53e488abe583a,False,False,libtiff/tif_read.c,,-1,-1,-1
vadz/libtiff,CVE-2016-9535,664,e4f2fb75411b2da3d9125cd214b53e488abe583a,False,False,libtiff/tif_read.c,TIFFFillTile,489,570,56
vadz/libtiff,CVE-2016-9535,664,e4f2fb75411b2da3d9125cd214b53e488abe583a,False,False,libtiff/tif_strip.c,TIFFStripSize64,225,232,8
vadz/libtiff,CVE-2016-9535,664,e4f2fb75411b2da3d9125cd214b53e488abe583a,False,False,libtiff/tif_compress.c,_TIFFNoStripEncode,59,63,5
vadz/libtiff,CVE-2016-9535,664,e4f2fb75411b2da3d9125cd214b53e488abe583a,False,False,libtiff/tif_win32.c,_TIFFfree,297,301,5
vadz/libtiff,CVE-2016-9535,664,e4f2fb75411b2da3d9125cd214b53e488abe583a,False,False,libtiff/tif_dir.c,TIFFSetDirectory,1261,1286,16
vadz/libtiff,CVE-2016-9535,664,e4f2fb75411b2da3d9125cd214b53e488abe583a,False,False,libtiff/tif_dirread.c,TIFFReadDirEntryLong,236,317,82
vadz/libtiff,CVE-2016-9535,664,e4f2fb75411b2da3d9125cd214b53e488abe583a,False,False,libtiff/tif_read.c,TIFFReadRawStrip,216,253,37
vadz/libtiff,CVE-2016-9535,664,e4f2fb75411b2da3d9125cd214b53e488abe583a,False,False,libtiff/tif_msdos.c,TIFFFdOpen,84,95,11
vadz/libtiff,CVE-2016-9535,664,e4f2fb75411b2da3d9125cd214b53e488abe583a,False,False,libtiff/tif_dirread.c,ChopUpSingleUncompressedStrip,3632,3707,54
vadz/libtiff,CVE-2016-9535,664,e4f2fb75411b2da3d9125cd214b53e488abe583a,False,False,libtiff/tif_getimage.c,initYCbCrConversion,2047,2073,24
vadz/libtiff,CVE-2016-9535,664,e4f2fb75411b2da3d9125cd214b53e488abe583a,False,False,libtiff/tif_print.c,_TIFFPrettyPrintField,115,188,66
vadz/libtiff,CVE-2016-9535,664,e4f2fb75411b2da3d9125cd214b53e488abe583a,False,False,libtiff/tif_apple.c,TIFFFdOpen,138,148,10
vadz/libtiff,CVE-2016-9535,664,e4f2fb75411b2da3d9125cd214b53e488abe583a,True,True,libtiff/tif_predict.c,fpAcc,310,343,27
vadz/libtiff,CVE-2016-9535,664,e4f2fb75411b2da3d9125cd214b53e488abe583a,False,False,libtiff/tif_read.c,TIFFReadBufferSetup,582,611,29
vadz/libtiff,CVE-2016-9535,664,e4f2fb75411b2da3d9125cd214b53e488abe583a,False,False,libtiff/tif_fax3.c,Fax3SetupState,464,535,55
vadz/libtiff,CVE-2016-9535,664,e4f2fb75411b2da3d9125cd214b53e488abe583a,False,False,libtiff/tif_dirread.c,TIFFReadDirEntryCheckRangeByteSlong8,1529,1535,7
vadz/libtiff,CVE-2016-9535,664,e4f2fb75411b2da3d9125cd214b53e488abe583a,False,False,libtiff/tif_aux.c,,-1,-1,-1
vadz/libtiff,CVE-2016-9535,664,e4f2fb75411b2da3d9125cd214b53e488abe583a,False,False,libtiff/tif_write.c,TIFFSetWriteOffset,722,725,4
vadz/libtiff,CVE-2016-9535,664,e4f2fb75411b2da3d9125cd214b53e488abe583a,True,True,libtiff/tif_predict.c,PredictorDecodeRow,349,362,12
vadz/libtiff,CVE-2016-9535,664,e4f2fb75411b2da3d9125cd214b53e488abe583a,False,False,libtiff/tif_dirinfo.c,_TIFFFieldWithTag,812,823,11
vadz/libtiff,CVE-2016-9535,664,e4f2fb75411b2da3d9125cd214b53e488abe583a,False,False,libtiff/tif_strip.c,TIFFRawStripSize,196,214,19
vadz/libtiff,CVE-2016-9535,664,e4f2fb75411b2da3d9125cd214b53e488abe583a,False,False,libtiff/tif_swab.c,TIFFReverseBits,251,266,16
vadz/libtiff,CVE-2016-9535,664,e4f2fb75411b2da3d9125cd214b53e488abe583a,False,False,libtiff/tif_win32.c,_tiffReadProc,36,44,8
vadz/libtiff,CVE-2016-9535,664,e4f2fb75411b2da3d9125cd214b53e488abe583a,True,True,libtiff/tif_predict.c,PredictorDecodeTile,372,392,19
vadz/libtiff,CVE-2016-9535,664,e4f2fb75411b2da3d9125cd214b53e488abe583a,False,False,libtiff/tif_open.c,,-1,-1,-1
vadz/libtiff,CVE-2016-9535,664,e4f2fb75411b2da3d9125cd214b53e488abe583a,False,False,libtiff/tif_dirread.c,TIFFReadDirEntryPersampleDouble,1375,1401,27
vadz/libtiff,CVE-2016-9535,664,e4f2fb75411b2da3d9125cd214b53e488abe583a,False,False,libtiff/tif_win3.c,TIFFFdOpen,87,98,11
vadz/libtiff,CVE-2016-9535,664,e4f2fb75411b2da3d9125cd214b53e488abe583a,False,False,libtiff/tif_tile.c,TIFFTileSize64,280,283,4
vadz/libtiff,CVE-2016-9535,664,e4f2fb75411b2da3d9125cd214b53e488abe583a,False,False,libtiff/tif_getimage.c,gtStripContig,801,873,65
vadz/libtiff,CVE-2016-9535,664,e4f2fb75411b2da3d9125cd214b53e488abe583a,False,False,libtiff/tif_tile.c,TIFFVTileSize64,217,259,35
vadz/libtiff,CVE-2016-9535,664,e4f2fb75411b2da3d9125cd214b53e488abe583a,False,False,libtiff/tif_unix.c,TIFFFdOpen,135,147,12
vadz/libtiff,CVE-2016-9535,664,e4f2fb75411b2da3d9125cd214b53e488abe583a,False,False,libtiff/tif_dirinfo.c,_TIFFFindFieldInfoByName,776,809,30
vadz/libtiff,CVE-2016-9535,664,e4f2fb75411b2da3d9125cd214b53e488abe583a,False,False,libtiff/tif_dirwrite.c,TIFFWriteData,1191,1226,35
vadz/libtiff,CVE-2016-9535,664,e4f2fb75411b2da3d9125cd214b53e488abe583a,False,False,libtiff/tif_dirread.c,,-1,-1,-1
vadz/libtiff,CVE-2016-9535,664,e4f2fb75411b2da3d9125cd214b53e488abe583a,False,False,libtiff/tif_dirread.c,TIFFReadDirEntryCheckRangeLongLong8,1601,1607,7
vadz/libtiff,CVE-2016-9535,664,e4f2fb75411b2da3d9125cd214b53e488abe583a,False,False,libtiff/tif_strip.c,TIFFRawStripSize64,179,194,14
vadz/libtiff,CVE-2016-9535,664,e4f2fb75411b2da3d9125cd214b53e488abe583a,False,False,libtiff/tif_strip.c,TIFFRasterScanlineSize64,360,374,14
vadz/libtiff,CVE-2016-9535,664,e4f2fb75411b2da3d9125cd214b53e488abe583a,False,False,libtiff/tif_dirread.c,TIFFReadDirectoryFindFieldInfo,2339,2368,30
vadz/libtiff,CVE-2016-9535,664,e4f2fb75411b2da3d9125cd214b53e488abe583a,False,False,libtiff/tif_strip.c,TIFFScanlineSize64,296,336,41
vadz/libtiff,CVE-2016-9535,664,e4f2fb75411b2da3d9125cd214b53e488abe583a,False,False,libtiff/tif_win32.c,_tiffMapProc,120,139,19
vadz/libtiff,CVE-2016-9535,664,e4f2fb75411b2da3d9125cd214b53e488abe583a,False,False,libtiff/tif_dirread.c,EstimateStripByteCounts,2479,2556,67
vadz/libtiff,CVE-2016-9535,664,e4f2fb75411b2da3d9125cd214b53e488abe583a,False,False,libtiff/tif_dirread.c,TIFFCheckDirOffset,2575,2607,22
vadz/libtiff,CVE-2016-9535,664,e4f2fb75411b2da3d9125cd214b53e488abe583a,False,False,libtiff/tif_dirread.c,TIFFFetchDirectory,2638,2877,223
vadz/libtiff,CVE-2016-9535,664,e4f2fb75411b2da3d9125cd214b53e488abe583a,False,False,libtiff/tif_dir.c,_TIFFVGetField,669,936,252
vadz/libtiff,CVE-2016-9535,664,e4f2fb75411b2da3d9125cd214b53e488abe583a,False,False,libtiff/tif_getimage.c,gtTileSeparate,676,792,103
vadz/libtiff,CVE-2016-9535,664,e4f2fb75411b2da3d9125cd214b53e488abe583a,False,False,libtiff/tif_jpeg.c,JPEGPreEncode,1294,1408,95
vadz/libtiff,CVE-2016-9535,664,e4f2fb75411b2da3d9125cd214b53e488abe583a,False,False,libtiff/tif_read.c,TIFFReadRawTile,451,482,31
vadz/libtiff,CVE-2016-9535,664,e4f2fb75411b2da3d9125cd214b53e488abe583a,False,False,libtiff/tif_dirread.c,TIFFReadDirectory,1699,2303,442
vadz/libtiff,CVE-2016-9535,664,e4f2fb75411b2da3d9125cd214b53e488abe583a,True,True,libtiff/tif_predict.c,horAcc8,221,267,43
vadz/libtiff,CVE-2016-9535,664,e4f2fb75411b2da3d9125cd214b53e488abe583a,False,False,libtiff/tif_strip.c,TIFFVStripSize,160,173,14
vadz/libtiff,CVE-2016-9535,664,e4f2fb75411b2da3d9125cd214b53e488abe583a,False,False,libtiff/tif_win32.c,_tiffDummyMapProc,100,106,7
vadz/libtiff,CVE-2016-9535,664,e4f2fb75411b2da3d9125cd214b53e488abe583a,False,False,libtiff/tif_tile.c,,-1,-1,-1
vadz/libtiff,CVE-2016-9535,664,e4f2fb75411b2da3d9125cd214b53e488abe583a,False,False,libtiff/tif_read.c,TIFFSeek,47,93,35
vadz/libtiff,CVE-2016-9535,664,e4f2fb75411b2da3d9125cd214b53e488abe583a,False,False,libtiff/tif_win32.c,_TIFFmemset,329,332,4
vadz/libtiff,CVE-2016-9535,664,e4f2fb75411b2da3d9125cd214b53e488abe583a,False,False,libtiff/tif_strip.c,,-1,-1,-1
vadz/libtiff,CVE-2016-9535,664,e4f2fb75411b2da3d9125cd214b53e488abe583a,False,False,libtiff/tif_dirwrite.c,_TIFFWriteCustomDirectory,447,565,81
vadz/libtiff,CVE-2016-9535,664,e4f2fb75411b2da3d9125cd214b53e488abe583a,False,False,libtiff/tif_read.c,_TIFFSwab64BitData,725,730,6
vadz/libtiff,CVE-2016-9535,664,e4f2fb75411b2da3d9125cd214b53e488abe583a,False,False,libtiff/tif_dir.c,,-1,-1,-1
vadz/libtiff,CVE-2016-9535,664,e4f2fb75411b2da3d9125cd214b53e488abe583a,False,False,libtiff/tif_acorn.c,TIFFFdOpen,418,432,14
vadz/libtiff,CVE-2016-9535,664,e4f2fb75411b2da3d9125cd214b53e488abe583a,False,False,libtiff/tif_win32.c,,-1,-1,-1
vadz/libtiff,CVE-2016-9535,664,e4f2fb75411b2da3d9125cd214b53e488abe583a,True,False,libtiff/tif_predict.c,PredictorSetup,50,97,42
vadz/libtiff,CVE-2016-9535,664,e4f2fb75411b2da3d9125cd214b53e488abe583a,False,False,libtiff/tif_tile.c,multiply_64,61,71,9
vadz/libtiff,CVE-2016-9535,664,e4f2fb75411b2da3d9125cd214b53e488abe583a,False,False,libtiff/tif_dirread.c,TIFFReadDirEntryCheckedLong8,1441,1459,19
vadz/libtiff,CVE-2016-9535,664,e4f2fb75411b2da3d9125cd214b53e488abe583a,False,False,libtiff/tif_dirread.c,TIFFReadDirEntryData,1649,1664,16
vadz/libtiff,CVE-2016-9535,664,e4f2fb75411b2da3d9125cd214b53e488abe583a,False,False,libtiff/tif_dirinfo.c,_TIFFFindOrRegisterFieldInfo,840,853,11
vadz/libtiff,CVE-2016-9535,664,e4f2fb75411b2da3d9125cd214b53e488abe583a,False,False,libtiff/tif_write.c,TIFFWriteRawStrip,266,303,23
vadz/libtiff,CVE-2016-9535,664,e4f2fb75411b2da3d9125cd214b53e488abe583a,False,False,libtiff/tif_dir.c,OkToChangeTag,612,634,17
vadz/libtiff,CVE-2016-9535,664,e4f2fb75411b2da3d9125cd214b53e488abe583a,False,False,libtiff/tif_dirread.c,TIFFReadDirEntryCheckRangeLong8Slong8,1641,1647,7
vadz/libtiff,CVE-2016-9535,664,e4f2fb75411b2da3d9125cd214b53e488abe583a,False,False,libtiff/tif_read.c,TIFFStartStrip,618,641,23
vadz/libtiff,CVE-2016-9535,664,e4f2fb75411b2da3d9125cd214b53e488abe583a,False,False,libtiff/tif_getimage.c,gtStripSeparate,882,983,94
vadz/libtiff,CVE-2016-9535,664,e4f2fb75411b2da3d9125cd214b53e488abe583a,False,False,libtiff/tif_swab.c,TIFFSwabLong8,59,68,9
vadz/libtiff,CVE-2016-9535,664,e4f2fb75411b2da3d9125cd214b53e488abe583a,False,False,libtiff/tif_dir.c,_TIFFVSetField,137,600,404
vadz/libtiff,CVE-2016-9535,664,e4f2fb75411b2da3d9125cd214b53e488abe583a,True,False,libtiff/tif_predict.c,,-1,-1,-1
vadz/libtiff,CVE-2016-9535,664,e4f2fb75411b2da3d9125cd214b53e488abe583a,False,False,libtiff/tif_dirread.c,TIFFReadDirEntryCheckRangeShortLong8,1569,1575,7
vadz/libtiff,CVE-2016-9535,664,e4f2fb75411b2da3d9125cd214b53e488abe583a,False,False,libtiff/tif_dirinfo.c,_TIFFPrintFieldInfo,628,646,18
vadz/libtiff,CVE-2016-9535,664,e4f2fb75411b2da3d9125cd214b53e488abe583a,False,False,libtiff/tif_read.c,TIFFReadRawStrip1,171,210,38
vadz/libtiff,CVE-2016-9535,664,e4f2fb75411b2da3d9125cd214b53e488abe583a,False,False,libtiff/tif_dir.c,TIFFUnlinkDirectory,1329,1399,49
vadz/libtiff,CVE-2016-9535,664,e4f2fb75411b2da3d9125cd214b53e488abe583a,False,False,libtiff/tif_dirinfo.c,,-1,-1,-1
vadz/libtiff,CVE-2016-9535,664,e4f2fb75411b2da3d9125cd214b53e488abe583a,True,True,libtiff/tif_predict.c,PredictorEncodeRow,500,511,9
vadz/libtiff,CVE-2016-9535,664,e4f2fb75411b2da3d9125cd214b53e488abe583a,False,False,libtiff/tif_strip.c,TIFFVStripSize64,117,158,34
vadz/libtiff,CVE-2016-9535,664,e4f2fb75411b2da3d9125cd214b53e488abe583a,False,False,libtiff/tif_dir.c,TIFFNumberOfDirectories,1242,1254,13
vadz/libtiff,CVE-2016-9535,664,e4f2fb75411b2da3d9125cd214b53e488abe583a,False,False,libtiff/tif_tile.c,TIFFTileRowSize,198,211,14
vadz/libtiff,CVE-2016-9535,664,e4f2fb75411b2da3d9125cd214b53e488abe583a,False,False,libtiff/tif_dirread.c,TIFFReadDirEntryFloatArray,889,1116,228
vadz/libtiff,CVE-2016-9535,664,e4f2fb75411b2da3d9125cd214b53e488abe583a,False,False,libtiff/tif_dirread.c,TIFFReadDirEntryCheckRangeLongSlong8,1609,1615,7
vadz/libtiff,CVE-2016-9535,664,e4f2fb75411b2da3d9125cd214b53e488abe583a,False,False,libtiff/tif_swab.c,TIFFSwabArrayOfLong,105,117,11
vadz/libtiff,CVE-2016-9535,664,e4f2fb75411b2da3d9125cd214b53e488abe583a,False,False,libtiff/tif_dirread.c,TIFFReadEXIFDirectory,2469,2476,8
vadz/libtiff,CVE-2016-9535,664,e4f2fb75411b2da3d9125cd214b53e488abe583a,True,True,libtiff/tif_predict.c,swabHorAcc16,270,286,15
vadz/libtiff,CVE-2016-9535,664,e4f2fb75411b2da3d9125cd214b53e488abe583a,False,False,libtiff/tif_open.c,_tiffDummyMapProc,82,86,5
vadz/libtiff,CVE-2016-9535,664,7718dd67f2ac6e5a0761ab165de2f7146ea123b3,True,True,libtiff/tif_predict.c,fpDiff,440,466,24
vadz/libtiff,CVE-2016-9535,664,7718dd67f2ac6e5a0761ab165de2f7146ea123b3,True,True,libtiff/tif_predict.c,fpAcc,298,325,25
vadz/libtiff,CVE-2016-9535,664,7718dd67f2ac6e5a0761ab165de2f7146ea123b3,True,False,libtiff/tif_predict.c,PredictorSetupEncode,166,206,29
vadz/libtiff,CVE-2016-9535,664,7718dd67f2ac6e5a0761ab165de2f7146ea123b3,True,True,libtiff/tif_predict.c,horAcc8,219,259,37
vadz/libtiff,CVE-2016-9535,664,7718dd67f2ac6e5a0761ab165de2f7146ea123b3,True,False,libtiff/tif_predict.c,,-1,-1,-1
vadz/libtiff,CVE-2016-9535,664,3a53aeda63fe35b43882baa44ff93153192b55f0,True,False,libtiff/tif_predict.c,TIFFPredictorInit,512,539,21
vadz/libtiff,CVE-2016-9535,664,3a53aeda63fe35b43882baa44ff93153192b55f0,True,False,libtiff/tif_predict.c,PredictorSetup,49,94,40
vadz/libtiff,CVE-2016-9535,664,3a53aeda63fe35b43882baa44ff93153192b55f0,True,False,libtiff/tif_predict.h,,-1,-1,-1
vadz/libtiff,CVE-2016-9535,664,3a53aeda63fe35b43882baa44ff93153192b55f0,True,True,libtiff/tif_predict.c,horAcc8,202,241,36
vadz/libtiff,CVE-2016-9535,664,3a53aeda63fe35b43882baa44ff93153192b55f0,True,False,libtiff/tif_predict.c,PredictorSetupDecode,97,162,38
vadz/libtiff,CVE-2016-9535,664,3a53aeda63fe35b43882baa44ff93153192b55f0,True,True,libtiff/tif_predict.c,PredictorEncodeTile,433,450,17
vadz/libtiff,CVE-2016-9535,664,3a53aeda63fe35b43882baa44ff93153192b55f0,True,False,libtiff/tif_predict.c,PredictorVSetField,461,475,14
vadz/libtiff,CVE-2016-9535,664,3a53aeda63fe35b43882baa44ff93153192b55f0,True,False,libtiff/tif_predict.c,PredictorPrintDir,493,509,16
vadz/libtiff,CVE-2016-9535,664,3a53aeda63fe35b43882baa44ff93153192b55f0,True,False,libtiff/tif_predict.c,PredictorVGetField,478,490,12
vadz/libtiff,CVE-2016-9535,664,3a53aeda63fe35b43882baa44ff93153192b55f0,True,True,libtiff/tif_predict.c,fpAcc,280,308,26
vadz/libtiff,CVE-2016-9535,664,3a53aeda63fe35b43882baa44ff93153192b55f0,True,True,libtiff/tif_predict.c,PredictorDecodeTile,336,354,18
vadz/libtiff,CVE-2016-9535,664,3a53aeda63fe35b43882baa44ff93153192b55f0,True,True,libtiff/tif_predict.c,PredictorEncodeRow,420,430,9
vadz/libtiff,CVE-2016-9535,664,3a53aeda63fe35b43882baa44ff93153192b55f0,True,True,libtiff/tif_predict.c,PredictorDecodeRow,314,326,12
vadz/libtiff,CVE-2016-9535,664,3a53aeda63fe35b43882baa44ff93153192b55f0,True,False,libtiff/tif_predict.c,,-1,-1,-1
vadz/libtiff,CVE-2016-9535,664,3a53aeda63fe35b43882baa44ff93153192b55f0,True,True,libtiff/tif_predict.c,swabHorAcc16,244,258,14
vadz/libtiff,CVE-2016-9535,664,3ca657a8793dd011bf869695d72ad31c779c3cc1,True,True,libtiff/tif_predict.c,horAcc32,378,399,20
vadz/libtiff,CVE-2016-9535,664,3ca657a8793dd011bf869695d72ad31c779c3cc1,True,True,libtiff/tif_predict.c,swabHorDiff32,620,630,9
vadz/libtiff,CVE-2016-9535,664,3ca657a8793dd011bf869695d72ad31c779c3cc1,True,True,libtiff/tif_predict.c,horAcc16,344,365,20
vadz/libtiff,CVE-2016-9535,664,3ca657a8793dd011bf869695d72ad31c779c3cc1,True,True,libtiff/tif_predict.c,swabHorAcc32,368,375,7
vadz/libtiff,CVE-2016-9535,664,3ca657a8793dd011bf869695d72ad31c779c3cc1,True,True,libtiff/tif_predict.c,horDiff16,555,578,22
vadz/libtiff,CVE-2016-9535,664,3ca657a8793dd011bf869695d72ad31c779c3cc1,True,False,libtiff/tif_predict.h,,-1,-1,-1
vadz/libtiff,CVE-2016-9535,664,3ca657a8793dd011bf869695d72ad31c779c3cc1,True,True,libtiff/tif_predict.c,swabHorDiff16,581,591,9
vadz/libtiff,CVE-2016-9535,664,3ca657a8793dd011bf869695d72ad31c779c3cc1,True,True,libtiff/tif_predict.c,PredictorEncodeTile,691,737,38
vadz/libtiff,CVE-2016-9535,664,3ca657a8793dd011bf869695d72ad31c779c3cc1,True,True,libtiff/tif_predict.c,PredictorEncodeRow,676,688,10
vadz/libtiff,CVE-2016-9535,664,3ca657a8793dd011bf869695d72ad31c779c3cc1,True,True,libtiff/tif_predict.c,horDiff8,502,552,46
vadz/libtiff,CVE-2016-9535,664,3ca657a8793dd011bf869695d72ad31c779c3cc1,True,True,libtiff/tif_predict.c,horAcc8,277,331,50
vadz/libtiff,CVE-2016-9535,664,3ca657a8793dd011bf869695d72ad31c779c3cc1,True,True,libtiff/tif_predict.c,swabHorAcc16,334,341,7
vadz/libtiff,CVE-2016-9535,664,3ca657a8793dd011bf869695d72ad31c779c3cc1,True,True,libtiff/tif_predict.c,PredictorDecodeRow,451,463,11
vadz/libtiff,CVE-2016-9535,664,3ca657a8793dd011bf869695d72ad31c779c3cc1,True,True,libtiff/tif_predict.c,PredictorDecodeTile,473,499,25
vadz/libtiff,CVE-2016-9535,664,3ca657a8793dd011bf869695d72ad31c779c3cc1,True,True,libtiff/tif_predict.c,horDiff32,594,617,22
vadz/libtiff,CVE-2016-9535,664,3ca657a8793dd011bf869695d72ad31c779c3cc1,True,True,libtiff/tif_predict.c,fpDiff,636,673,32
vadz/libtiff,CVE-2016-9535,664,3ca657a8793dd011bf869695d72ad31c779c3cc1,True,False,libtiff/tif_predict.c,,-1,-1,-1
vadz/libtiff,CVE-2016-9535,664,3ca657a8793dd011bf869695d72ad31c779c3cc1,True,True,libtiff/tif_predict.c,fpAcc,405,445,34
vadz/libtiff,CVE-2016-9538,682,3791be834dfba9797700e6f86a864758d2ab82c0,True,True,tools/tiffcp.c,tiffcp,564,773,180
vadz/libtiff,CVE-2016-9538,682,ffafb9831860f866c28333d75a993538197da9c3,True,False,tools/tiffcrop.c,combineSeparateTileSamples24bits,4391,4512,105
vadz/libtiff,CVE-2016-9538,682,ffafb9831860f866c28333d75a993538197da9c3,True,False,tools/tiffcrop.c,combineSeparateSamples16bits,3757,3864,93
vadz/libtiff,CVE-2016-9538,682,ffafb9831860f866c28333d75a993538197da9c3,True,False,tools/tiffcrop.c,combineSeparateSamples32bits,3991,4119,115
vadz/libtiff,CVE-2016-9538,682,ffafb9831860f866c28333d75a993538197da9c3,True,False,tools/tiffcrop.c,extractContigSamples24bits,2842,2932,79
vadz/libtiff,CVE-2016-9538,682,ffafb9831860f866c28333d75a993538197da9c3,True,False,tools/tiffcrop.c,writeBufferToSeparateStrips,1118,1177,54
vadz/libtiff,CVE-2016-9538,682,ffafb9831860f866c28333d75a993538197da9c3,True,False,tools/tiffcrop.c,rotateContigSamples16bits,7738,7818,72
vadz/libtiff,CVE-2016-9538,682,ffafb9831860f866c28333d75a993538197da9c3,True,False,tools/tiffcrop.c,combineSeparateTileSamples16bits,4282,4388,93
vadz/libtiff,CVE-2016-9538,682,ffafb9831860f866c28333d75a993538197da9c3,True,True,tools/tiffcrop.c,readContigStripsIntoBuffer,3568,3596,26
vadz/libtiff,CVE-2016-9538,682,ffafb9831860f866c28333d75a993538197da9c3,True,False,tools/tiffcrop.c,loadImage,5674,5898,202
vadz/libtiff,CVE-2016-9538,682,ffafb9831860f866c28333d75a993538197da9c3,True,False,tools/tiffcrop.c,writeSingleSection,6708,6970,209
vadz/libtiff,CVE-2016-9538,682,ffafb9831860f866c28333d75a993538197da9c3,True,False,tools/tiffcrop.c,,-1,-1,-1
vadz/libtiff,CVE-2016-9538,682,ffafb9831860f866c28333d75a993538197da9c3,True,False,tools/tiffcrop.c,main,2083,2373,238
vadz/libtiff,CVE-2016-9538,682,ffafb9831860f866c28333d75a993538197da9c3,True,False,tools/tiffcrop.c,writeBufferToContigTiles,1182,1252,61
vadz/libtiff,CVE-2016-9538,682,ffafb9831860f866c28333d75a993538197da9c3,True,False,tools/tiffcrop.c,extractContigSamplesShifted24bits,3210,3305,82
vadz/libtiff,CVE-2016-9538,682,ffafb9831860f866c28333d75a993538197da9c3,True,False,tools/tiffcrop.c,extractContigSamplesShifted32bits,3308,3413,94
vadz/libtiff,CVE-2016-9538,682,ffafb9831860f866c28333d75a993538197da9c3,True,False,tools/tiffcrop.c,reverseSamples16bits,8368,8440,65
vadz/libtiff,CVE-2016-9538,682,ffafb9831860f866c28333d75a993538197da9c3,True,False,tools/tiffcrop.c,reverseSamples32bits,8527,8624,88
vadz/libtiff,CVE-2016-9538,682,ffafb9831860f866c28333d75a993538197da9c3,True,False,tools/tiffcrop.c,writeBufferToContigStrips,1086,1107,20
vadz/libtiff,CVE-2016-9538,682,ffafb9831860f866c28333d75a993538197da9c3,True,False,tools/tiffcrop.c,readContigTilesIntoBuffer,751,937,166
vadz/libtiff,CVE-2016-9538,682,ffafb9831860f866c28333d75a993538197da9c3,True,False,tools/tiffcrop.c,writeCroppedImage,7382,7659,235
vadz/libtiff,CVE-2016-9538,682,ffafb9831860f866c28333d75a993538197da9c3,True,False,tools/tiffcrop.c,extractContigSamplesShifted16bits,3120,3206,75
vadz/libtiff,CVE-2016-9538,682,ffafb9831860f866c28333d75a993538197da9c3,True,False,tools/tiffcrop.c,reverseSamples24bits,8443,8523,70
vadz/libtiff,CVE-2016-9538,682,ffafb9831860f866c28333d75a993538197da9c3,True,False,tools/tiffcrop.c,rotateContigSamples32bits,7912,8016,95
vadz/libtiff,CVE-2016-9538,682,ffafb9831860f866c28333d75a993538197da9c3,True,False,tools/tiffcrop.c,combineSeparateTileSamples32bits,4515,4644,115
vadz/libtiff,CVE-2016-9538,682,ffafb9831860f866c28333d75a993538197da9c3,True,False,tools/tiffcrop.c,update_output_file,2028,2079,45
vadz/libtiff,CVE-2016-9538,682,ffafb9831860f866c28333d75a993538197da9c3,True,False,tools/tiffcrop.c,writeBufferToSeparateTiles,1257,1318,54
vadz/libtiff,CVE-2016-9538,682,ffafb9831860f866c28333d75a993538197da9c3,True,False,tools/tiffcrop.c,extractContigSamples32bits,2935,3037,91
vadz/libtiff,CVE-2016-9538,682,ffafb9831860f866c28333d75a993538197da9c3,True,False,tools/tiffcrop.c,combineSeparateSamples24bits,3867,3988,105
vadz/libtiff,CVE-2016-9538,682,ffafb9831860f866c28333d75a993538197da9c3,True,False,tools/tiffcrop.c,extractContigSamples16bits,2753,2838,75
vadz/libtiff,CVE-2016-9538,682,ffafb9831860f866c28333d75a993538197da9c3,True,False,tools/tiffcrop.c,rotateContigSamples24bits,7821,7909,77
vadz/libtiff,CVE-2016-10267,682,05709700374b6837da94b76c08d12c1f01cba383,True,False,libtiff/tif_ojpeg.c,OJPEGDecodeRaw,765,817,53
vadz/libtiff,CVE-2016-10267,682,05709700374b6837da94b76c08d12c1f01cba383,False,False,libtiff/tif_dir.c,_TIFFsetLong8Array,66,67,2
vadz/libtiff,CVE-2016-10267,682,05709700374b6837da94b76c08d12c1f01cba383,False,False,libtiff/tif_dirread.c,TIFFReadDirEntryCheckedDouble,1912,1932,21
vadz/libtiff,CVE-2016-10267,682,05709700374b6837da94b76c08d12c1f01cba383,False,False,libtiff/tif_dirread.c,TIFFReadDirEntryIfd8,494,516,23
vadz/libtiff,CVE-2016-10267,682,05709700374b6837da94b76c08d12c1f01cba383,True,False,libtiff/tif_ojpeg.c,OJPEGVSetField,500,579,80
vadz/libtiff,CVE-2016-10267,682,05709700374b6837da94b76c08d12c1f01cba383,False,False,libtiff/tif_dirread.c,,-1,-1,-1
vadz/libtiff,CVE-2016-10267,682,05709700374b6837da94b76c08d12c1f01cba383,False,False,libtiff/tif_dirread.c,TIFFReadDirEntryCheckedFloat,1903,1910,8
vadz/libtiff,CVE-2016-10267,682,05709700374b6837da94b76c08d12c1f01cba383,False,False,libtiff/tif_dirread.c,TIFFReadDirEntryCheckedRational,1846,1872,27
vadz/libtiff,CVE-2016-10267,682,05709700374b6837da94b76c08d12c1f01cba383,True,False,libtiff/tif_ojpeg.c,OJPEGDecodeScanlines,820,842,23
vadz/libtiff,CVE-2016-10267,682,05709700374b6837da94b76c08d12c1f01cba383,False,False,libtiff/tif_dirread.c,TIFFReadDirEntryLong8,328,404,77
vadz/libtiff,CVE-2016-10267,682,05709700374b6837da94b76c08d12c1f01cba383,False,False,libtiff/tif_dirread.c,TIFFReadDirEntryCheckedSrational,1874,1901,28
vadz/libtiff,CVE-2016-10267,682,05709700374b6837da94b76c08d12c1f01cba383,True,False,libtiff/tif_ojpeg.c,,-1,-1,-1
vadz/libtiff,CVE-2016-10267,682,05709700374b6837da94b76c08d12c1f01cba383,True,False,libtiff/tif_ojpeg.c,OJPEGEncode,877,885,9
vadz/libtiff,CVE-2016-10267,682,05709700374b6837da94b76c08d12c1f01cba383,False,False,libtiff/tif_dirread.c,TIFFReadDirectory,2160,2778,456
vadz/libtiff,CVE-2016-10267,682,05709700374b6837da94b76c08d12c1f01cba383,False,False,libtiff/tif_dirread.c,TIFFReadDirEntryLongArray,925,1089,165
vadz/libtiff,CVE-2016-10267,682,05709700374b6837da94b76c08d12c1f01cba383,False,False,libtiff/tif_dirread.c,TIFFReadDirEntryDouble,406,492,87
vadz/libtiff,CVE-2016-10267,682,05709700374b6837da94b76c08d12c1f01cba383,True,False,libtiff/tif_ojpeg.c,OJPEGPrintDir,582,617,36
vadz/libtiff,CVE-2016-10267,682,05709700374b6837da94b76c08d12c1f01cba383,True,False,libtiff/tif_ojpeg.c,OJPEGPostDecode,845,857,13
vadz/libtiff,CVE-2016-10267,682,05709700374b6837da94b76c08d12c1f01cba383,True,True,libtiff/tif_ojpeg.c,OJPEGDecode,747,762,16
vadz/libtiff,CVE-2016-10267,682,05709700374b6837da94b76c08d12c1f01cba383,True,False,libtiff/tif_ojpeg.c,OJPEGVGetField,458,497,40
vadz/libtiff,CVE-2016-10267,682,05709700374b6837da94b76c08d12c1f01cba383,False,False,libtiff/tif_dir.c,_TIFFVSetField,139,603,405
vadz/libtiff,CVE-2016-10267,682,05709700374b6837da94b76c08d12c1f01cba383,False,False,libtiff/tif_dirread.c,TIFFFetchNormalTag,3846,4072,207
vadz/libtiff,CVE-2016-10267,682,05709700374b6837da94b76c08d12c1f01cba383,True,True,libtiff/tif_ojpeg.c,OJPEGPreDecode,628,688,61
vadz/libtiff,CVE-2016-10267,682,05709700374b6837da94b76c08d12c1f01cba383,True,False,libtiff/tif_ojpeg.c,OJPEGReadBufferFill,1864,1936,71
vadz/libtiff,CVE-2016-10267,682,05709700374b6837da94b76c08d12c1f01cba383,True,False,libtiff/tif_ojpeg.c,OJPEGReadHeaderInfoSecStreamSof,1486,1631,133
vadz/libtiff,CVE-2016-10267,682,05709700374b6837da94b76c08d12c1f01cba383,False,False,libtiff/tif_dirread.c,TIFFReadDirEntryCheckRangeLongSlong,2054,2060,7
vadz/libtiff,CVE-2016-10267,682,05709700374b6837da94b76c08d12c1f01cba383,True,False,libtiff/tif_ojpeg.c,OJPEGReadHeaderInfoSec,1204,1332,127
vadz/libtiff,CVE-2016-10267,682,05709700374b6837da94b76c08d12c1f01cba383,False,False,libtiff/tif_dirread.c,TIFFReadDirEntryLong,245,326,82
vadz/libtiff,CVE-2016-10267,682,05709700374b6837da94b76c08d12c1f01cba383,True,False,libtiff/tif_ojpeg.c,TIFFInitOJPEG,397,455,44
vadz/libtiff,CVE-2016-10267,682,e54bb0c2eab07c494abf2290add28bca0653fd1b,True,False,libtiff/tif_ojpeg.c,OJPEGReadBufferFill( OJPEGState * sp),1763,1835,71
vadz/libtiff,CVE-2016-10267,682,e54bb0c2eab07c494abf2290add28bca0653fd1b,True,False,libtiff/tif_ojpeg.c,"OJPEGDecodeRaw( TIFF * tif , tidata_t buf , tsize_t cc , tsample_t s)",667,719,53
vadz/libtiff,CVE-2016-10267,682,e54bb0c2eab07c494abf2290add28bca0653fd1b,True,False,libtiff/tif_ojpeg.c,"OJPEGVSetField( TIFF * tif , ttag_t tag , va_list ap)",404,483,80
vadz/libtiff,CVE-2016-10267,682,e54bb0c2eab07c494abf2290add28bca0653fd1b,False,False,libtiff/tif_dirread.c,TIFFReadDirectoryFind,788,798,11
vadz/libtiff,CVE-2016-10267,682,e54bb0c2eab07c494abf2290add28bca0653fd1b,True,False,libtiff/tif_ojpeg.c,"OJPEGReadSecondarySos( TIFF * tif , tsample_t s)",955,1002,48
vadz/libtiff,CVE-2016-10267,682,e54bb0c2eab07c494abf2290add28bca0653fd1b,True,False,libtiff/tif_ojpeg.c,OJPEGReadHeaderInfoSecTablesAcTable( TIFF * tif),1699,1760,62
vadz/libtiff,CVE-2016-10267,682,e54bb0c2eab07c494abf2290add28bca0653fd1b,True,False,libtiff/tif_ojpeg.c,OJPEGLibjpegJpegSourceMgrFillInputBuffer( jpeg_decompress_struct * cinfo),2307,2321,15
vadz/libtiff,CVE-2016-10267,682,e54bb0c2eab07c494abf2290add28bca0653fd1b,True,False,libtiff/tif_ojpeg.c,OJPEGLibjpegJpegSourceMgrTermSource( jpeg_decompress_struct * cinfo),2340,2342,3
vadz/libtiff,CVE-2016-10267,682,e54bb0c2eab07c494abf2290add28bca0653fd1b,False,False,libtiff/tif_dirread.c,,-1,-1,-1
vadz/libtiff,CVE-2016-10267,682,e54bb0c2eab07c494abf2290add28bca0653fd1b,True,False,libtiff/tif_ojpeg.c,OJPEGReadByteAdvance( OJPEGState * sp),1866,1871,6
vadz/libtiff,CVE-2016-10267,682,e54bb0c2eab07c494abf2290add28bca0653fd1b,True,False,libtiff/tif_ojpeg.c,"OJPEGDecodeScanlines( TIFF * tif , tidata_t buf , tsize_t cc , tsample_t s)",722,744,23
vadz/libtiff,CVE-2016-10267,682,e54bb0c2eab07c494abf2290add28bca0653fd1b,True,False,libtiff/tif_ojpeg.c,"OJPEGPreDecode( TIFF * tif , tsample_t s)",531,591,61
vadz/libtiff,CVE-2016-10267,682,e54bb0c2eab07c494abf2290add28bca0653fd1b,True,False,libtiff/tif_ojpeg.c,OJPEGLibjpegJpegErrorMgrOutputMessage( jpeg_common_struct * cinfo),2285,2290,6
vadz/libtiff,CVE-2016-10267,682,e54bb0c2eab07c494abf2290add28bca0653fd1b,True,False,libtiff/tif_ojpeg.c,"OJPEGEncode( TIFF * tif , tidata_t buf , tsize_t cc , tsample_t s)",776,781,6
vadz/libtiff,CVE-2016-10267,682,e54bb0c2eab07c494abf2290add28bca0653fd1b,True,False,libtiff/tif_ojpeg.c,"OJPEGReadWord( OJPEGState * sp , uint16 * word)",1874,1884,11
vadz/libtiff,CVE-2016-10267,682,e54bb0c2eab07c494abf2290add28bca0653fd1b,True,False,libtiff/tif_ojpeg.c,OJPEGSetupDecode( TIFF * tif),523,528,6
vadz/libtiff,CVE-2016-10267,682,e54bb0c2eab07c494abf2290add28bca0653fd1b,True,False,libtiff/tif_ojpeg.c,"OJPEGWriteStream( TIFF * tif , void ** mem , uint32 * len)",1946,2016,71
vadz/libtiff,CVE-2016-10267,682,e54bb0c2eab07c494abf2290add28bca0653fd1b,True,False,libtiff/tif_ojpeg.c,OJPEGReadHeaderInfoSec( TIFF * tif),1103,1231,127
vadz/libtiff,CVE-2016-10267,682,e54bb0c2eab07c494abf2290add28bca0653fd1b,True,False,libtiff/tif_ojpeg.c,return( 0),2229,2233,5
vadz/libtiff,CVE-2016-10267,682,e54bb0c2eab07c494abf2290add28bca0653fd1b,True,False,libtiff/tif_ojpeg.c,OJPEGReadHeaderInfoSecStreamDqt( TIFF * tif),1254,1310,56
vadz/libtiff,CVE-2016-10267,682,e54bb0c2eab07c494abf2290add28bca0653fd1b,True,False,libtiff/tif_ojpeg.c,OJPEGLibjpegJpegErrorMgrErrorExit( jpeg_common_struct * cinfo),2293,2299,7
vadz/libtiff,CVE-2016-10267,682,e54bb0c2eab07c494abf2290add28bca0653fd1b,False,False,libtiff/tif_dir.h,,-1,-1,-1
vadz/libtiff,CVE-2016-10267,682,e54bb0c2eab07c494abf2290add28bca0653fd1b,True,False,libtiff/tif_ojpeg.c,"OJPEGReadBlock( OJPEGState * sp , uint16 len , void * mem)",1887,1913,27
vadz/libtiff,CVE-2016-10267,682,e54bb0c2eab07c494abf2290add28bca0653fd1b,True,False,libtiff/tif_ojpeg.c,OJPEGSetupEncode( TIFF * tif),760,765,6
vadz/libtiff,CVE-2016-10267,682,e54bb0c2eab07c494abf2290add28bca0653fd1b,True,False,libtiff/tif_ojpeg.c,OJPEGReadHeaderInfoSecTablesQTable( TIFF * tif),1581,1632,52
vadz/libtiff,CVE-2016-10267,682,e54bb0c2eab07c494abf2290add28bca0653fd1b,True,False,libtiff/tif_ojpeg.c,OJPEGPostEncode( TIFF * tif),784,789,6
vadz/libtiff,CVE-2016-10267,682,e54bb0c2eab07c494abf2290add28bca0653fd1b,True,False,libtiff/tif_ojpeg.c,OJPEGLibjpegSessionAbort( TIFF * tif),1094,1100,7
vadz/libtiff,CVE-2016-10267,682,e54bb0c2eab07c494abf2290add28bca0653fd1b,True,False,libtiff/tif_ojpeg.c,"OJPEGWriteStreamSoi( TIFF * tif , void ** mem , uint32 * len)",2019,2028,10
vadz/libtiff,CVE-2016-10267,682,e54bb0c2eab07c494abf2290add28bca0653fd1b,True,False,libtiff/tif_ojpeg.c,"jpeg_create_decompress_encap( OJPEGState * sp , jpeg_decompress_struct * cinfo)",2213,2221,9
vadz/libtiff,CVE-2016-10267,682,e54bb0c2eab07c494abf2290add28bca0653fd1b,True,False,libtiff/tif_ojpeg.c,"OJPEGPostDecode( TIFF * tif , tidata_t buf , tsize_t cc)",747,757,11
vadz/libtiff,CVE-2016-10267,682,e54bb0c2eab07c494abf2290add28bca0653fd1b,True,False,libtiff/tif_ojpeg.c,,-1,-1,-1
vadz/libtiff,CVE-2016-10267,682,e54bb0c2eab07c494abf2290add28bca0653fd1b,True,False,libtiff/tif_ojpeg.c,OJPEGPreDecodeSkipRaw( TIFF * tif),594,624,31
vadz/libtiff,CVE-2016-10267,682,e54bb0c2eab07c494abf2290add28bca0653fd1b,True,False,libtiff/tif_ojpeg.c,"OJPEGWriteStreamEoi( TIFF * tif , void ** mem , uint32 * len)",2200,2209,10
vadz/libtiff,CVE-2016-10267,682,e54bb0c2eab07c494abf2290add28bca0653fd1b,True,False,libtiff/tif_ojpeg.c,"OJPEGWriteStreamAcTable( TIFF * tif , uint8 table_index , void ** mem , uint32 * len)",2055,2064,10
vadz/libtiff,CVE-2016-10267,682,e54bb0c2eab07c494abf2290add28bca0653fd1b,True,False,libtiff/tif_ojpeg.c,"OJPEGDecode( TIFF * tif , tidata_t buf , tsize_t cc , tsample_t s)",650,664,15
vadz/libtiff,CVE-2016-10267,682,e54bb0c2eab07c494abf2290add28bca0653fd1b,True,False,libtiff/tif_ojpeg.c,return( 0),2255,2259,5
vadz/libtiff,CVE-2016-10267,682,e54bb0c2eab07c494abf2290add28bca0653fd1b,True,False,libtiff/tif_ojpeg.c,OJPEGReadHeaderInfo( TIFF * tif),891,952,62
vadz/libtiff,CVE-2016-10267,682,e54bb0c2eab07c494abf2290add28bca0653fd1b,True,False,libtiff/tif_ojpeg.c,OJPEGReadHeaderInfoSecStreamSos( TIFF * tif),1533,1578,39
vadz/libtiff,CVE-2016-10267,682,e54bb0c2eab07c494abf2290add28bca0653fd1b,True,False,libtiff/tif_ojpeg.c,return( 0),2242,2246,5
vadz/libtiff,CVE-2016-10267,682,e54bb0c2eab07c494abf2290add28bca0653fd1b,True,False,libtiff/tif_ojpeg.c,OJPEGReadHeaderInfoSecStreamDht( TIFF * tif),1313,1382,68
vadz/libtiff,CVE-2016-10267,682,e54bb0c2eab07c494abf2290add28bca0653fd1b,True,False,libtiff/tif_ojpeg.c,"OJPEGWriteStreamDri( TIFF * tif , void ** mem , uint32 * len)",2067,2083,17
vadz/libtiff,CVE-2016-10267,682,e54bb0c2eab07c494abf2290add28bca0653fd1b,True,False,libtiff/tif_ojpeg.c,return( 0),2268,2272,5
vadz/libtiff,CVE-2016-10267,682,e54bb0c2eab07c494abf2290add28bca0653fd1b,True,False,libtiff/tif_ojpeg.c,"OJPEGLibjpegJpegSourceMgrResyncToRestart( jpeg_decompress_struct * cinfo , int desired)",2332,2337,6
vadz/libtiff,CVE-2016-10267,682,e54bb0c2eab07c494abf2290add28bca0653fd1b,True,False,libtiff/tif_ojpeg.c,"TIFFInitOJPEG( TIFF * tif , int scheme)",311,359,40
vadz/libtiff,CVE-2016-10267,682,e54bb0c2eab07c494abf2290add28bca0653fd1b,True,False,libtiff/tif_ojpeg.c,"OJPEGReadBytePeek( OJPEGState * sp , uint8 * byte)",1853,1863,11
vadz/libtiff,CVE-2016-10267,682,e54bb0c2eab07c494abf2290add28bca0653fd1b,True,False,libtiff/tif_ojpeg.c,"OJPEGPrintDir( TIFF * tif , FILE * fd , long flags)",486,520,35
vadz/libtiff,CVE-2016-10267,682,e54bb0c2eab07c494abf2290add28bca0653fd1b,False,False,libtiff/tif_dirread.c,TIFFReadDirectory,71,785,494
vadz/libtiff,CVE-2016-10267,682,e54bb0c2eab07c494abf2290add28bca0653fd1b,True,False,libtiff/tif_ojpeg.c,"OJPEGReadSkip( OJPEGState * sp , uint16 len)",1916,1943,22
vadz/libtiff,CVE-2016-10267,682,e54bb0c2eab07c494abf2290add28bca0653fd1b,True,False,libtiff/tif_ojpeg.c,"OJPEGWriteStreamSof( TIFF * tif , void ** mem , uint32 * len)",2086,2119,26
vadz/libtiff,CVE-2016-10267,682,e54bb0c2eab07c494abf2290add28bca0653fd1b,True,False,libtiff/tif_ojpeg.c,OJPEGPreDecodeSkipScanlines( TIFF * tif),627,647,21
vadz/libtiff,CVE-2016-10267,682,e54bb0c2eab07c494abf2290add28bca0653fd1b,True,False,libtiff/tif_ojpeg.c,"OJPEGVGetField( TIFF * tif , ttag_t tag , va_list ap)",362,401,40
vadz/libtiff,CVE-2016-10267,682,e54bb0c2eab07c494abf2290add28bca0653fd1b,True,False,libtiff/tif_ojpeg.c,"OJPEGWriteStreamDcTable( TIFF * tif , uint8 table_index , void ** mem , uint32 * len)",2043,2052,10
vadz/libtiff,CVE-2016-10267,682,e54bb0c2eab07c494abf2290add28bca0653fd1b,True,False,libtiff/tif_ojpeg.c,"OJPEGWriteStreamSos( TIFF * tif , void ** mem , uint32 * len)",2122,2151,23
vadz/libtiff,CVE-2016-10267,682,e54bb0c2eab07c494abf2290add28bca0653fd1b,True,False,libtiff/tif_ojpeg.c,"OJPEGWriteStreamCompressed( TIFF * tif , void ** mem , uint32 * len)",2154,2182,29
vadz/libtiff,CVE-2016-10267,682,e54bb0c2eab07c494abf2290add28bca0653fd1b,False,False,libtiff/tiffio.h,,-1,-1,-1
vadz/libtiff,CVE-2016-10267,682,e54bb0c2eab07c494abf2290add28bca0653fd1b,True,False,libtiff/tif_ojpeg.c,"OJPEGReadHeaderInfoSecStreamSof( TIFF * tif , uint8 marker_id)",1385,1530,133
vadz/libtiff,CVE-2016-10267,682,e54bb0c2eab07c494abf2290add28bca0653fd1b,True,False,libtiff/tif_ojpeg.c,OJPEGCleanup( TIFF * tif),792,835,44
vadz/libtiff,CVE-2016-10267,682,e54bb0c2eab07c494abf2290add28bca0653fd1b,True,False,libtiff/tif_ojpeg.c,OJPEGSubsamplingCorrect( TIFF * tif),838,888,51
vadz/libtiff,CVE-2016-10267,682,e54bb0c2eab07c494abf2290add28bca0653fd1b,True,False,libtiff/tif_ojpeg.c,"OJPEGWriteStreamQTable( TIFF * tif , uint8 table_index , void ** mem , uint32 * len)",2031,2040,10
vadz/libtiff,CVE-2016-10267,682,e54bb0c2eab07c494abf2290add28bca0653fd1b,True,False,libtiff/tif_ojpeg.c,OJPEGLibjpegJpegSourceMgrInitSource( jpeg_decompress_struct * cinfo),2302,2304,3
vadz/libtiff,CVE-2016-10267,682,e54bb0c2eab07c494abf2290add28bca0653fd1b,True,False,libtiff/tif_ojpeg.c,OJPEGWriteHeaderInfo( TIFF * tif),1005,1091,87
vadz/libtiff,CVE-2016-10267,682,e54bb0c2eab07c494abf2290add28bca0653fd1b,True,False,libtiff/tif_ojpeg.c,"OJPEGWriteStreamRst( TIFF * tif , void ** mem , uint32 * len)",2185,2197,13
vadz/libtiff,CVE-2016-10267,682,e54bb0c2eab07c494abf2290add28bca0653fd1b,True,False,libtiff/tif_ojpeg.c,"OJPEGPreEncode( TIFF * tif , tsample_t s)",768,773,6
vadz/libtiff,CVE-2016-10267,682,e54bb0c2eab07c494abf2290add28bca0653fd1b,True,False,libtiff/tif_ojpeg.c,OJPEGReadHeaderInfoSecStreamDri( TIFF * tif),1234,1251,17
vadz/libtiff,CVE-2016-10267,682,e54bb0c2eab07c494abf2290add28bca0653fd1b,True,False,libtiff/tif_ojpeg.c,"OJPEGLibjpegJpegSourceMgrSkipInputData( jpeg_decompress_struct * cinfo , long num_bytes)",2324,2329,6
vadz/libtiff,CVE-2016-10267,682,e54bb0c2eab07c494abf2290add28bca0653fd1b,True,False,libtiff/tif_ojpeg.c,"OJPEGReadByte( OJPEGState * sp , uint8 * byte)",1838,1850,13
vadz/libtiff,CVE-2016-10267,682,e54bb0c2eab07c494abf2290add28bca0653fd1b,True,False,libtiff/tif_ojpeg.c,OJPEGReadHeaderInfoSecTablesDcTable( TIFF * tif),1635,1696,62
vadz/libtiff,CVE-2016-10267,682,e86ab5116317419b340d65176df90929bf60e983,True,False,libtiff/tif_ojpeg.c,alloc_downsampled_buffers,488,515,25
vadz/libtiff,CVE-2016-10267,682,e86ab5116317419b340d65176df90929bf60e983,True,False,libtiff/tif_ojpeg.c,TIFFojpeg_create_compress,211,217,7
vadz/libtiff,CVE-2016-10267,682,e86ab5116317419b340d65176df90929bf60e983,True,False,libtiff/tif_ojpeg.c,TIFFojpeg_read_scanlines,310,314,5
vadz/libtiff,CVE-2016-10267,682,e86ab5116317419b340d65176df90929bf60e983,True,False,libtiff/tif_ojpeg.c,OJPEGDecodeRaw,959,1023,52
vadz/libtiff,CVE-2016-10267,682,e86ab5116317419b340d65176df90929bf60e983,True,False,libtiff/tif_ojpeg.c,unsuppress_quant_table,521,525,4
vadz/libtiff,CVE-2016-10267,682,e86ab5116317419b340d65176df90929bf60e983,True,False,libtiff/tif_ojpeg.c,OJPEGEncode,665,681,12
vadz/libtiff,CVE-2016-10267,682,e86ab5116317419b340d65176df90929bf60e983,True,True,libtiff/tif_ojpeg.c,OJPEGDecode,937,956,15
vadz/libtiff,CVE-2016-10267,682,e86ab5116317419b340d65176df90929bf60e983,True,False,libtiff/tif_ojpeg.c,OJPEGDefaultTileSize,1643,1651,6
vadz/libtiff,CVE-2016-10267,682,e86ab5116317419b340d65176df90929bf60e983,True,False,libtiff/tif_ojpeg.c,OJPEGPostEncode,857,885,24
vadz/libtiff,CVE-2016-10267,682,e86ab5116317419b340d65176df90929bf60e983,True,False,libtiff/tif_ojpeg.c,fake_SOS_marker,1030,1030,1
vadz/libtiff,CVE-2016-10267,682,e86ab5116317419b340d65176df90929bf60e983,True,False,libtiff/tif_ojpeg.c,std_fill_input_buffer,448,461,7
vadz/libtiff,CVE-2016-10267,682,e86ab5116317419b340d65176df90929bf60e983,True,True,libtiff/tif_ojpeg.c,OJPEGPreDecode,1033,1424,279
vadz/libtiff,CVE-2016-10267,682,e86ab5116317419b340d65176df90929bf60e983,True,False,libtiff/tif_ojpeg.c,TIFFojpeg_abort,271,272,2
vadz/libtiff,CVE-2016-10267,682,e86ab5116317419b340d65176df90929bf60e983,True,False,libtiff/tif_ojpeg.c,TIFFojpeg_destroy,291,292,2
vadz/libtiff,CVE-2016-10267,682,e86ab5116317419b340d65176df90929bf60e983,True,False,libtiff/tif_ojpeg.c,TIFFojpeg_suppress_tables,240,241,2
vadz/libtiff,CVE-2016-10267,682,e86ab5116317419b340d65176df90929bf60e983,True,False,libtiff/tif_ojpeg.c,tables_empty_output_buffer,377,393,13
vadz/libtiff,CVE-2016-10267,682,e86ab5116317419b340d65176df90929bf60e983,True,False,libtiff/tif_ojpeg.c,TIFFojpeg_finish_compress,220,221,2
vadz/libtiff,CVE-2016-10267,682,e86ab5116317419b340d65176df90929bf60e983,True,False,libtiff/tif_ojpeg.c,TIFFojpeg_start_decompress,317,318,2
vadz/libtiff,CVE-2016-10267,682,e86ab5116317419b340d65176df90929bf60e983,True,False,libtiff/tif_ojpeg.c,OJPEGPreEncode,756,854,85
vadz/libtiff,CVE-2016-10267,682,e86ab5116317419b340d65176df90929bf60e983,True,False,libtiff/tif_ojpeg.c,TIFFojpeg_tables_dest,405,426,18
vadz/libtiff,CVE-2016-10267,682,e86ab5116317419b340d65176df90929bf60e983,True,False,libtiff/tif_ojpeg.c,unsuppress_huff_table,528,534,6
vadz/libtiff,CVE-2016-10267,682,e86ab5116317419b340d65176df90929bf60e983,True,False,libtiff/tif_ojpeg.c,OJPEGVSetField,1427,1583,109
vadz/libtiff,CVE-2016-10267,682,e86ab5116317419b340d65176df90929bf60e983,True,False,libtiff/tif_ojpeg.c,TIFFojpeg_alloc_sarray,275,279,5
vadz/libtiff,CVE-2016-10267,682,e86ab5116317419b340d65176df90929bf60e983,True,False,libtiff/tif_ojpeg.c,,-1,-1,-1
vadz/libtiff,CVE-2016-10267,682,e86ab5116317419b340d65176df90929bf60e983,True,False,libtiff/tif_ojpeg.c,OJPEGSetupDecode,891,934,29
vadz/libtiff,CVE-2016-10267,682,e86ab5116317419b340d65176df90929bf60e983,True,False,libtiff/tif_ojpeg.c,std_init_source,434,445,9
vadz/libtiff,CVE-2016-10267,682,e86ab5116317419b340d65176df90929bf60e983,True,False,libtiff/tif_ojpeg.c,TIFFojpeg_error_exit,181,188,7
vadz/libtiff,CVE-2016-10267,682,e86ab5116317419b340d65176df90929bf60e983,True,False,libtiff/tif_ojpeg.c,TIFFojpeg_read_header,299,300,2
vadz/libtiff,CVE-2016-10267,682,e86ab5116317419b340d65176df90929bf60e983,True,False,libtiff/tif_ojpeg.c,std_skip_input_data,464,477,11
vadz/libtiff,CVE-2016-10267,682,e86ab5116317419b340d65176df90929bf60e983,True,False,libtiff/tif_ojpeg.c,OJPEGEncodeRaw,684,753,57
vadz/libtiff,CVE-2016-10267,682,e86ab5116317419b340d65176df90929bf60e983,True,False,libtiff/tif_ojpeg.c,TIFFojpeg_start_compress,236,237,2
vadz/libtiff,CVE-2016-10267,682,e86ab5116317419b340d65176df90929bf60e983,True,False,libtiff/tif_ojpeg.c,prepare_JPEGTables,537,558,17
vadz/libtiff,CVE-2016-10267,682,e86ab5116317419b340d65176df90929bf60e983,True,False,libtiff/tif_ojpeg.c,_notSupported,262,267,5
vadz/libtiff,CVE-2016-10267,682,e86ab5116317419b340d65176df90929bf60e983,True,False,libtiff/tif_ojpeg.c,OJPEGVGetField,1586,1620,23
vadz/libtiff,CVE-2016-10267,682,e86ab5116317419b340d65176df90929bf60e983,True,False,libtiff/tif_ojpeg.c,TIFFojpeg_set_quality,232,233,2
vadz/libtiff,CVE-2016-10267,682,e86ab5116317419b340d65176df90929bf60e983,True,False,libtiff/tif_ojpeg.c,TIFFojpeg_write_tables,257,258,2
vadz/libtiff,CVE-2016-10267,682,e86ab5116317419b340d65176df90929bf60e983,True,False,libtiff/tif_ojpeg.c,std_empty_output_buffer,329,340,9
vadz/libtiff,CVE-2016-10267,682,e86ab5116317419b340d65176df90929bf60e983,True,False,libtiff/tif_ojpeg.c,TIFFojpeg_read_raw_data,303,307,5
vadz/libtiff,CVE-2016-10267,682,e86ab5116317419b340d65176df90929bf60e983,True,False,libtiff/tif_ojpeg.c,TIFFojpeg_data_dest,355,361,7
vadz/libtiff,CVE-2016-10267,682,e86ab5116317419b340d65176df90929bf60e983,True,False,libtiff/tif_ojpeg.c,std_init_destination,326,326,1
vadz/libtiff,CVE-2016-10267,682,e86ab5116317419b340d65176df90929bf60e983,True,False,libtiff/tif_ojpeg.c,TIFFInitOJPEG,1677,1809,73
vadz/libtiff,CVE-2016-10267,682,e86ab5116317419b340d65176df90929bf60e983,True,False,libtiff/tif_ojpeg.c,OJPEGDefaultStripSize,1632,1640,6
vadz/libtiff,CVE-2016-10267,682,e86ab5116317419b340d65176df90929bf60e983,True,False,libtiff/tif_ojpeg.c,TIFFojpeg_finish_decompress,295,296,2
vadz/libtiff,CVE-2016-10267,682,e86ab5116317419b340d65176df90929bf60e983,True,False,libtiff/tif_ojpeg.c,TIFFojpeg_set_defaults,228,229,2
vadz/libtiff,CVE-2016-10267,682,e86ab5116317419b340d65176df90929bf60e983,True,False,libtiff/tif_ojpeg.c,tables_init_destination,367,374,5
vadz/libtiff,CVE-2016-10267,682,e86ab5116317419b340d65176df90929bf60e983,True,False,libtiff/tif_ojpeg.c,TIFFojpeg_write_raw_data,244,247,4
vadz/libtiff,CVE-2016-10267,682,e86ab5116317419b340d65176df90929bf60e983,True,False,libtiff/tif_ojpeg.c,tables_term_destination,396,402,4
vadz/libtiff,CVE-2016-10267,682,e86ab5116317419b340d65176df90929bf60e983,True,False,libtiff/tif_ojpeg.c,OJPEGPrintDir,1623,1629,6
vadz/libtiff,CVE-2016-10267,682,e86ab5116317419b340d65176df90929bf60e983,True,False,libtiff/tif_ojpeg.c,std_term_destination,343,352,6
vadz/libtiff,CVE-2016-10267,682,e86ab5116317419b340d65176df90929bf60e983,True,False,libtiff/tif_ojpeg.c,TIFFojpeg_set_colorspace,224,225,2
vadz/libtiff,CVE-2016-10267,682,e86ab5116317419b340d65176df90929bf60e983,True,False,libtiff/tif_ojpeg.c,TIFFojpeg_output_message,191,200,5
vadz/libtiff,CVE-2016-10267,682,e86ab5116317419b340d65176df90929bf60e983,True,False,libtiff/tif_ojpeg.c,std_term_source,480,480,1
vadz/libtiff,CVE-2016-10267,682,e86ab5116317419b340d65176df90929bf60e983,True,False,libtiff/tif_ojpeg.c,OJPEGCleanUp,1654,1674,16
vadz/libtiff,CVE-2016-10267,682,e86ab5116317419b340d65176df90929bf60e983,True,False,libtiff/tif_ojpeg.c,OJPEGSetupEncode,561,662,71
vadz/libtiff,CVE-2016-10267,682,e86ab5116317419b340d65176df90929bf60e983,True,False,libtiff/tif_ojpeg.c,TIFFojpeg_create_decompress,282,288,7
vadz/libtiff,CVE-2016-10267,682,e86ab5116317419b340d65176df90929bf60e983,True,False,libtiff/tif_ojpeg.c,TIFFojpeg_write_scanlines,250,254,5
vadz/libtiff,CVE-2017-5225,664,43c0b81a818640429317c80fea1e66771e85024b,True,True,tools/tiffcp.c,tiffcp,593,816,192
vadz/libtiff,CVE-2017-5225,664,43c0b81a818640429317c80fea1e66771e85024b,False,False,tools/tiffcrop.c,readSeparateStripsIntoBuffer,4710,4889,158
vadz/libtiff,CVE-2017-5225,664,43c0b81a818640429317c80fea1e66771e85024b,False,False,tools/tiffcrop.c,readContigStripsIntoBuffer,3627,3659,29
vadz/libtiff,CVE-2015-8784,664,662f74445b2fea2eeb759c6524661118aef567ca,False,False,tools/tiff2pdf.c,t2p_read_tiff_init,1029,1206,170
vadz/libtiff,CVE-2015-8784,664,662f74445b2fea2eeb759c6524661118aef567ca,False,False,tools/tiffdump.c,,-1,-1,-1
vadz/libtiff,CVE-2015-8784,664,662f74445b2fea2eeb759c6524661118aef567ca,False,False,tools/bmp2tiff.c,main,228,748,432
vadz/libtiff,CVE-2015-8784,664,662f74445b2fea2eeb759c6524661118aef567ca,False,False,libtiff/tif_dirread.c,TIFFReadDirectory,3423,4102,481
vadz/libtiff,CVE-2015-8784,664,662f74445b2fea2eeb759c6524661118aef567ca,False,False,tools/tiffcrop.c,writeBufferToContigTiles,1194,1265,62
vadz/libtiff,CVE-2015-8784,664,662f74445b2fea2eeb759c6524661118aef567ca,False,False,libtiff/tif_dir.c,_TIFFVSetField,156,714,497
vadz/libtiff,CVE-2015-8784,664,662f74445b2fea2eeb759c6524661118aef567ca,False,False,tools/tiff2pdf.c,t2p_read_tiff_data,1236,1843,564
vadz/libtiff,CVE-2015-8784,664,662f74445b2fea2eeb759c6524661118aef567ca,False,False,libtiff/tif_getimage.c,TIFFRGBAImageOK,76,209,122
vadz/libtiff,CVE-2015-8784,664,662f74445b2fea2eeb759c6524661118aef567ca,True,True,libtiff/tif_next.c,NeXTDecode,49,142,68
vadz/libtiff,CVE-2015-8784,664,6a836be66e9ffa5a7a0631d5473423e26b87ca29,False,False,libtiff/tif_pixarlog.c,horizontalAccumulate11,294,334,40
vadz/libtiff,CVE-2015-8784,664,6a836be66e9ffa5a7a0631d5473423e26b87ca29,False,False,libtiff/tif_fax3.c,Fax3VSetField,1137,1194,52
vadz/libtiff,CVE-2015-8784,664,6a836be66e9ffa5a7a0631d5473423e26b87ca29,False,False,libtiff/tif_pixarlog.c,PixarLogEncode,1046,1120,69
vadz/libtiff,CVE-2015-8784,664,6a836be66e9ffa5a7a0631d5473423e26b87ca29,True,True,libtiff/tif_next.c,NeXTDecode,49,135,61
vadz/libtiff,CVE-2015-8784,664,6a836be66e9ffa5a7a0631d5473423e26b87ca29,False,False,libtiff/tif_pixarlog.c,PixarLogDecode,704,824,106
vadz/libtiff,CVE-2014-8130,682,7608943740bfd2327c8e918379ac6ae835a59e41,True,False,libtiff/tif_unix.c,_tiffSizeProc( thandle_t fd),133,149,14
vadz/libtiff,CVE-2014-8130,682,7608943740bfd2327c8e918379ac6ae835a59e41,True,False,libtiff/tif_unix.c,"TIFFOpen( const char * name , const char * mode)",213,244,21
vadz/libtiff,CVE-2014-8130,682,7608943740bfd2327c8e918379ac6ae835a59e41,True,False,libtiff/tif_unix.c,"_TIFFmemcpy( void * d , const void * s , tmsize_t c)",328,331,4
vadz/libtiff,CVE-2014-8130,682,7608943740bfd2327c8e918379ac6ae835a59e41,True,False,libtiff/tif_unix.c,_TIFFfree( void * p),310,313,4
vadz/libtiff,CVE-2014-8130,682,7608943740bfd2327c8e918379ac6ae835a59e41,True,False,libtiff/tif_unix.c,_tiffCloseProc( thandle_t fd),127,130,4
vadz/libtiff,CVE-2014-8130,682,7608943740bfd2327c8e918379ac6ae835a59e41,True,False,libtiff/tif_unix.c,"TIFFFdOpen( int fd , const char * name , const char * mode)",195,207,12
vadz/libtiff,CVE-2014-8130,682,7608943740bfd2327c8e918379ac6ae835a59e41,True,False,libtiff/tif_unix.c,"_TIFFrealloc( void * p , tmsize_t s)",316,319,4
vadz/libtiff,CVE-2014-8130,682,7608943740bfd2327c8e918379ac6ae835a59e41,True,False,libtiff/tif_win32.c,_tiffWriteProc,66,93,25
vadz/libtiff,CVE-2014-8130,682,7608943740bfd2327c8e918379ac6ae835a59e41,True,False,libtiff/tif_unix.c,,-1,-1,-1
vadz/libtiff,CVE-2014-8130,682,7608943740bfd2327c8e918379ac6ae835a59e41,True,False,libtiff/tif_unix.c,"_tiffUnmapProc( thandle_t fd , void * base , tmsize_t size)",171,175,5
vadz/libtiff,CVE-2014-8130,682,7608943740bfd2327c8e918379ac6ae835a59e41,True,False,libtiff/tif_unix.c,"_TIFFmemcmp( const void * p1 , const void * p2 , tmsize_t c)",334,337,4
vadz/libtiff,CVE-2014-8130,682,7608943740bfd2327c8e918379ac6ae835a59e41,True,False,libtiff/tif_unix.c,"_tiffReadProc( thandle_t fd , void * buf , tmsize_t size)",59,87,26
vadz/libtiff,CVE-2014-8130,682,7608943740bfd2327c8e918379ac6ae835a59e41,True,False,libtiff/tif_unix.c,"_tiffMapProc( thandle_t fd , void ** pbase , tmsize_t * psize)",178,182,5
vadz/libtiff,CVE-2014-8130,682,7608943740bfd2327c8e918379ac6ae835a59e41,True,False,libtiff/tif_unix.c,"_tiffMapProc( thandle_t fd , void ** pbase , tmsize_t * psize)",155,168,14
vadz/libtiff,CVE-2014-8130,682,7608943740bfd2327c8e918379ac6ae835a59e41,True,False,libtiff/tif_win32.c,_tiffReadProc,36,63,25
vadz/libtiff,CVE-2014-8130,682,7608943740bfd2327c8e918379ac6ae835a59e41,True,False,libtiff/tif_unix.c,"_tiffWriteProc( thandle_t fd , void * buf , tmsize_t size)",90,118,26
vadz/libtiff,CVE-2014-8130,682,7608943740bfd2327c8e918379ac6ae835a59e41,True,False,libtiff/tif_unix.c,"TIFFOpenW( const wchar_t * name , const char * mode)",252,300,36
vadz/libtiff,CVE-2014-8130,682,7608943740bfd2327c8e918379ac6ae835a59e41,True,False,libtiff/tif_unix.c,"_tiffUnmapProc( thandle_t fd , void * base , tmsize_t size)",185,188,4
vadz/libtiff,CVE-2014-8130,682,7608943740bfd2327c8e918379ac6ae835a59e41,True,False,libtiff/tif_win32.c,_tiffSeekProc,96,119,24
vadz/libtiff,CVE-2014-8130,682,7608943740bfd2327c8e918379ac6ae835a59e41,True,False,libtiff/tif_unix.c,"_TIFFmemset( void * p , int v , tmsize_t c)",322,325,4
vadz/libtiff,CVE-2014-8130,682,7608943740bfd2327c8e918379ac6ae835a59e41,True,False,libtiff/tif_unix.c,"_tiffSeekProc( thandle_t fd , uint64 off , int whence)",121,124,4
vadz/libtiff,CVE-2014-8130,682,7608943740bfd2327c8e918379ac6ae835a59e41,True,False,libtiff/tif_unix.c,_TIFFmalloc( tmsize_t s),304,307,4
