project,cve,cwe,commit_sha,is_file_vulnerable,is_function_vulnerable,file_name,function_name,function_start_line,function_end_line,function_nloc
wolfssl/wolfssl,CVE-2018-12436,664,5180cf4cce6dde46237b9b6f62eb266049caa822,True,True,wolfcrypt/src/ecc.c,wc_ecc_sign_hash_ex,3434,3601,110
wolfssl/wolfssl,CVE-2018-12436,664,68439d431759a379bdf77f4791e88f9e6bd125bb,False,False,src/internal.c,FreeHandshakeResources,4681,4819,84
wolfssl/wolfssl,CVE-2018-12436,664,68439d431759a379bdf77f4791e88f9e6bd125bb,True,True,wolfcrypt/src/ecc.c,wc_ecc_gen_k,2926,2971,25
wolfssl/wolfssl,CVE-2018-12436,664,68439d431759a379bdf77f4791e88f9e6bd125bb,False,False,wolfcrypt/src/pkcs12.c,freeCertList,644,663,17
wolfssl/wolfssl,CVE-2018-12436,664,68439d431759a379bdf77f4791e88f9e6bd125bb,False,False,src/internal.c,BuildSHA_CertVerify,11880,11919,29
wolfssl/wolfssl,CVE-2018-12436,664,68439d431759a379bdf77f4791e88f9e6bd125bb,False,False,src/internal.c,SendCertificateStatus,12793,13141,238
wolfssl/wolfssl,CVE-2018-12436,664,68439d431759a379bdf77f4791e88f9e6bd125bb,False,False,src/crl.c,FreeCRL_Entry,128,146,16
wolfssl/wolfssl,CVE-2018-12436,664,68439d431759a379bdf77f4791e88f9e6bd125bb,True,False,wolfcrypt/src/ecc.c,wc_ecc_encrypt,7071,7228,123
wolfssl/wolfssl,CVE-2018-12436,664,68439d431759a379bdf77f4791e88f9e6bd125bb,False,False,src/ssl.c,wolfSSL_DH_generate_key,18185,18275,72
wolfssl/wolfssl,CVE-2018-12436,664,68439d431759a379bdf77f4791e88f9e6bd125bb,True,False,wolfcrypt/src/ecc.c,wc_ecc_export_x963,4393,4473,48
wolfssl/wolfssl,CVE-2018-12436,664,68439d431759a379bdf77f4791e88f9e6bd125bb,False,False,wolfcrypt/src/asn.c,GetRevoked,11227,11280,38
wolfssl/wolfssl,CVE-2018-12436,664,68439d431759a379bdf77f4791e88f9e6bd125bb,False,False,src/tls.c,TLSX_KeyShare_GenEccKey,4707,4860,105
wolfssl/wolfssl,CVE-2018-12436,664,68439d431759a379bdf77f4791e88f9e6bd125bb,False,False,src/internal.c,BuildMD5_CertVerify,11836,11875,29
wolfssl/wolfssl,CVE-2018-12436,664,68439d431759a379bdf77f4791e88f9e6bd125bb,False,False,src/internal.c,BuildFinished,6448,6503,26
wolfssl/wolfssl,CVE-2018-12436,664,68439d431759a379bdf77f4791e88f9e6bd125bb,False,False,src/internal.c,DoCertificateStatus,8553,8758,136
wolfssl/wolfssl,CVE-2018-12436,664,68439d431759a379bdf77f4791e88f9e6bd125bb,True,False,wolfcrypt/src/ecc.c,wc_ecc_decrypt,7234,7399,128
wolfssl/wolfssl,CVE-2018-12436,664,68439d431759a379bdf77f4791e88f9e6bd125bb,False,False,src/internal.c,DoServerKeyExchange,16484,17420,695
wolfssl/wolfssl,CVE-2018-12436,664,68439d431759a379bdf77f4791e88f9e6bd125bb,False,False,src/tls.c,TLSX_KeyShare_Establish,5674,5747,51
wolfssl/wolfssl,CVE-2018-12436,664,68439d431759a379bdf77f4791e88f9e6bd125bb,False,False,src/ssl.c,wolfSSL_set_tmp_dh,15927,15965,28
wolfssl/wolfssl,CVE-2018-12436,664,68439d431759a379bdf77f4791e88f9e6bd125bb,False,False,src/internal.c,QSH_GenerateSerCliSecret,17670,17761,73
wolfssl/wolfssl,CVE-2018-12436,664,68439d431759a379bdf77f4791e88f9e6bd125bb,False,False,src/tls13.c,DeriveTls13Keys,958,1076,92
wolfssl/wolfssl,CVE-2018-12436,664,68439d431759a379bdf77f4791e88f9e6bd125bb,False,False,src/ssl.c,wolfSSL_PEM_read_bio_DHparams,23053,23171,99
wolfssl/wolfssl,CVE-2018-12436,664,68439d431759a379bdf77f4791e88f9e6bd125bb,False,False,wolfcrypt/src/pkcs12.c,GetSignData,326,454,90
wolfssl/wolfssl,CVE-2018-12436,664,68439d431759a379bdf77f4791e88f9e6bd125bb,True,False,wolfcrypt/src/ecc.c,wc_X963_KDF,7828,7925,63
wolfssl/wolfssl,CVE-2018-12436,664,68439d431759a379bdf77f4791e88f9e6bd125bb,False,False,src/ssl.c,wolfSSL_d2i_PKCS12_bio,15049,15095,40
wolfssl/wolfssl,CVE-2018-12436,664,68439d431759a379bdf77f4791e88f9e6bd125bb,False,False,wolfcrypt/src/pkcs12.c,GetSafeContent,176,322,115
wolfssl/wolfssl,CVE-2018-12436,664,68439d431759a379bdf77f4791e88f9e6bd125bb,False,False,src/internal.c,FreeSskeArgs,19798,19823,18
wolfssl/wolfssl,CVE-2018-12436,664,68439d431759a379bdf77f4791e88f9e6bd125bb,False,False,src/tls.c,TLSX_KeyShareEntry_Parse,5266,5299,25
wolfssl/wolfssl,CVE-2018-12436,664,68439d431759a379bdf77f4791e88f9e6bd125bb,False,False,src/tls.c,TLSX_KeyShare_Use,5477,5532,43
wolfssl/wolfssl,CVE-2018-12436,664,68439d431759a379bdf77f4791e88f9e6bd125bb,False,False,src/internal.c,SendServerKeyExchange,19825,21209,987
wolfssl/wolfssl,CVE-2018-12436,664,68439d431759a379bdf77f4791e88f9e6bd125bb,False,False,src/internal.c,FreeArrays,4263,4281,18
wolfssl/wolfssl,CVE-2018-12436,664,68439d431759a379bdf77f4791e88f9e6bd125bb,False,False,src/internal.c,SendClientHello,15634,15857,150
wolfssl/wolfssl,CVE-2018-12436,664,68439d431759a379bdf77f4791e88f9e6bd125bb,False,False,src/internal.c,QSH_FreeAll,206,283,61
wolfssl/wolfssl,CVE-2018-12436,664,68439d431759a379bdf77f4791e88f9e6bd125bb,False,False,wolfcrypt/src/pkcs12.c,,-1,-1,-1
wolfssl/wolfssl,CVE-2018-12436,664,68439d431759a379bdf77f4791e88f9e6bd125bb,False,False,wolfcrypt/src/pkcs12.c,wc_d2i_PKCS12,571,640,47
wolfssl/wolfssl,CVE-2018-12436,664,68439d431759a379bdf77f4791e88f9e6bd125bb,False,False,src/internal.c,,-1,-1,-1
wolfssl/wolfssl,CVE-2018-12436,664,68439d431759a379bdf77f4791e88f9e6bd125bb,True,False,wolfcrypt/src/ecc.c,wc_ecc_export_point_der,4316,4389,43
wolfssl/wolfssl,CVE-2018-12436,664,68439d431759a379bdf77f4791e88f9e6bd125bb,False,False,src/internal.c,FreeSckeArgs,17815,17829,13
wolfssl/wolfssl,CVE-2018-12436,664,68439d431759a379bdf77f4791e88f9e6bd125bb,False,False,src/internal.c,QSH_Init,17519,17548,22
wolfssl/wolfssl,CVE-2018-12436,664,68439d431759a379bdf77f4791e88f9e6bd125bb,False,False,src/internal.c,BuildMD5,6355,6398,33
wolfssl/wolfssl,CVE-2018-12436,664,68439d431759a379bdf77f4791e88f9e6bd125bb,False,False,src/ssl.c,wolfssl_encrypt_buffer_key,3979,4053,48
wolfssl/wolfssl,CVE-2018-12436,664,68439d431759a379bdf77f4791e88f9e6bd125bb,False,False,src/internal.c,BuildCertificateStatus,12690,12788,73
wolfssl/wolfssl,CVE-2018-12436,664,68439d431759a379bdf77f4791e88f9e6bd125bb,False,False,src/ssl.c,wolfSSL_SetTmpDH_buffer_wrapper,10236,10308,53
wolfssl/wolfssl,CVE-2018-12436,664,68439d431759a379bdf77f4791e88f9e6bd125bb,False,False,src/ssl.c,wolfSSL_EVP_BytesToKey,11230,11350,85
wolfssl/wolfssl,CVE-2018-12436,664,68439d431759a379bdf77f4791e88f9e6bd125bb,False,False,src/tls.c,wolfSSL_DeriveTlsKeys,501,508,8
wolfssl/wolfssl,CVE-2018-12436,664,68439d431759a379bdf77f4791e88f9e6bd125bb,False,False,src/tls.c,DeriveTlsKeys,511,543,22
wolfssl/wolfssl,CVE-2018-12436,664,68439d431759a379bdf77f4791e88f9e6bd125bb,False,False,src/ssl.c,wolfSSL_CTX_set_tmp_dh,23223,23261,28
wolfssl/wolfssl,CVE-2018-12436,664,68439d431759a379bdf77f4791e88f9e6bd125bb,False,False,wolfcrypt/src/pkcs12.c,wc_PKCS12_free,142,173,26
wolfssl/wolfssl,CVE-2018-12436,664,68439d431759a379bdf77f4791e88f9e6bd125bb,False,False,wolfcrypt/src/pkcs12.c,freeDecCertList,665,697,29
wolfssl/wolfssl,CVE-2018-12436,664,68439d431759a379bdf77f4791e88f9e6bd125bb,False,False,src/ssl.c,wolfssl_decrypt_buffer_key,3896,3974,50
wolfssl/wolfssl,CVE-2018-12436,664,68439d431759a379bdf77f4791e88f9e6bd125bb,False,False,src/ssl.c,wolfSSL_CTX_add_extra_chain_cert,16346,16426,67
wolfssl/wolfssl,CVE-2018-12436,664,68439d431759a379bdf77f4791e88f9e6bd125bb,False,False,src/tls.c,TLSX_KeyShare_ProcessEcc,5089,5228,89
wolfssl/wolfssl,CVE-2018-12436,664,68439d431759a379bdf77f4791e88f9e6bd125bb,False,False,src/ssl.c,wolfSSL_CTX_SetTmpDH,1241,1273,25
wolfssl/wolfssl,CVE-2018-12436,664,68439d431759a379bdf77f4791e88f9e6bd125bb,False,False,src/internal.c,InitSSL,3971,4259,190
wolfssl/wolfssl,CVE-2018-12436,664,68439d431759a379bdf77f4791e88f9e6bd125bb,False,False,src/internal.c,FreeScvArgs,18971,18987,13
wolfssl/wolfssl,CVE-2018-12436,664,68439d431759a379bdf77f4791e88f9e6bd125bb,False,False,wolfcrypt/src/pkcs12.c,wc_PKCS12_parse,713,1091,303
wolfssl/wolfssl,CVE-2018-12436,664,68439d431759a379bdf77f4791e88f9e6bd125bb,False,False,src/internal.c,SendClientKeyExchange,17831,18811,695
wolfssl/wolfssl,CVE-2018-12436,664,68439d431759a379bdf77f4791e88f9e6bd125bb,False,False,src/internal.c,BuildMessage,12002,12251,174
wolfssl/wolfssl,CVE-2018-12436,664,68439d431759a379bdf77f4791e88f9e6bd125bb,False,False,src/tls.c,_DeriveTlsKeys,485,498,12
wolfssl/wolfssl,CVE-2018-12436,664,68439d431759a379bdf77f4791e88f9e6bd125bb,False,False,src/ssl.c,SetDhInternal,18113,18166,39
wolfssl/wolfssl,CVE-2018-12436,664,68439d431759a379bdf77f4791e88f9e6bd125bb,False,False,src/tls.c,TLSX_KeyShare_GenDhKey,4583,4696,79
wolfssl/wolfssl,CVE-2018-12436,664,68439d431759a379bdf77f4791e88f9e6bd125bb,False,False,src/ssl.c,wolfSSL_DH_compute_key,18281,18337,43
wolfssl/wolfssl,CVE-2018-12436,664,68439d431759a379bdf77f4791e88f9e6bd125bb,False,False,wolfcrypt/src/pkcs12.c,wc_PKCS12_verify,459,560,73
wolfssl/wolfssl,CVE-2018-12436,664,68439d431759a379bdf77f4791e88f9e6bd125bb,False,False,src/tls.c,TLSX_KeyShare_FreeAll,4887,4899,11
wolfssl/wolfssl,CVE-2018-12436,664,68439d431759a379bdf77f4791e88f9e6bd125bb,False,False,wolfssl/wolfcrypt/types.h,,-1,-1,-1
wolfssl/wolfssl,CVE-2018-12436,664,68439d431759a379bdf77f4791e88f9e6bd125bb,False,False,src/internal.c,SSL_CtxResourceFree,1443,1535,53
wolfssl/wolfssl,CVE-2018-12436,664,68439d431759a379bdf77f4791e88f9e6bd125bb,False,False,src/internal.c,BuildSHA,6402,6444,33
wolfssl/wolfssl,CVE-2018-12436,664,68439d431759a379bdf77f4791e88f9e6bd125bb,False,False,src/internal.c,ProcessPeerCerts,7475,8545,788
wolfssl/wolfssl,CVE-2018-12436,664,68439d431759a379bdf77f4791e88f9e6bd125bb,False,False,src/ssl.c,wolfSSL_SetTmpDH,1180,1238,45
wolfssl/wolfssl,CVE-2018-12436,664,68439d431759a379bdf77f4791e88f9e6bd125bb,False,False,src/internal.c,SendCertificate,12353,12596,189
wolfssl/wolfssl,CVE-2018-12436,664,68439d431759a379bdf77f4791e88f9e6bd125bb,False,False,src/ssl.c,wolfSSL_CertManagerEnableCRL,5145,5182,26
wolfssl/wolfssl,CVE-2018-12436,664,68439d431759a379bdf77f4791e88f9e6bd125bb,False,False,src/internal.c,FreeDskeArgs,16469,16482,10
wolfssl/wolfssl,CVE-2018-12436,664,68439d431759a379bdf77f4791e88f9e6bd125bb,True,False,wolfcrypt/src/ecc.c,accel_fp_mul,6182,6327,101
wolfssl/wolfssl,CVE-2018-12436,664,68439d431759a379bdf77f4791e88f9e6bd125bb,True,False,wolfcrypt/src/ecc.c,accel_fp_mul2add,6331,6563,171
wolfssl/wolfssl,CVE-2018-12436,664,68439d431759a379bdf77f4791e88f9e6bd125bb,False,False,src/internal.c,SendCertificateVerify,18989,19393,268
wolfssl/wolfssl,CVE-2018-12436,664,68439d431759a379bdf77f4791e88f9e6bd125bb,True,False,wolfcrypt/src/ecc.c,ecc_mul2add,3638,3841,148
wolfssl/wolfssl,CVE-2018-12436,664,68439d431759a379bdf77f4791e88f9e6bd125bb,False,False,src/internal.c,SSL_ResourceFree,4497,4678,113
wolfssl/wolfssl,CVE-2018-12436,664,6cc1fd293e70023460fbb28bb97457e1ba488442,True,False,wolfcrypt/src/ecc.c,wc_ecc_verify_hash_ex,3607,3789,115
wolfssl/wolfssl,CVE-2018-12436,664,6cc1fd293e70023460fbb28bb97457e1ba488442,True,False,wolfcrypt/src/ecc.c,wc_ecc_shared_secret_gen,2558,2581,18
wolfssl/wolfssl,CVE-2018-12436,664,6cc1fd293e70023460fbb28bb97457e1ba488442,True,False,wolfcrypt/src/ecc.c,ecc_check_privkey_gen,4191,4240,39
wolfssl/wolfssl,CVE-2018-12436,664,6cc1fd293e70023460fbb28bb97457e1ba488442,False,False,wolfcrypt/test/test.c,wolfcrypt_test,296,731,244
wolfssl/wolfssl,CVE-2018-12436,664,6cc1fd293e70023460fbb28bb97457e1ba488442,True,False,wolfcrypt/src/ecc.c,wc_ecc_curve_load_item,1053,1074,16
wolfssl/wolfssl,CVE-2018-12436,664,6cc1fd293e70023460fbb28bb97457e1ba488442,True,True,wolfcrypt/src/ecc.c,wc_ecc_sign_hash_ex,3113,3218,67
wolfssl/wolfssl,CVE-2018-12436,664,6cc1fd293e70023460fbb28bb97457e1ba488442,False,False,wolfcrypt/benchmark/benchmark.c,,-1,-1,-1
wolfssl/wolfssl,CVE-2018-12436,664,6cc1fd293e70023460fbb28bb97457e1ba488442,True,False,wolfcrypt/src/ecc.c,ecc_check_privkey_gen_helper,4245,4273,14
wolfssl/wolfssl,CVE-2018-12436,664,6cc1fd293e70023460fbb28bb97457e1ba488442,True,False,wolfcrypt/src/ecc.c,_wc_ecc_curve_free,1020,1042,19
wolfssl/wolfssl,CVE-2018-12436,664,6cc1fd293e70023460fbb28bb97457e1ba488442,True,False,wolfcrypt/src/ecc.c,wc_ecc_curve_load,1076,1156,59
wolfssl/wolfssl,CVE-2018-12436,664,6cc1fd293e70023460fbb28bb97457e1ba488442,True,False,wolfcrypt/src/ecc.c,wc_ecc_curve_cache_free,1159,1171,11
wolfssl/wolfssl,CVE-2018-12436,664,6cc1fd293e70023460fbb28bb97457e1ba488442,True,False,wolfcrypt/src/ecc.c,wc_ecc_curve_free,1044,1051,5
wolfssl/wolfssl,CVE-2018-12436,664,6cc1fd293e70023460fbb28bb97457e1ba488442,True,False,wolfcrypt/src/ecc.c,wc_ecc_shared_secret_gen_sync,2523,2555,27
wolfssl/wolfssl,CVE-2018-12436,664,6cc1fd293e70023460fbb28bb97457e1ba488442,True,False,wolfcrypt/src/ecc.c,wc_ecc_check_key,4306,4347,20
wolfssl/wolfssl,CVE-2018-12436,664,6cc1fd293e70023460fbb28bb97457e1ba488442,False,False,wolfssl/wolfcrypt/ecc.h,,-1,-1,-1
wolfssl/wolfssl,CVE-2018-12436,664,6cc1fd293e70023460fbb28bb97457e1ba488442,True,False,wolfcrypt/src/ecc.c,,-1,-1,-1
wolfssl/wolfssl,CVE-2018-12436,664,6cc1fd293e70023460fbb28bb97457e1ba488442,True,False,wolfcrypt/src/ecc.c,wc_ecc_import_x963_ex,4351,4498,94
wolfssl/wolfssl,CVE-2018-12436,664,6cc1fd293e70023460fbb28bb97457e1ba488442,True,False,wolfcrypt/src/ecc.c,wc_ecc_make_key_ex,2711,2826,72
wolfssl/wolfssl,CVE-2018-12436,664,f1ead309872c7f919bc1386d51f054a9d2644479,True,False,wolfcrypt/src/ecc.c,wc_ecc_verify_hash_ex,3500,3682,116
wolfssl/wolfssl,CVE-2018-12436,664,f1ead309872c7f919bc1386d51f054a9d2644479,True,False,wolfcrypt/src/ecc.c,wc_ecc_make_key_ex,2604,2719,72
wolfssl/wolfssl,CVE-2018-12436,664,f1ead309872c7f919bc1386d51f054a9d2644479,False,False,wolfssl/wolfcrypt/ecc.h,,-1,-1,-1
wolfssl/wolfssl,CVE-2018-12436,664,f1ead309872c7f919bc1386d51f054a9d2644479,True,False,wolfcrypt/src/ecc.c,wc_ecc_shared_secret_gen,2451,2474,18
wolfssl/wolfssl,CVE-2018-12436,664,f1ead309872c7f919bc1386d51f054a9d2644479,True,False,wolfcrypt/src/ecc.c,wc_ecc_sign_hash,2882,2993,77
wolfssl/wolfssl,CVE-2018-12436,664,f1ead309872c7f919bc1386d51f054a9d2644479,True,False,wolfcrypt/src/ecc.c,wc_ecc_mulmod_ex,1824,2169,239
wolfssl/wolfssl,CVE-2018-12436,664,f1ead309872c7f919bc1386d51f054a9d2644479,True,True,wolfcrypt/src/ecc.c,wc_ecc_gen_k,2551,2601,27
wolfssl/wolfssl,CVE-2018-12436,664,f1ead309872c7f919bc1386d51f054a9d2644479,True,False,wolfcrypt/src/ecc.c,wc_ecc_shared_secret_gen_sync,2416,2448,27
wolfssl/wolfssl,CVE-2018-12436,664,f1ead309872c7f919bc1386d51f054a9d2644479,True,False,wolfcrypt/src/ecc.c,wc_ecc_check_key,4199,4240,20
wolfssl/wolfssl,CVE-2018-12436,664,f1ead309872c7f919bc1386d51f054a9d2644479,True,False,wolfcrypt/src/ecc.c,ecc_check_privkey_gen,4084,4133,39
wolfssl/wolfssl,CVE-2018-12436,664,f1ead309872c7f919bc1386d51f054a9d2644479,True,False,wolfcrypt/src/ecc.c,,-1,-1,-1
wolfssl/wolfssl,CVE-2018-12436,664,f1ead309872c7f919bc1386d51f054a9d2644479,True,True,wolfcrypt/src/ecc.c,wc_ecc_sign_hash_ex,3006,3111,67
wolfssl/wolfssl,CVE-2018-12436,664,f1ead309872c7f919bc1386d51f054a9d2644479,True,False,wolfcrypt/src/ecc.c,ecc_check_pubkey_order,4172,4193,18
wolfssl/wolfssl,CVE-2018-12436,664,f1ead309872c7f919bc1386d51f054a9d2644479,True,False,wolfcrypt/src/ecc.c,wc_ecc_free,3119,3144,16
wolfssl/wolfssl,CVE-2018-12436,664,f1ead309872c7f919bc1386d51f054a9d2644479,True,False,wolfcrypt/src/ecc.c,wc_ecc_verify_hash,3396,3486,62
wolfssl/wolfssl,CVE-2018-12436,664,f1ead309872c7f919bc1386d51f054a9d2644479,True,False,wolfcrypt/src/ecc.c,wc_ecc_shared_secret_ex,2485,2533,35
wolfssl/wolfssl,CVE-2018-12436,664,f1ead309872c7f919bc1386d51f054a9d2644479,True,False,wolfcrypt/src/ecc.c,wc_ecc_init_ex,2810,2862,31
wolfssl/wolfssl,CVE-2018-12436,664,f1ead309872c7f919bc1386d51f054a9d2644479,True,False,wolfcrypt/src/ecc.c,wc_ecc_export_x963,3891,3971,48
wolfssl/wolfssl,CVE-2018-12436,664,f1ead309872c7f919bc1386d51f054a9d2644479,True,False,wolfcrypt/src/ecc.c,wc_ecc_free_rs,2791,2807,13
wolfssl/wolfssl,CVE-2018-12436,664,f1ead309872c7f919bc1386d51f054a9d2644479,True,False,wolfcrypt/src/ecc.c,ecc_check_privkey_gen_helper,4138,4166,14
wolfssl/wolfssl,CVE-2018-12436,664,f1ead309872c7f919bc1386d51f054a9d2644479,True,False,wolfcrypt/src/ecc.c,wc_ecc_curve_free,970,993,19
wolfssl/wolfssl,CVE-2018-12436,664,f1ead309872c7f919bc1386d51f054a9d2644479,True,False,wolfcrypt/src/ecc.c,wc_ecc_curve_load_item,995,1008,12
wolfssl/wolfssl,CVE-2018-12436,664,f1ead309872c7f919bc1386d51f054a9d2644479,True,False,wolfcrypt/src/ecc.c,wc_ecc_shared_secret,2355,2411,37
wolfssl/wolfssl,CVE-2018-12436,664,f1ead309872c7f919bc1386d51f054a9d2644479,True,False,wolfcrypt/src/ecc.c,wc_ecc_curve_load,1010,1066,40
wolfssl/wolfssl,CVE-2018-12436,664,7a1acc7e569df0c1954f6e958218aaf1a876c3ac,True,True,wolfcrypt/src/ecc.c,wc_ecc_sign_hash_ex,2477,2573,68
wolfssl/wolfssl,CVE-2018-12436,664,7a1acc7e569df0c1954f6e958218aaf1a876c3ac,False,False,src/internal.c,SendServerKeyExchange,15895,17065,807
wolfssl/wolfssl,CVE-2018-12436,664,7a1acc7e569df0c1954f6e958218aaf1a876c3ac,False,False,src/internal.c,CheckCurveId,13200,13264,21
wolfssl/wolfssl,CVE-2018-12436,664,7a1acc7e569df0c1954f6e958218aaf1a876c3ac,False,False,wolfcrypt/test/test.c,ecc_test_curve_size,6704,6873,110
wolfssl/wolfssl,CVE-2018-12436,664,7a1acc7e569df0c1954f6e958218aaf1a876c3ac,False,False,src/tls.c,,-1,-1,-1
wolfssl/wolfssl,CVE-2018-12436,664,7a1acc7e569df0c1954f6e958218aaf1a876c3ac,False,False,wolfssl/wolfcrypt/ecc.h,,-1,-1,-1
wolfssl/wolfssl,CVE-2018-12436,664,7a1acc7e569df0c1954f6e958218aaf1a876c3ac,False,False,wolfcrypt/src/asn.c,EncodeObjectId,1047,1119,56
wolfssl/wolfssl,CVE-2018-12436,664,7a1acc7e569df0c1954f6e958218aaf1a876c3ac,True,False,wolfcrypt/src/ecc.c,wc_ecc_set_curve,748,781,27
wolfssl/wolfssl,CVE-2018-12436,664,7a1acc7e569df0c1954f6e958218aaf1a876c3ac,True,False,wolfcrypt/src/ecc.c,wc_ecc_init,2370,2410,24
wolfssl/wolfssl,CVE-2018-12436,664,7a1acc7e569df0c1954f6e958218aaf1a876c3ac,True,False,wolfcrypt/src/ecc.c,wc_ecc_import_raw,3877,3903,22
wolfssl/wolfssl,CVE-2018-12436,664,7a1acc7e569df0c1954f6e958218aaf1a876c3ac,True,False,wolfcrypt/src/ecc.c,wc_ecc_set_custom_curve,6311,6321,9
wolfssl/wolfssl,CVE-2018-12436,664,7a1acc7e569df0c1954f6e958218aaf1a876c3ac,False,False,wolfcrypt/test/test.c,ecc_test_curve,6877,6904,20
wolfssl/wolfssl,CVE-2018-12436,664,7a1acc7e569df0c1954f6e958218aaf1a876c3ac,False,False,wolfcrypt/src/asn.c,OidFromId,768,1044,243
wolfssl/wolfssl,CVE-2018-12436,664,7a1acc7e569df0c1954f6e958218aaf1a876c3ac,True,False,wolfcrypt/src/ecc.c,wc_ecc_import_x963,3688,3691,4
wolfssl/wolfssl,CVE-2018-12436,664,7a1acc7e569df0c1954f6e958218aaf1a876c3ac,False,False,wolfssl/wolfcrypt/asn.h,,-1,-1,-1
wolfssl/wolfssl,CVE-2018-12436,664,7a1acc7e569df0c1954f6e958218aaf1a876c3ac,True,False,wolfcrypt/src/ecc.c,wc_ecc_import_raw_ex,3861,3866,5
wolfssl/wolfssl,CVE-2018-12436,664,7a1acc7e569df0c1954f6e958218aaf1a876c3ac,True,False,wolfcrypt/src/ecc.c,wc_ecc_import_x963_ex,3551,3686,91
wolfssl/wolfssl,CVE-2018-12436,664,7a1acc7e569df0c1954f6e958218aaf1a876c3ac,False,False,wolfssl/ssl.h,,-1,-1,-1
wolfssl/wolfssl,CVE-2018-12436,664,7a1acc7e569df0c1954f6e958218aaf1a876c3ac,False,False,src/internal.c,SendClientKeyExchange,14559,15228,453
wolfssl/wolfssl,CVE-2018-12436,664,7a1acc7e569df0c1954f6e958218aaf1a876c3ac,False,False,src/internal.c,DoCertificate,6109,6791,498
wolfssl/wolfssl,CVE-2018-12436,664,7a1acc7e569df0c1954f6e958218aaf1a876c3ac,True,False,wolfcrypt/src/ecc.c,wc_ecc_import_raw_private,3789,3850,42
wolfssl/wolfssl,CVE-2018-12436,664,7a1acc7e569df0c1954f6e958218aaf1a876c3ac,False,False,wolfssl/openssl/ec.h,,-1,-1,-1
wolfssl/wolfssl,CVE-2018-12436,664,7a1acc7e569df0c1954f6e958218aaf1a876c3ac,True,False,wolfcrypt/src/ecc.c,,-1,-1,-1
wolfssl/wolfssl,CVE-2018-12436,664,7a1acc7e569df0c1954f6e958218aaf1a876c3ac,False,False,src/ssl.c,wolfSSL_CTX_UseSupportedCurve,1311,1338,25
wolfssl/wolfssl,CVE-2018-12436,664,7a1acc7e569df0c1954f6e958218aaf1a876c3ac,True,False,wolfcrypt/src/ecc.c,wc_ecc_make_key_ex,2171,2297,82
wolfssl/wolfssl,CVE-2018-12436,664,7a1acc7e569df0c1954f6e958218aaf1a876c3ac,False,False,src/internal.c,,-1,-1,-1
wolfssl/wolfssl,CVE-2018-12436,664,7a1acc7e569df0c1954f6e958218aaf1a876c3ac,False,False,src/ssl.c,wolfSSL_EC_KEY_new_by_curve_name,15955,15979,18
wolfssl/wolfssl,CVE-2018-12436,664,7a1acc7e569df0c1954f6e958218aaf1a876c3ac,False,False,wolfcrypt/src/asn.c,,-1,-1,-1
wolfssl/wolfssl,CVE-2018-12436,664,7a1acc7e569df0c1954f6e958218aaf1a876c3ac,False,False,src/ssl.c,wolfSSL_UseSupportedCurve,1281,1308,25
wolfssl/wolfssl,CVE-2018-12436,664,7a1acc7e569df0c1954f6e958218aaf1a876c3ac,False,False,wolfcrypt/src/asn.c,CheckCurve,2335,2347,11
wolfssl/wolfssl,CVE-2018-12436,664,7a1acc7e569df0c1954f6e958218aaf1a876c3ac,False,False,wolfcrypt/src/asn.c,SetCurve,3360,3397,25
wolfssl/wolfssl,CVE-2018-12436,664,7a1acc7e569df0c1954f6e958218aaf1a876c3ac,False,False,wolfcrypt/src/asn.c,DecodeCertExtensions,4721,4903,127
wolfssl/wolfssl,CVE-2018-12436,664,7a1acc7e569df0c1954f6e958218aaf1a876c3ac,False,False,wolfcrypt/test/test.c,ecc_test,6906,7005,65
wolfssl/wolfssl,CVE-2018-12436,664,7a1acc7e569df0c1954f6e958218aaf1a876c3ac,False,False,src/internal.c,SetCurveId,15809,15890,39
wolfssl/wolfssl,CVE-2018-12436,664,7a1acc7e569df0c1954f6e958218aaf1a876c3ac,True,False,wolfcrypt/src/ecc.c,wc_ecc_shared_secret,2015,2084,51
wolfssl/wolfssl,CVE-2018-12436,664,7a1acc7e569df0c1954f6e958218aaf1a876c3ac,True,False,wolfcrypt/src/ecc.c,wc_ecc_get_oid,6268,6308,33
wolfssl/wolfssl,CVE-2018-12436,664,7a1acc7e569df0c1954f6e958218aaf1a876c3ac,False,False,src/ssl.c,wolfSSL_EC_GROUP_get_degree,16332,16376,43
wolfssl/wolfssl,CVE-2018-12436,664,7a1acc7e569df0c1954f6e958218aaf1a876c3ac,False,False,src/internal.c,DoServerKeyExchange,13268,14187,629
wolfssl/wolfssl,CVE-2018-12436,664,7a1acc7e569df0c1954f6e958218aaf1a876c3ac,True,False,wolfcrypt/src/ecc.c,wc_ecc_dump_oids,2302,2353,37
wolfssl/wolfssl,CVE-2018-12436,664,7a1acc7e569df0c1954f6e958218aaf1a876c3ac,True,False,wolfcrypt/src/ecc.c,wc_ecc_make_key,2364,2367,4
wolfssl/wolfssl,CVE-2018-12436,664,7a1acc7e569df0c1954f6e958218aaf1a876c3ac,False,False,src/ssl.c,wolfSSL_EC_GROUP_new_by_curve_name,16285,16312,20
wolfssl/wolfssl,CVE-2018-12436,664,7a1acc7e569df0c1954f6e958218aaf1a876c3ac,False,False,src/ssl.c,wolfSSL_EC_KEY_generate_key,16085,16150,46
wolfssl/wolfssl,CVE-2018-12436,664,7a1acc7e569df0c1954f6e958218aaf1a876c3ac,True,False,wolfcrypt/src/ecc.c,wc_ecc_export_x963_compressed,6236,6263,21
wolfssl/wolfssl,CVE-2018-12436,664,7a1acc7e569df0c1954f6e958218aaf1a876c3ac,False,False,src/ssl.c,SetECKeyExternal,15788,15831,31
wolfssl/wolfssl,CVE-2018-12436,664,7a1acc7e569df0c1954f6e958218aaf1a876c3ac,False,False,wolfcrypt/src/asn.c,GetObjectId,1122,1179,40
wolfssl/wolfssl,CVE-2018-12436,664,7a1acc7e569df0c1954f6e958218aaf1a876c3ac,False,False,wolfcrypt/test/test.c,ecc_test_vector,6437,6624,128
wolfssl/wolfssl,CVE-2019-19962,693,6372c3d6e110a1fbdb277c0d045e367785575bff,False,False,wolfcrypt/test/test.c,rsa_nb_test,9264,9340,55
wolfssl/wolfssl,CVE-2019-19962,693,6372c3d6e110a1fbdb277c0d045e367785575bff,True,True,wolfcrypt/src/signature.c,wc_SignatureGenerate,388,463,47
wolfssl/wolfssl,CVE-2019-19962,693,6372c3d6e110a1fbdb277c0d045e367785575bff,False,False,wolfcrypt/test/test.c,rsa_test,10636,11531,610
wolfssl/wolfssl,CVE-2019-19962,693,6372c3d6e110a1fbdb277c0d045e367785575bff,False,False,wolfssl/wolfcrypt/asn.h,,-1,-1,-1
wolfssl/wolfssl,CVE-2019-19962,693,6372c3d6e110a1fbdb277c0d045e367785575bff,True,False,wolfcrypt/src/signature.c,wc_SignatureDerEncode,52,70,16
wolfssl/wolfssl,CVE-2019-19962,693,6372c3d6e110a1fbdb277c0d045e367785575bff,False,False,wolfcrypt/src/rsa.c,wc_RsaDirect,1812,1893,64
wolfssl/wolfssl,CVE-2019-19962,693,6372c3d6e110a1fbdb277c0d045e367785575bff,False,False,wolfcrypt/src/rsa.c,,-1,-1,-1
wolfssl/wolfssl,CVE-2019-19962,693,6372c3d6e110a1fbdb277c0d045e367785575bff,False,False,wolfcrypt/test/test.c,,-1,-1,-1
wolfssl/wolfssl,CVE-2019-19962,693,6372c3d6e110a1fbdb277c0d045e367785575bff,False,False,wolfcrypt/src/rsa.c,RsaPublicEncryptEx,2020,2121,75
wolfssl/wolfssl,CVE-2019-19962,693,6372c3d6e110a1fbdb277c0d045e367785575bff,True,False,wolfcrypt/src/signature.c,wc_SignatureVerify,228,303,47
wolfssl/wolfssl,CVE-2019-19962,693,6372c3d6e110a1fbdb277c0d045e367785575bff,False,False,wolfcrypt/src/rsa.c,RsaPrivateDecryptEx,2141,2274,103
wolfssl/wolfssl,CVE-2019-19962,693,6372c3d6e110a1fbdb277c0d045e367785575bff,False,False,wolfcrypt/src/rsa.c,wc_RsaFunctionNonBlock,1383,1457,62
wolfssl/wolfssl,CVE-2019-19962,693,6372c3d6e110a1fbdb277c0d045e367785575bff,False,False,wolfssl/wolfcrypt/rsa.h,,-1,-1,-1
wolfssl/wolfssl,CVE-2019-19962,693,6372c3d6e110a1fbdb277c0d045e367785575bff,False,False,wolfcrypt/src/tfm.c,,-1,-1,-1
wolfssl/wolfssl,CVE-2019-19962,693,6372c3d6e110a1fbdb277c0d045e367785575bff,False,False,wolfssl/wolfcrypt/tfm.h,,-1,-1,-1
wolfssl/wolfssl,CVE-2019-19962,693,6372c3d6e110a1fbdb277c0d045e367785575bff,False,False,wolfcrypt/src/rsa.c,wc_RsaSetNonBlock,3255,3268,10
wolfssl/wolfssl,CVE-2019-19962,693,6372c3d6e110a1fbdb277c0d045e367785575bff,False,False,wolfcrypt/src/tfm.c,fp_exptmod_nb,1201,1345,98
wolfssl/wolfssl,CVE-2019-19962,693,6372c3d6e110a1fbdb277c0d045e367785575bff,False,False,wolfcrypt/src/rsa.c,wc_RsaFunction,1897,1998,67
wolfssl/wolfssl,CVE-2019-19962,693,fc02003f7654bb9e7880d8946f217fae054b3d0b,True,False,wolfcrypt/src/signature.c,wc_SignatureDerEncode,52,82,27
wolfssl/wolfssl,CVE-2019-19962,693,fc02003f7654bb9e7880d8946f217fae054b3d0b,True,False,wolfcrypt/src/signature.c,wc_SignatureVerifyHash,132,238,81
wolfssl/wolfssl,CVE-2019-19962,693,fc02003f7654bb9e7880d8946f217fae054b3d0b,True,False,wolfcrypt/src/signature.c,wc_SignatureVerify,240,301,44
wolfssl/wolfssl,CVE-2019-19962,693,fc02003f7654bb9e7880d8946f217fae054b3d0b,True,True,wolfcrypt/src/signature.c,wc_SignatureGenerate,386,447,44
wolfssl/wolfssl,CVE-2019-19962,693,fc02003f7654bb9e7880d8946f217fae054b3d0b,False,False,wolfcrypt/test/test.c,rsa_sig_test,8204,8377,140
wolfssl/wolfssl,CVE-2019-19962,693,fc02003f7654bb9e7880d8946f217fae054b3d0b,False,False,wolfcrypt/test/test.c,ecc_sig_test,14626,14670,38
wolfssl/wolfssl,CVE-2019-19962,693,fc02003f7654bb9e7880d8946f217fae054b3d0b,True,True,wolfcrypt/src/signature.c,wc_SignatureGenerateHash,304,384,56
wolfssl/wolfssl,CVE-2019-19962,693,fc02003f7654bb9e7880d8946f217fae054b3d0b,True,False,wolfssl/wolfcrypt/signature.h,,-1,-1,-1
wolfssl/wolfssl,CVE-2019-19962,693,b870bad63ea390f024c3cb0eecb60c3c30b5c345,False,False,wolfcrypt/src/error.c,wc_GetErrorString,35,374,223
wolfssl/wolfssl,CVE-2019-19962,693,b870bad63ea390f024c3cb0eecb60c3c30b5c345,True,False,wolfcrypt/src/signature.c,,-1,-1,-1
wolfssl/wolfssl,CVE-2019-19962,693,b870bad63ea390f024c3cb0eecb60c3c30b5c345,True,False,wolfcrypt/src/signature.c,wc_SignatureGetSize,40,74,29
wolfssl/wolfssl,CVE-2019-19962,693,b870bad63ea390f024c3cb0eecb60c3c30b5c345,False,False,wolfcrypt/src/ecc.c,wc_ecc_sig_size,3251,3258,7
wolfssl/wolfssl,CVE-2019-19962,693,b870bad63ea390f024c3cb0eecb60c3c30b5c345,False,False,wolfcrypt/src/hash.c,wc_HashGetDigestSize,44,90,32
wolfssl/wolfssl,CVE-2019-19962,693,b870bad63ea390f024c3cb0eecb60c3c30b5c345,False,False,wolfssl/wolfcrypt/ecc.h,,-1,-1,-1
wolfssl/wolfssl,CVE-2019-19962,693,b870bad63ea390f024c3cb0eecb60c3c30b5c345,True,True,wolfcrypt/src/signature.c,wc_SignatureGenerate,164,235,50
wolfssl/wolfssl,CVE-2019-19962,693,b870bad63ea390f024c3cb0eecb60c3c30b5c345,True,False,wolfssl/wolfcrypt/signature.h,,-1,-1,-1
wolfssl/wolfssl,CVE-2019-19962,693,b870bad63ea390f024c3cb0eecb60c3c30b5c345,False,False,wolfcrypt/src/hash.c,wc_Hash,93,149,39
wolfssl/wolfssl,CVE-2019-19962,693,b870bad63ea390f024c3cb0eecb60c3c30b5c345,True,False,wolfcrypt/src/signature.c,wc_SignatureVerify,76,162,63
wolfssl/wolfssl,CVE-2019-19962,693,b870bad63ea390f024c3cb0eecb60c3c30b5c345,False,False,wolfssl/wolfcrypt/error-crypt.h,,-1,-1,-1
wolfssl/wolfssl,CVE-2019-19962,693,b870bad63ea390f024c3cb0eecb60c3c30b5c345,False,False,wolfssl/wolfcrypt/hash.h,,-1,-1,-1
wolfssl/wolfssl,CVE-2019-19962,693,f692c8cefb850557bb635a891c57d1d878234396,False,False,wolfcrypt/src/hash.c,wc_ShaRestorePos,177,179,3
wolfssl/wolfssl,CVE-2019-19962,693,f692c8cefb850557bb635a891c57d1d878234396,True,False,wolfcrypt/src/signature.c,,-1,-1,-1
wolfssl/wolfssl,CVE-2019-19962,693,f692c8cefb850557bb635a891c57d1d878234396,False,False,wolfcrypt/src/hash.c,wc_Hash,93,148,38
wolfssl/wolfssl,CVE-2019-19962,693,f692c8cefb850557bb635a891c57d1d878234396,True,True,wolfcrypt/src/signature.c,wc_SignatureGenerate,139,204,48
wolfssl/wolfssl,CVE-2019-19962,693,f692c8cefb850557bb635a891c57d1d878234396,False,False,wolfcrypt/src/hash.c,wc_HashGetDigestSize,44,90,32
wolfssl/wolfssl,CVE-2019-19962,693,f692c8cefb850557bb635a891c57d1d878234396,False,False,wolfcrypt/src/hash.c,,-1,-1,-1
wolfssl/wolfssl,CVE-2019-19962,693,f692c8cefb850557bb635a891c57d1d878234396,True,False,wolfcrypt/src/signature.c,wc_SignatureVerify,70,137,49
wolfssl/wolfssl,CVE-2019-19962,693,f692c8cefb850557bb635a891c57d1d878234396,True,False,wolfssl/wolfcrypt/signature.h,,-1,-1,-1
wolfssl/wolfssl,CVE-2019-19962,693,f692c8cefb850557bb635a891c57d1d878234396,True,False,wolfcrypt/src/signature.c,wc_SignatureGetSize,38,68,25
wolfssl/wolfssl,CVE-2019-19962,693,f692c8cefb850557bb635a891c57d1d878234396,False,False,wolfcrypt/src/hash.c,wc_Sha256RestorePos,224,226,3
wolfssl/wolfssl,CVE-2019-19962,693,f692c8cefb850557bb635a891c57d1d878234396,False,False,wolfssl/wolfcrypt/hash.h,,-1,-1,-1
wolfssl/wolfssl,CVE-2020-11735,693,e6c22fbd85e4cb78cdd290d10f5359bc5a08874b,True,False,wolfcrypt/src/ecc.c,wc_ecc_sig_to_rs,6741,6802,44
wolfssl/wolfssl,CVE-2020-11735,693,e6c22fbd85e4cb78cdd290d10f5359bc5a08874b,True,False,wolfssl/wolfcrypt/ecc.h,,-1,-1,-1
wolfssl/wolfssl,CVE-2020-11735,693,e6c22fbd85e4cb78cdd290d10f5359bc5a08874b,True,False,wolfcrypt/src/ecc.c,wc_ecc_rs_raw_to_sig,6673,6729,39
wolfssl/wolfssl,CVE-2020-11735,693,e6c22fbd85e4cb78cdd290d10f5359bc5a08874b,True,False,wolfcrypt/src/ecc.c,ecc_check_privkey_gen_helper,6027,6057,16
wolfssl/wolfssl,CVE-2020-11735,693,e6c22fbd85e4cb78cdd290d10f5359bc5a08874b,True,False,wolfcrypt/src/ecc.c,wc_ecc_sign_hash,4208,4318,68
wolfssl/wolfssl,CVE-2020-11735,693,e6c22fbd85e4cb78cdd290d10f5359bc5a08874b,True,False,wolfcrypt/src/ecc.c,wc_ecc_check_key,6107,6229,60
wolfssl/wolfssl,CVE-2020-11735,693,e6c22fbd85e4cb78cdd290d10f5359bc5a08874b,True,False,wolfcrypt/src/ecc.c,ecc_check_privkey_gen,5957,6021,47
wolfssl/wolfssl,CVE-2020-11735,693,e6c22fbd85e4cb78cdd290d10f5359bc5a08874b,True,False,wolfcrypt/src/ecc.c,wc_ecc_cmp_param,3185,3235,36
wolfssl/wolfssl,CVE-2020-11735,693,e6c22fbd85e4cb78cdd290d10f5359bc5a08874b,True,True,wolfcrypt/src/ecc.c,ecc_map,2268,2453,122
wolfssl/wolfssl,CVE-2020-11735,693,e6c22fbd85e4cb78cdd290d10f5359bc5a08874b,True,False,wolfcrypt/src/ecc.c,,-1,-1,-1
wolfssl/wolfssl,CVE-2020-11735,693,e6c22fbd85e4cb78cdd290d10f5359bc5a08874b,True,False,wolfcrypt/src/ecc.c,wc_ecc_rs_to_sig,6606,6661,38
wolfssl/wolfssl,CVE-2020-11735,693,e6c22fbd85e4cb78cdd290d10f5359bc5a08874b,True,True,wolfcrypt/src/ecc.c,wc_ecc_make_pub_ex,3735,3860,76
wolfssl/wolfssl,CVE-2020-11735,693,e6c22fbd85e4cb78cdd290d10f5359bc5a08874b,True,False,wolfcrypt/src/ecc.c,wc_ecc_verify_hash_ex,5167,5512,227
wolfssl/wolfssl,CVE-2020-11735,693,e6c22fbd85e4cb78cdd290d10f5359bc5a08874b,True,False,wolfcrypt/src/ecc.c,wc_ecc_mulmod_ex,2476,2916,292
wolfssl/wolfssl,CVE-2020-11735,693,e6c22fbd85e4cb78cdd290d10f5359bc5a08874b,True,False,wolfcrypt/src/ecc.c,wc_ecc_is_point,5843,5953,75
wolfssl/wolfssl,CVE-2020-11735,693,e6c22fbd85e4cb78cdd290d10f5359bc5a08874b,True,False,wolfcrypt/src/ecc.c,ecc_mul2add,4738,5019,193
wolfssl/wolfssl,CVE-2020-11735,693,e6c22fbd85e4cb78cdd290d10f5359bc5a08874b,True,False,wolfcrypt/src/ecc.c,wc_ecc_make_key_ex,3880,3987,59
wolfssl/wolfssl,CVE-2020-11735,693,e6c22fbd85e4cb78cdd290d10f5359bc5a08874b,True,False,wolfcrypt/src/ecc.c,wc_ecc_shared_secret_gen,3545,3582,29
wolfssl/wolfssl,CVE-2020-11735,693,e6c22fbd85e4cb78cdd290d10f5359bc5a08874b,True,False,wolfcrypt/src/ecc.c,wc_ecc_verify_hash,5047,5153,65
wolfssl/wolfssl,CVE-2020-11735,693,e6c22fbd85e4cb78cdd290d10f5359bc5a08874b,True,False,wolfcrypt/src/ecc.c,wc_ecc_import_x963_ex,6233,6388,102
wolfssl/wolfssl,CVE-2020-11735,693,e6c22fbd85e4cb78cdd290d10f5359bc5a08874b,True,False,wolfcrypt/src/ecc.c,wc_ecc_sign_hash_ex,4331,4656,193
wolfssl/wolfssl,CVE-2020-11735,693,e6c22fbd85e4cb78cdd290d10f5359bc5a08874b,True,False,wolfcrypt/src/ecc.c,ecc_projective_dbl_point,1919,2258,236
wolfssl/wolfssl,CVE-2020-11735,693,e6c22fbd85e4cb78cdd290d10f5359bc5a08874b,True,False,wolfcrypt/src/ecc.c,wc_ecc_import_point_der,5517,5664,95
wolfssl/wolfssl,CVE-2020-11735,693,e6c22fbd85e4cb78cdd290d10f5359bc5a08874b,True,False,wolfcrypt/src/ecc.c,ecc_projective_add_point,1524,1890,258
wolfssl/wolfssl,CVE-2020-11735,693,a3a4f2d59cb9f36d56abdb88732382af98a5cd62,True,False,wolfcrypt/src/ecc.c,wc_ecc_check_key( ecc_key * key),5061,5153,48
wolfssl/wolfssl,CVE-2020-11735,693,a3a4f2d59cb9f36d56abdb88732382af98a5cd62,False,False,wolfcrypt/src/dh.c,GeneratePublicDh,611,654,25
wolfssl/wolfssl,CVE-2020-11735,693,a3a4f2d59cb9f36d56abdb88732382af98a5cd62,True,False,wolfcrypt/src/ecc.c,"wc_ecc_mulmod_ex( mp_int * k , ecc_point * G , ecc_point * R , mp_int * a , mp_int * modulus , int map , void * heap)",7095,7182,57
wolfssl/wolfssl,CVE-2020-11735,693,a3a4f2d59cb9f36d56abdb88732382af98a5cd62,False,False,wolfcrypt/src/sp_int.c,sp_set,339,344,6
wolfssl/wolfssl,CVE-2020-11735,693,a3a4f2d59cb9f36d56abdb88732382af98a5cd62,False,False,src/ssl.c,wolfSSL_RAND_write_file,21482,21539,42
wolfssl/wolfssl,CVE-2020-11735,693,a3a4f2d59cb9f36d56abdb88732382af98a5cd62,True,False,wolfcrypt/src/ecc.c,"wc_ecc_verify_hash_ex( mp_int * r , mp_int * s , const byte * hash , word32 hashlen , int * res , ecc_key * key)",4246,4514,173
wolfssl/wolfssl,CVE-2020-11735,693,a3a4f2d59cb9f36d56abdb88732382af98a5cd62,False,False,wolfcrypt/src/sp_int.c,sp_copy,324,331,8
wolfssl/wolfssl,CVE-2020-11735,693,a3a4f2d59cb9f36d56abdb88732382af98a5cd62,True,False,wolfcrypt/src/ecc.c,"wc_ecc_shared_secret_gen_sync( ecc_key * private_key , ecc_point * point , byte * out , word32 * outlen , ecc_curve_spec * curve)",2788,2868,55
wolfssl/wolfssl,CVE-2020-11735,693,a3a4f2d59cb9f36d56abdb88732382af98a5cd62,True,False,wolfcrypt/src/ecc.c,"wc_ecc_mulmod_ex( mp_int * k , ecc_point * G , ecc_point * R , mp_int * a , mp_int * modulus , int map , void * heap)",2030,2379,244
wolfssl/wolfssl,CVE-2020-11735,693,a3a4f2d59cb9f36d56abdb88732382af98a5cd62,True,False,wolfcrypt/src/ecc.c,"wc_ecc_make_key_ex( WC_RNG * rng , int keysize , ecc_key * key , int curve_id)",3230,3327,54
wolfssl/wolfssl,CVE-2020-11735,693,a3a4f2d59cb9f36d56abdb88732382af98a5cd62,False,False,wolfcrypt/test/test.c,dh_generate_test,9637,9704,50
wolfssl/wolfssl,CVE-2020-11735,693,a3a4f2d59cb9f36d56abdb88732382af98a5cd62,True,False,wolfcrypt/src/ecc.c,"wc_ecc_make_pub_ex( ecc_key * key , ecc_curve_spec * curveIn , ecc_point * pubOut)",3093,3210,73
wolfssl/wolfssl,CVE-2020-11735,693,a3a4f2d59cb9f36d56abdb88732382af98a5cd62,False,False,wolfcrypt/src/sp_int.c,sp_unsigned_bin_size,114,118,5
wolfssl/wolfssl,CVE-2020-11735,693,a3a4f2d59cb9f36d56abdb88732382af98a5cd62,False,False,wolfcrypt/src/sp_int.c,sp_zero,391,395,5
wolfssl/wolfssl,CVE-2020-11735,693,a3a4f2d59cb9f36d56abdb88732382af98a5cd62,False,False,examples/client/client.c,client_test,767,2513,1158
wolfssl/wolfssl,CVE-2020-11735,693,a3a4f2d59cb9f36d56abdb88732382af98a5cd62,False,False,wolfcrypt/src/rsa.c,wc_RsaFunctionSync,1198,1400,123
wolfssl/wolfssl,CVE-2020-11735,693,a3a4f2d59cb9f36d56abdb88732382af98a5cd62,False,False,wolfcrypt/src/sp_int.c,sp_clamp,360,367,7
wolfssl/wolfssl,CVE-2020-11735,693,a3a4f2d59cb9f36d56abdb88732382af98a5cd62,False,False,wolfcrypt/src/integer.c,,-1,-1,-1
wolfssl/wolfssl,CVE-2020-11735,693,a3a4f2d59cb9f36d56abdb88732382af98a5cd62,False,False,wolfcrypt/src/sp_int.c,sp_leading_bit,270,283,12
wolfssl/wolfssl,CVE-2020-11735,693,a3a4f2d59cb9f36d56abdb88732382af98a5cd62,False,False,wolfcrypt/src/sp_int.c,sp_grow,377,384,8
wolfssl/wolfssl,CVE-2020-11735,693,a3a4f2d59cb9f36d56abdb88732382af98a5cd62,True,False,wolfcrypt/src/ecc.c,wc_ecc_fp_free( void),7207,7228,13
wolfssl/wolfssl,CVE-2020-11735,693,a3a4f2d59cb9f36d56abdb88732382af98a5cd62,False,False,wolfcrypt/src/sp_int.c,sp_add,447,471,23
wolfssl/wolfssl,CVE-2020-11735,693,a3a4f2d59cb9f36d56abdb88732382af98a5cd62,False,False,wolfcrypt/src/sp_int.c,sp_read_unsigned_bin,127,157,27
wolfssl/wolfssl,CVE-2020-11735,693,a3a4f2d59cb9f36d56abdb88732382af98a5cd62,False,False,wolfcrypt/src/sp_int.c,sp_lshd,434,443,8
wolfssl/wolfssl,CVE-2020-11735,693,a3a4f2d59cb9f36d56abdb88732382af98a5cd62,True,False,wolfcrypt/src/ecc.c,"ecc_map( ecc_point * P , mp_int * modulus , mp_digit mp)",1898,2007,73
wolfssl/wolfssl,CVE-2020-11735,693,a3a4f2d59cb9f36d56abdb88732382af98a5cd62,True,False,wolfcrypt/src/ecc.c,,-1,-1,-1
wolfssl/wolfssl,CVE-2020-11735,693,a3a4f2d59cb9f36d56abdb88732382af98a5cd62,False,False,wolfcrypt/src/sp_int.c,sp_cmp,219,235,15
wolfssl/wolfssl,CVE-2020-11735,693,a3a4f2d59cb9f36d56abdb88732382af98a5cd62,False,False,tests/api.c,,-1,-1,-1
wolfssl/wolfssl,CVE-2020-11735,693,a3a4f2d59cb9f36d56abdb88732382af98a5cd62,True,False,wolfcrypt/src/ecc.c,"wc_ecc_is_point( ecc_point * ecp , mp_int * a , mp_int * b , mp_int * prime)",4825,4911,61
wolfssl/wolfssl,CVE-2020-11735,693,a3a4f2d59cb9f36d56abdb88732382af98a5cd62,True,False,wolfcrypt/src/ecc.c,"wc_ecc_import_point_der( byte * in , word32 inLen , const int curve_idx , ecc_point * point)",4520,4645,82
wolfssl/wolfssl,CVE-2020-11735,693,a3a4f2d59cb9f36d56abdb88732382af98a5cd62,True,False,wolfcrypt/src/ecc.c,"ecc_check_pubkey_order( ecc_key * key , ecc_point * pubkey , mp_int * a , mp_int * prime , mp_int * order)",5017,5054,26
wolfssl/wolfssl,CVE-2020-11735,693,a3a4f2d59cb9f36d56abdb88732382af98a5cd62,False,False,wolfcrypt/test/test.c,ecc_test_cert_gen,14040,14231,124
wolfssl/wolfssl,CVE-2020-11735,693,a3a4f2d59cb9f36d56abdb88732382af98a5cd62,False,False,wolfcrypt/src/sp_int.c,sp_clear,100,107,7
wolfssl/wolfssl,CVE-2020-11735,693,a3a4f2d59cb9f36d56abdb88732382af98a5cd62,True,False,wolfcrypt/src/ecc.c,"ecc_projective_dbl_point( ecc_point * P , ecc_point * R , mp_int * a , mp_int * modulus , mp_digit mp)",1639,1888,179
wolfssl/wolfssl,CVE-2020-11735,693,a3a4f2d59cb9f36d56abdb88732382af98a5cd62,False,False,wolfcrypt/src/sp_int.c,sp_init_multi,65,94,29
wolfssl/wolfssl,CVE-2020-11735,693,a3a4f2d59cb9f36d56abdb88732382af98a5cd62,True,False,wolfcrypt/src/ecc.c,"wc_ecc_import_x963_ex( const byte * in , word32 inLen , ecc_key * key , int curve_id)",5157,5304,96
wolfssl/wolfssl,CVE-2020-11735,693,a3a4f2d59cb9f36d56abdb88732382af98a5cd62,False,False,wolfcrypt/src/sp_int.c,sp_add_d,404,425,19
wolfssl/wolfssl,CVE-2020-11735,693,a3a4f2d59cb9f36d56abdb88732382af98a5cd62,True,False,wolfcrypt/src/ecc.c,"ecc_projective_add_point( ecc_point * P , ecc_point * Q , ecc_point * R , mp_int * a , mp_int * modulus , mp_digit mp)",1333,1610,201
wolfssl/wolfssl,CVE-2020-11735,693,a3a4f2d59cb9f36d56abdb88732382af98a5cd62,False,False,wolfcrypt/src/sp_int.c,sp_count_bits,242,262,19
wolfssl/wolfssl,CVE-2020-11735,693,a3a4f2d59cb9f36d56abdb88732382af98a5cd62,False,False,wolfcrypt/src/sp_int.c,sp_forcezero,312,316,5
wolfssl/wolfssl,CVE-2020-11735,693,a3a4f2d59cb9f36d56abdb88732382af98a5cd62,False,False,wolfcrypt/src/sp_int.c,sp_iszero,351,354,4
wolfssl/wolfssl,CVE-2020-11735,693,a3a4f2d59cb9f36d56abdb88732382af98a5cd62,False,False,wolfcrypt/src/dh.c,wc_DhCheckPubKey,739,784,33
wolfssl/wolfssl,CVE-2020-11735,693,a3a4f2d59cb9f36d56abdb88732382af98a5cd62,False,False,wolfcrypt/src/sp_int.c,sp_to_unsigned_bin,292,306,13
wolfssl/wolfssl,CVE-2020-11735,693,a3a4f2d59cb9f36d56abdb88732382af98a5cd62,False,False,wolfcrypt/src/sp_int.c,CheckRunTimeSettings,479,482,4
wolfssl/wolfssl,CVE-2020-11735,693,a3a4f2d59cb9f36d56abdb88732382af98a5cd62,False,False,wolfcrypt/src/sp_int.c,sp_read_radix,169,210,35
wolfssl/wolfssl,CVE-2020-11735,693,a3a4f2d59cb9f36d56abdb88732382af98a5cd62,False,False,wolfcrypt/src/sp_int.c,sp_init,47,53,6
wolfssl/wolfssl,CVE-2020-11735,693,a3a4f2d59cb9f36d56abdb88732382af98a5cd62,False,False,wolfssl/wolfcrypt/sp_int.h,,-1,-1,-1
wolfssl/wolfssl,CVE-2020-11735,693,a3a4f2d59cb9f36d56abdb88732382af98a5cd62,False,False,wolfssl/wolfcrypt/settings.h,,-1,-1,-1
wolfssl/wolfssl,CVE-2020-11735,693,a3a4f2d59cb9f36d56abdb88732382af98a5cd62,False,False,wolfcrypt/src/dh.c,wc_DhAgree_Sync,811,884,48
wolfssl/wolfssl,CVE-2020-11735,693,a3a4f2d59cb9f36d56abdb88732382af98a5cd62,False,False,wolfcrypt/src/sp.c,sp_256_mont_sqrt_10,44173,44275,59
wolfssl/wolfssl,CVE-2020-11735,693,a3a4f2d59cb9f36d56abdb88732382af98a5cd62,False,False,wolfcrypt/src/sp_int.c,,-1,-1,-1
wolfssl/wolfssl,CVE-2020-11735,693,a3a4f2d59cb9f36d56abdb88732382af98a5cd62,False,False,wolfssl/wolfcrypt/integer.h,,-1,-1,-1
wolfssl/wolfssl,CVE-2020-11735,693,a3a4f2d59cb9f36d56abdb88732382af98a5cd62,False,False,wolfssl/wolfcrypt/sp.h,,-1,-1,-1
wolfssl/wolfssl,CVE-2020-11735,693,a3a4f2d59cb9f36d56abdb88732382af98a5cd62,True,False,wolfcrypt/src/ecc.c,"wc_ecc_sign_hash_ex( const byte * in , word32 inlen , WC_RNG * rng , ecc_key * key , mp_int * r , mp_int * s)",3684,3872,118
wolfssl/wolfssl,CVE-2020-11735,693,71f4d546a8131a83e5e441b24b2c7bff646ef359,True,False,wolfcrypt/src/ecc.c,wc_ecc_export_x963,4509,4592,50
wolfssl/wolfssl,CVE-2020-11735,693,71f4d546a8131a83e5e441b24b2c7bff646ef359,True,False,wolfcrypt/src/ecc.c,wc_ecc_sign_hash_ex,3529,3695,109
wolfssl/wolfssl,CVE-2020-11735,693,71f4d546a8131a83e5e441b24b2c7bff646ef359,True,False,wolfcrypt/src/ecc.c,wc_ecc_make_pub,3111,3116,5
wolfssl/wolfssl,CVE-2020-11735,693,71f4d546a8131a83e5e441b24b2c7bff646ef359,False,False,wolfcrypt/src/error.c,wc_GetErrorString,36,441,267
wolfssl/wolfssl,CVE-2020-11735,693,71f4d546a8131a83e5e441b24b2c7bff646ef359,True,False,wolfcrypt/src/ecc.c,wc_ecc_check_key,4812,4891,40
wolfssl/wolfssl,CVE-2020-11735,693,71f4d546a8131a83e5e441b24b2c7bff646ef359,False,False,wolfcrypt/test/test.c,,-1,-1,-1
wolfssl/wolfssl,CVE-2020-11735,693,71f4d546a8131a83e5e441b24b2c7bff646ef359,False,False,wolfcrypt/test/test.c,ecc_test_make_pub,10471,10600,91
wolfssl/wolfssl,CVE-2020-11735,693,71f4d546a8131a83e5e441b24b2c7bff646ef359,False,False,wolfssl/wolfcrypt/error-crypt.h,,-1,-1,-1
wolfssl/wolfssl,CVE-2020-11735,693,71f4d546a8131a83e5e441b24b2c7bff646ef359,False,False,wolfcrypt/test/test.c,ecc_test,11651,11772,80
wolfssl/wolfssl,CVE-2020-11735,693,71f4d546a8131a83e5e441b24b2c7bff646ef359,True,False,wolfcrypt/src/ecc.c,wc_ecc_import_private_key_ex,5206,5250,24
wolfssl/wolfssl,CVE-2020-11735,693,71f4d546a8131a83e5e441b24b2c7bff646ef359,True,False,wolfssl/wolfcrypt/ecc.h,,-1,-1,-1
wolfssl/wolfssl,CVE-2020-11735,693,71f4d546a8131a83e5e441b24b2c7bff646ef359,True,False,wolfcrypt/src/ecc.c,,-1,-1,-1
wolfssl/wolfssl,CVE-2020-11735,693,71f4d546a8131a83e5e441b24b2c7bff646ef359,True,False,wolfcrypt/src/ecc.c,ecc_check_pubkey_order,4785,4806,18
wolfssl/wolfssl,CVE-2020-11735,693,71f4d546a8131a83e5e441b24b2c7bff646ef359,True,False,wolfcrypt/src/ecc.c,wc_ecc_verify_hash_ex,4066,4304,156
wolfssl/wolfssl,CVE-2020-11735,693,71f4d546a8131a83e5e441b24b2c7bff646ef359,True,False,wolfcrypt/src/ecc.c,wc_ecc_make_key_ex,3119,3196,42
wolfssl/wolfssl,CVE-2020-11735,693,71f4d546a8131a83e5e441b24b2c7bff646ef359,True,False,wolfcrypt/src/ecc.c,wc_ecc_export_raw,5092,5178,55
wolfssl/wolfssl,CVE-2020-11735,693,71f4d546a8131a83e5e441b24b2c7bff646ef359,True,True,wolfcrypt/src/ecc.c,wc_ecc_make_pub_ex,3004,3099,64
wolfssl/wolfssl,CVE-2020-11735,693,90f8f67982df37ac0f415b065cee452977fa01c5,False,False,wolfcrypt/src/dh.c,,-1,-1,-1
wolfssl/wolfssl,CVE-2020-11735,693,90f8f67982df37ac0f415b065cee452977fa01c5,False,False,wolfcrypt/src/rsa.c,wc_RsaFunctionSync,1133,1329,122
wolfssl/wolfssl,CVE-2020-11735,693,90f8f67982df37ac0f415b065cee452977fa01c5,True,False,wolfcrypt/src/tfm.c,fp_to_unsigned_bin_at_pos,1929,1954,22
wolfssl/wolfssl,CVE-2020-11735,693,90f8f67982df37ac0f415b065cee452977fa01c5,False,False,wolfcrypt/src/dh.c,GeneratePublicDh,611,648,24
wolfssl/wolfssl,CVE-2020-11735,693,90f8f67982df37ac0f415b065cee452977fa01c5,False,False,wolfcrypt/src/rsa.c,,-1,-1,-1
wolfssl/wolfssl,CVE-2020-11735,693,90f8f67982df37ac0f415b065cee452977fa01c5,True,False,wolfcrypt/src/tfm.c,fp_read_radix,3133,3192,36
wolfssl/wolfssl,CVE-2020-11735,693,90f8f67982df37ac0f415b065cee452977fa01c5,False,False,wolfcrypt/benchmark/benchmark.c,bench_rsa,2624,2789,122
wolfssl/wolfssl,CVE-2020-11735,693,90f8f67982df37ac0f415b065cee452977fa01c5,True,False,wolfcrypt/src/tfm.c,fp_read_radix_16,3089,3130,34
wolfssl/wolfssl,CVE-2020-11735,693,90f8f67982df37ac0f415b065cee452977fa01c5,True,False,wolfcrypt/src/ecc.c,wc_ecc_verify_hash_ex,4124,4381,167
wolfssl/wolfssl,CVE-2020-11735,693,90f8f67982df37ac0f415b065cee452977fa01c5,True,True,wolfcrypt/src/ecc.c,wc_ecc_make_pub_ex,3023,3134,72
wolfssl/wolfssl,CVE-2020-11735,693,90f8f67982df37ac0f415b065cee452977fa01c5,False,False,wolfcrypt/src/sp.c,sp_2048_from_mp,105,158,44
wolfssl/wolfssl,CVE-2020-11735,693,90f8f67982df37ac0f415b065cee452977fa01c5,True,False,wolfcrypt/src/ecc.c,wc_ecc_sign_hash_ex,3574,3753,114
wolfssl/wolfssl,CVE-2020-11735,693,90f8f67982df37ac0f415b065cee452977fa01c5,True,False,wolfcrypt/src/ecc.c,,-1,-1,-1
wolfssl/wolfssl,CVE-2020-11735,693,90f8f67982df37ac0f415b065cee452977fa01c5,True,False,wolfcrypt/src/ecc.c,ecc_check_privkey_gen,4774,4835,45
wolfssl/wolfssl,CVE-2020-11735,693,90f8f67982df37ac0f415b065cee452977fa01c5,False,False,wolfssl/wolfcrypt/cpuid.h,,-1,-1,-1
wolfssl/wolfssl,CVE-2020-11735,693,90f8f67982df37ac0f415b065cee452977fa01c5,True,True,wolfcrypt/src/ecc.c,wc_ecc_shared_secret_gen_sync,2728,2800,53
wolfssl/wolfssl,CVE-2020-11735,693,90f8f67982df37ac0f415b065cee452977fa01c5,True,False,wolfcrypt/src/ecc.c,wc_ecc_make_key_ex,3154,3241,49
wolfssl/wolfssl,CVE-2020-11735,693,90f8f67982df37ac0f415b065cee452977fa01c5,False,False,wolfcrypt/src/cpuid.c,cpuid_set_flags,80,92,13
wolfssl/wolfssl,CVE-2020-11735,693,90f8f67982df37ac0f415b065cee452977fa01c5,True,False,wolfssl/wolfcrypt/tfm.h,,-1,-1,-1
wolfssl/wolfssl,CVE-2020-11735,693,90f8f67982df37ac0f415b065cee452977fa01c5,True,False,wolfcrypt/src/ecc.c,ecc_check_pubkey_order,4874,4904,23
wolfssl/wolfssl,CVE-2020-11735,693,90f8f67982df37ac0f415b065cee452977fa01c5,True,False,wolfcrypt/src/tfm.c,,-1,-1,-1
wolfssl/wolfssl,CVE-2020-11735,693,90f8f67982df37ac0f415b065cee452977fa01c5,False,False,wolfssl/wolfcrypt/sp.h,,-1,-1,-1
wolfssl/wolfssl,CVE-2020-11735,693,90f8f67982df37ac0f415b065cee452977fa01c5,False,False,wolfcrypt/src/dh.c,wc_DhAgree_Sync,799,868,48
wolfssl/wolfssl,CVE-2020-11735,693,5703e5eadbbfab8d86167c9e56c02f46f601d62b,True,False,wolfcrypt/src/tfm.c,mp_addmod,2194,2197,4
wolfssl/wolfssl,CVE-2020-11735,693,5703e5eadbbfab8d86167c9e56c02f46f601d62b,True,False,wolfcrypt/src/ecc.c,"wc_ecc_export_x963_compressed( ecc_key * key , byte * out , word32 * outLen)",5604,5631,21
wolfssl/wolfssl,CVE-2020-11735,693,5703e5eadbbfab8d86167c9e56c02f46f601d62b,True,False,wolfcrypt/src/ecc.c,"mp_jacobi( mp_int * a , mp_int * n , int * c)",5336,5427,63
wolfssl/wolfssl,CVE-2020-11735,693,5703e5eadbbfab8d86167c9e56c02f46f601d62b,True,False,wolfssl/wolfcrypt/ecc.h,,-1,-1,-1
wolfssl/wolfssl,CVE-2020-11735,693,5703e5eadbbfab8d86167c9e56c02f46f601d62b,True,False,wolfcrypt/src/ecc.c,"wc_ecc_mulmod( mp_int * k , ecc_point * G , ecc_point * R , mp_int * a , mp_int * modulus , int map)",1307,1311,5
wolfssl/wolfssl,CVE-2020-11735,693,5703e5eadbbfab8d86167c9e56c02f46f601d62b,True,False,wolfcrypt/src/ecc.c,"wc_ecc_sign_hash_ex( const byte * in , word32 inlen , WC_RNG * rng , ecc_key * key , mp_int * r , mp_int * s)",1880,1973,67
wolfssl/wolfssl,CVE-2020-11735,693,5703e5eadbbfab8d86167c9e56c02f46f601d62b,False,False,wolfcrypt/src/integer.c,mp_mulmod,2637,2653,14
wolfssl/wolfssl,CVE-2020-11735,693,5703e5eadbbfab8d86167c9e56c02f46f601d62b,True,False,wolfcrypt/src/ecc.c,"ecc_check_privkey_gen( ecc_key * key , mp_int * a , mp_int * prime)",2798,2840,34
wolfssl/wolfssl,CVE-2020-11735,693,5703e5eadbbfab8d86167c9e56c02f46f601d62b,True,False,wolfcrypt/src/ecc.c,"wc_ecc_rs_to_sig( const char * r , const char * s , byte * out , word32 * outlen)",3145,3175,23
wolfssl/wolfssl,CVE-2020-11735,693,5703e5eadbbfab8d86167c9e56c02f46f601d62b,True,False,wolfcrypt/src/ecc.c,wc_ecc_check_key( ecc_key * key),2898,2939,28
wolfssl/wolfssl,CVE-2020-11735,693,5703e5eadbbfab8d86167c9e56c02f46f601d62b,True,False,wolfcrypt/src/ecc.c,"ecc_map( ecc_point * P , mp_int * modulus , mp_digit mp)",824,917,62
wolfssl/wolfssl,CVE-2020-11735,693,5703e5eadbbfab8d86167c9e56c02f46f601d62b,True,False,wolfcrypt/src/ecc.c,"accel_fp_mul( int idx , mp_int * k , ecc_point * R , mp_int * a , mp_int * modulus , mp_digit mp , int map)",4091,4243,109
wolfssl/wolfssl,CVE-2020-11735,693,5703e5eadbbfab8d86167c9e56c02f46f601d62b,True,False,wolfcrypt/src/ecc.c,"wc_ecc_shared_secret( ecc_key * private_key , ecc_key * public_key , byte * out , word32 * outlen)",1477,1542,49
wolfssl/wolfssl,CVE-2020-11735,693,5703e5eadbbfab8d86167c9e56c02f46f601d62b,False,False,wolfcrypt/src/integer.c,mp_addmod,2677,2694,14
wolfssl/wolfssl,CVE-2020-11735,693,5703e5eadbbfab8d86167c9e56c02f46f601d62b,True,False,wolfcrypt/src/ecc.c,ecc_check_privkey_gen_helper( ecc_key * key),2846,2866,15
wolfssl/wolfssl,CVE-2020-11735,693,5703e5eadbbfab8d86167c9e56c02f46f601d62b,True,False,wolfcrypt/src/ecc.c,"build_lut( int idx , mp_int * a , mp_int * modulus , mp_digit mp , mp_int * mu)",3954,4088,98
wolfssl/wolfssl,CVE-2020-11735,693,5703e5eadbbfab8d86167c9e56c02f46f601d62b,True,False,wolfcrypt/src/ecc.c,"wc_ecc_import_point_der( byte * in , word32 inLen , const int curve_idx , ecc_point * point)",2446,2559,78
wolfssl/wolfssl,CVE-2020-11735,693,5703e5eadbbfab8d86167c9e56c02f46f601d62b,True,False,wolfcrypt/src/ecc.c,"wc_ecc_mulmod( mp_int * k , ecc_point * G , ecc_point * R , mp_int * a , mp_int * modulus , int map)",1140,1144,5
wolfssl/wolfssl,CVE-2020-11735,693,5703e5eadbbfab8d86167c9e56c02f46f601d62b,True,False,wolfcrypt/src/ecc.c,,-1,-1,-1
wolfssl/wolfssl,CVE-2020-11735,693,5703e5eadbbfab8d86167c9e56c02f46f601d62b,True,False,wolfcrypt/src/ecc.c,"ecc_mul2add( ecc_point * A , mp_int * kA , ecc_point * B , mp_int * kB , ecc_point * C , mp_int * a , mp_int * modulus , void * heap)",4509,4619,76
wolfssl/wolfssl,CVE-2020-11735,693,5703e5eadbbfab8d86167c9e56c02f46f601d62b,True,False,wolfcrypt/src/ecc.c,"wc_ecc_verify_hash_ex( mp_int * r , mp_int * s , const byte * hash , word32 hashlen , int * stat , ecc_key * key)",2284,2441,106
wolfssl/wolfssl,CVE-2020-11735,693,5703e5eadbbfab8d86167c9e56c02f46f601d62b,True,False,wolfcrypt/src/ecc.c,"wc_ecc_shared_secret_ssh( ecc_key * private_key , ecc_point * point , byte * out , word32 * outlen)",1553,1611,44
wolfssl/wolfssl,CVE-2020-11735,693,5703e5eadbbfab8d86167c9e56c02f46f601d62b,True,False,wolfcrypt/src/tfm.c,mp_submod,2188,2191,4
wolfssl/wolfssl,CVE-2020-11735,693,5703e5eadbbfab8d86167c9e56c02f46f601d62b,True,False,wolfcrypt/src/ecc.c,"wc_ecc_make_key_ex( WC_RNG * rng , ecc_key * key , const ecc_set_type * dp)",1627,1748,80
wolfssl/wolfssl,CVE-2020-11735,693,5703e5eadbbfab8d86167c9e56c02f46f601d62b,True,False,wolfcrypt/src/ecc.c,"ecc_mul2add( ecc_point * A , mp_int * kA , ecc_point * B , mp_int * kB , ecc_point * C , mp_int * a , mp_int * modulus , void * heap)",2010,2214,149
wolfssl/wolfssl,CVE-2020-11735,693,5703e5eadbbfab8d86167c9e56c02f46f601d62b,True,False,wolfcrypt/src/ecc.c,"ecc_projective_add_point( ecc_point * P , ecc_point * Q , ecc_point * R , mp_int * a , mp_int * modulus , mp_digit mp)",285,554,197
wolfssl/wolfssl,CVE-2020-11735,693,5703e5eadbbfab8d86167c9e56c02f46f601d62b,True,False,wolfcrypt/src/ecc.c,"wc_ecc_mulmod( mp_int * k , ecc_point * G , ecc_point * R , mp_int * a , mp_int * modulus , int map)",4632,4636,5
wolfssl/wolfssl,CVE-2020-11735,693,5703e5eadbbfab8d86167c9e56c02f46f601d62b,True,False,wolfcrypt/src/tfm.c,fp_submod,1000,1012,11
wolfssl/wolfssl,CVE-2020-11735,693,5703e5eadbbfab8d86167c9e56c02f46f601d62b,True,False,wolfcrypt/src/ecc.c,"ecc_projective_dbl_point( ecc_point * P , ecc_point * R , mp_int * a , mp_int * modulus , mp_digit mp)",583,814,166
wolfssl/wolfssl,CVE-2020-11735,693,5703e5eadbbfab8d86167c9e56c02f46f601d62b,True,False,wolfcrypt/src/ecc.c,"wc_ecc_mulmod_ex( mp_int * k , ecc_point * G , ecc_point * R , mp_int * modulus , int map , void * heap)",4648,4723,50
wolfssl/wolfssl,CVE-2020-11735,693,5703e5eadbbfab8d86167c9e56c02f46f601d62b,True,False,wolfcrypt/src/ecc.c,"wc_ecc_import_x963( const byte * in , word32 inLen , ecc_key * key)",2943,3085,99
wolfssl/wolfssl,CVE-2020-11735,693,5703e5eadbbfab8d86167c9e56c02f46f601d62b,True,False,wolfcrypt/src/ecc.c,"accel_fp_mul2add( int idx1 , int idx2 , mp_int * kA , mp_int * kB , ecc_point * R , mp_int * a , mp_int * modulus , mp_digit mp)",4247,4495,192
wolfssl/wolfssl,CVE-2020-11735,693,5703e5eadbbfab8d86167c9e56c02f46f601d62b,True,False,wolfcrypt/src/ecc.c,"mp_sqrtmod_prime( mp_int * n , mp_int * prime , mp_int * ret)",5430,5600,109
wolfssl/wolfssl,CVE-2020-11735,693,5703e5eadbbfab8d86167c9e56c02f46f601d62b,False,False,wolfcrypt/src/integer.c,mp_submod,2657,2674,14
wolfssl/wolfssl,CVE-2020-11735,693,5703e5eadbbfab8d86167c9e56c02f46f601d62b,False,False,src/ssl.c,wolfSSL_EC_POINT_mul,16525,16583,46
wolfssl/wolfssl,CVE-2020-11735,693,5703e5eadbbfab8d86167c9e56c02f46f601d62b,True,False,wolfssl/wolfcrypt/tfm.h,,-1,-1,-1
wolfssl/wolfssl,CVE-2020-11735,693,5703e5eadbbfab8d86167c9e56c02f46f601d62b,True,False,wolfcrypt/src/ecc.c,"wc_ecc_mulmod_ex( mp_int * k , ecc_point * G , ecc_point * R , mp_int * a , mp_int * modulus , int map , void * heap)",1165,1303,102
wolfssl/wolfssl,CVE-2020-11735,693,5703e5eadbbfab8d86167c9e56c02f46f601d62b,True,False,wolfcrypt/src/tfm.c,fp_mulmod,985,997,11
wolfssl/wolfssl,CVE-2020-11735,693,5703e5eadbbfab8d86167c9e56c02f46f601d62b,True,False,wolfcrypt/src/ecc.c,"ecc_check_pubkey_order( ecc_key * key , mp_int * a , mp_int * prime , mp_int * order)",2872,2894,19
wolfssl/wolfssl,CVE-2020-11735,693,5703e5eadbbfab8d86167c9e56c02f46f601d62b,True,False,wolfcrypt/src/ecc.c,"ecc_is_point( const ecc_set_type * dp , ecc_point * ecp , mp_int * prime)",2716,2794,55
wolfssl/wolfssl,CVE-2020-11735,693,5703e5eadbbfab8d86167c9e56c02f46f601d62b,False,False,wolfssl/wolfcrypt/integer.h,,-1,-1,-1
wolfssl/wolfssl,CVE-2020-11735,693,5703e5eadbbfab8d86167c9e56c02f46f601d62b,True,False,wolfcrypt/src/ecc.c,"wc_ecc_mulmod_ex( mp_int * k , ecc_point * G , ecc_point * R , mp_int * a , mp_int * modulus , int map , void * heap)",940,1137,143
wolfssl/wolfssl,CVE-2020-11735,693,5703e5eadbbfab8d86167c9e56c02f46f601d62b,True,False,wolfcrypt/src/tfm.c,fp_addmod,1015,1027,11
wolfssl/wolfssl,CVE-2020-11735,693,a5529b124db0de6ce3257f66180e93297ed925c5,False,False,wolfcrypt/src/rsa.c,,-1,-1,-1
wolfssl/wolfssl,CVE-2020-11735,693,a5529b124db0de6ce3257f66180e93297ed925c5,True,False,wolfcrypt/src/tfm.c,"mp_to_unsigned_bin( mp_int * a , unsigned char * b)",1940,1944,5
wolfssl/wolfssl,CVE-2020-11735,693,a5529b124db0de6ce3257f66180e93297ed925c5,True,False,wolfcrypt/src/tfm.c,fp_isprime( fp_int * a),2301,2325,21
wolfssl/wolfssl,CVE-2020-11735,693,a5529b124db0de6ce3257f66180e93297ed925c5,False,False,wolfcrypt/src/asn.c,CaviumRsaPrivateKeyDecode,702,727,21
wolfssl/wolfssl,CVE-2020-11735,693,a5529b124db0de6ce3257f66180e93297ed925c5,False,False,wolfcrypt/src/asn.c,GetCTC_HashOID,2902,2932,19
wolfssl/wolfssl,CVE-2020-11735,693,a5529b124db0de6ce3257f66180e93297ed925c5,True,False,wolfcrypt/src/tfm.c,"fp_invmod( fp_int * a , fp_int * b , fp_int * c)",834,919,51
wolfssl/wolfssl,CVE-2020-11735,693,a5529b124db0de6ce3257f66180e93297ed925c5,False,False,wolfcrypt/src/asn.c,pic32_time,281,301,12
wolfssl/wolfssl,CVE-2020-11735,693,a5529b124db0de6ce3257f66180e93297ed925c5,True,False,wolfcrypt/src/ecc.c,"wc_ecc_make_key( RNG * rng , int keysize , ecc_key * key)",1475,1494,15
wolfssl/wolfssl,CVE-2020-11735,693,a5529b124db0de6ce3257f66180e93297ed925c5,True,False,wolfcrypt/src/ecc.c,"wc_ecc_ctx_set_info( ecEncCtx * ctx , const byte * info , int sz)",4061,4070,8
wolfssl/wolfssl,CVE-2020-11735,693,a5529b124db0de6ce3257f66180e93297ed925c5,False,False,wolfcrypt/src/asn.c,GetSet,486,500,12
wolfssl/wolfssl,CVE-2020-11735,693,a5529b124db0de6ce3257f66180e93297ed925c5,False,False,wolfcrypt/src/asn.c,MakeSigner,4367,4386,17
wolfssl/wolfssl,CVE-2020-11735,693,a5529b124db0de6ce3257f66180e93297ed925c5,False,False,wolfcrypt/src/asn.c,SetRsaPublicKey,4945,5081,94
wolfssl/wolfssl,CVE-2020-11735,693,a5529b124db0de6ce3257f66180e93297ed925c5,True,False,wolfcrypt/src/ecc.c,"accel_fp_mul( int idx , mp_int * k , ecc_point * R , mp_int * modulus , mp_digit * mp , int map)",3347,3494,105
wolfssl/wolfssl,CVE-2020-11735,693,a5529b124db0de6ce3257f66180e93297ed925c5,True,False,wolfcrypt/src/tfm.c,"mp_sqrmod( mp_int * a , mp_int * b , mp_int * c)",2023,2026,4
wolfssl/wolfssl,CVE-2020-11735,693,a5529b124db0de6ce3257f66180e93297ed925c5,False,False,wolfcrypt/src/sha256.c,Transform( Sha256 * sha256),135,181,31
wolfssl/wolfssl,CVE-2020-11735,693,a5529b124db0de6ce3257f66180e93297ed925c5,True,False,wolfcrypt/src/tfm.c,"mp_div_2( fp_int * a , fp_int * b)",2505,2509,5
wolfssl/wolfssl,CVE-2020-11735,693,a5529b124db0de6ce3257f66180e93297ed925c5,False,False,wolfcrypt/src/asn.c,FreeDecodedCert,1565,1592,22
wolfssl/wolfssl,CVE-2020-11735,693,a5529b124db0de6ce3257f66180e93297ed925c5,False,False,wolfcrypt/src/asn.c,GetExplicitVersion,551,565,11
wolfssl/wolfssl,CVE-2020-11735,693,a5529b124db0de6ce3257f66180e93297ed925c5,False,False,wolfcrypt/src/asn.c,DecodeAuthInfo,3682,3724,29
wolfssl/wolfssl,CVE-2020-11735,693,a5529b124db0de6ce3257f66180e93297ed925c5,True,False,wolfcrypt/src/ecc.c,find_hole( void),3117,3147,27
wolfssl/wolfssl,CVE-2020-11735,693,a5529b124db0de6ce3257f66180e93297ed925c5,False,False,wolfcrypt/src/asn.c,WriteCertBody,5611,5646,25
wolfssl/wolfssl,CVE-2020-11735,693,a5529b124db0de6ce3257f66180e93297ed925c5,False,False,wolfcrypt/src/asn.c,SetOctetString,2566,2570,5
wolfssl/wolfssl,CVE-2020-11735,693,a5529b124db0de6ce3257f66180e93297ed925c5,False,False,wolfcrypt/src/memory.c,,-1,-1,-1
wolfssl/wolfssl,CVE-2020-11735,693,a5529b124db0de6ce3257f66180e93297ed925c5,False,False,wolfcrypt/src/asn.c,SetEccPublicKey,4850,4938,57
wolfssl/wolfssl,CVE-2020-11735,693,a5529b124db0de6ce3257f66180e93297ed925c5,True,False,wolfcrypt/src/tfm.c,fp_count_bits( fp_int * a),1687,1707,15
wolfssl/wolfssl,CVE-2020-11735,693,a5529b124db0de6ce3257f66180e93297ed925c5,False,False,wolfcrypt/src/asn.c,DerToPem,4472,4586,74
wolfssl/wolfssl,CVE-2020-11735,693,a5529b124db0de6ce3257f66180e93297ed925c5,False,False,wolfcrypt/src/asn.c,EccKeyToDer,6643,6725,64
wolfssl/wolfssl,CVE-2020-11735,693,a5529b124db0de6ce3257f66180e93297ed925c5,True,False,wolfcrypt/src/ecc.c,"wc_ecc_ctx_new( int flags , RNG * rng)",4167,4182,13
wolfssl/wolfssl,CVE-2020-11735,693,a5529b124db0de6ce3257f66180e93297ed925c5,True,False,wolfcrypt/src/ecc.c,ecc_new_point( void),1347,1360,14
wolfssl/wolfssl,CVE-2020-11735,693,a5529b124db0de6ce3257f66180e93297ed925c5,True,False,wolfcrypt/src/tfm.c,"fp_mod( fp_int * a , fp_int * b , fp_int * c)",683,698,15
wolfssl/wolfssl,CVE-2020-11735,693,a5529b124db0de6ce3257f66180e93297ed925c5,True,False,wolfcrypt/src/tfm.c,"s_is_power_of_two( fp_digit b , int * p)",2074,2090,14
wolfssl/wolfssl,CVE-2020-11735,693,a5529b124db0de6ce3257f66180e93297ed925c5,False,False,wolfcrypt/src/asn.c,gmtime,199,245,33
wolfssl/wolfssl,CVE-2020-11735,693,a5529b124db0de6ce3257f66180e93297ed925c5,False,False,wolfcrypt/src/asn.c,AddSignature,5748,5771,16
wolfssl/wolfssl,CVE-2020-11735,693,a5529b124db0de6ce3257f66180e93297ed925c5,False,False,wolfcrypt/src/asn.c,DecodeSubjKeyId,3770,3805,28
wolfssl/wolfssl,CVE-2020-11735,693,a5529b124db0de6ce3257f66180e93297ed925c5,False,False,wolfcrypt/src/asn.c,GetDate,2393,2432,32
wolfssl/wolfssl,CVE-2020-11735,693,a5529b124db0de6ce3257f66180e93297ed925c5,True,False,wolfcrypt/src/tfm.c,"fp_cmp_d( fp_int * a , fp_digit b)",1419,1440,16
wolfssl/wolfssl,CVE-2020-11735,693,a5529b124db0de6ce3257f66180e93297ed925c5,True,False,wolfcrypt/src/tfm.c,"mp_sub_d( fp_int * a , fp_digit b , fp_int * c)",1954,1958,5
wolfssl/wolfssl,CVE-2020-11735,693,a5529b124db0de6ce3257f66180e93297ed925c5,True,False,wolfcrypt/src/ecc.c,"ecc_mul2add( ecc_point * A , mp_int * kA , ecc_point * B , mp_int * kB , ecc_point * C , mp_int * modulus)",3746,3856,76
wolfssl/wolfssl,CVE-2020-11735,693,a5529b124db0de6ce3257f66180e93297ed925c5,False,False,wolfcrypt/src/asn.c,SetSubjectBuffer,6407,6410,4
wolfssl/wolfssl,CVE-2020-11735,693,a5529b124db0de6ce3257f66180e93297ed925c5,True,False,wolfcrypt/src/tfm.c,"mp_mod( mp_int * a , mp_int * b , mp_int * c)",1900,1903,4
wolfssl/wolfssl,CVE-2020-11735,693,a5529b124db0de6ce3257f66180e93297ed925c5,False,False,wolfcrypt/src/asn.c,DhParamsLoad,1327,1373,37
wolfssl/wolfssl,CVE-2020-11735,693,a5529b124db0de6ce3257f66180e93297ed925c5,False,False,wolfcrypt/src/asn.c,CheckCurve,1675,1682,7
wolfssl/wolfssl,CVE-2020-11735,693,a5529b124db0de6ce3257f66180e93297ed925c5,False,False,wolfcrypt/src/sha256.c,"Sha256Update( Sha256 * sha256 , const byte * data , word32 len)",194,225,22
wolfssl/wolfssl,CVE-2020-11735,693,a5529b124db0de6ce3257f66180e93297ed925c5,True,False,wolfcrypt/src/tfm.c,"mp_lcm( fp_int * a , fp_int * b , fp_int * c)",2184,2188,5
wolfssl/wolfssl,CVE-2020-11735,693,a5529b124db0de6ce3257f66180e93297ed925c5,True,False,wolfcrypt/src/tfm.c,"mp_copy( fp_int * a , fp_int * b)",1962,1966,5
wolfssl/wolfssl,CVE-2020-11735,693,a5529b124db0de6ce3257f66180e93297ed925c5,False,False,wolfcrypt/src/asn.c,CheckAlgo,803,842,35
wolfssl/wolfssl,CVE-2020-11735,693,a5529b124db0de6ce3257f66180e93297ed925c5,False,False,wolfcrypt/src/asn.c,DecodeCertPolicy,3982,4022,33
wolfssl/wolfssl,CVE-2020-11735,693,a5529b124db0de6ce3257f66180e93297ed925c5,False,False,wolfcrypt/src/asn.c,ValidateDate,2343,2388,38
wolfssl/wolfssl,CVE-2020-11735,693,a5529b124db0de6ce3257f66180e93297ed925c5,False,False,wolfcrypt/src/coding.c,,-1,-1,-1
wolfssl/wolfssl,CVE-2020-11735,693,a5529b124db0de6ce3257f66180e93297ed925c5,False,False,wolfcrypt/src/hmac.c,,-1,-1,-1
wolfssl/wolfssl,CVE-2020-11735,693,a5529b124db0de6ce3257f66180e93297ed925c5,True,False,wolfcrypt/src/tfm.c,mp_leading_bit( mp_int * a),1990,1993,4
wolfssl/wolfssl,CVE-2020-11735,693,a5529b124db0de6ce3257f66180e93297ed925c5,False,False,wolfcrypt/src/sha.c,InitSha( Sha * sha),69,92,12
wolfssl/wolfssl,CVE-2020-11735,693,a5529b124db0de6ce3257f66180e93297ed925c5,True,False,wolfcrypt/src/ecc.c,"ecc_projective_add_point( ecc_point * P , ecc_point * Q , ecc_point * R , mp_int * modulus , mp_digit * mp)",220,367,104
wolfssl/wolfssl,CVE-2020-11735,693,a5529b124db0de6ce3257f66180e93297ed925c5,False,False,wolfcrypt/src/asn.c,GetBasicDate,6735,6757,17
wolfssl/wolfssl,CVE-2020-11735,693,a5529b124db0de6ce3257f66180e93297ed925c5,False,False,wolfcrypt/src/asn.c,DsaPublicKeyDecode,1380,1395,13
wolfssl/wolfssl,CVE-2020-11735,693,a5529b124db0de6ce3257f66180e93297ed925c5,False,False,wolfcrypt/src/asn.c,GetTime,355,363,7
wolfssl/wolfssl,CVE-2020-11735,693,a5529b124db0de6ce3257f66180e93297ed925c5,True,False,wolfcrypt/src/tfm.c,mp_count_bits( mp_int * a),1984,1987,4
wolfssl/wolfssl,CVE-2020-11735,693,a5529b124db0de6ce3257f66180e93297ed925c5,True,False,wolfcrypt/src/tfm.c,"fp_prime_miller_rabin( fp_int * a , fp_int * b , int * result)",2205,2259,30
wolfssl/wolfssl,CVE-2020-11735,693,a5529b124db0de6ce3257f66180e93297ed925c5,True,False,wolfssl/wolfcrypt/ecc.h,,-1,-1,-1
wolfssl/wolfssl,CVE-2020-11735,693,a5529b124db0de6ce3257f66180e93297ed925c5,False,False,wolfcrypt/src/asn.c,DateGreaterThan,2305,2332,22
wolfssl/wolfssl,CVE-2020-11735,693,a5529b124db0de6ce3257f66180e93297ed925c5,True,False,wolfcrypt/src/tfm.c,"fp_add_d( fp_int * a , fp_digit b , fp_int * c)",2393,2398,6
wolfssl/wolfssl,CVE-2020-11735,693,a5529b124db0de6ce3257f66180e93297ed925c5,False,False,wolfcrypt/src/asn.c,ConfirmSignature,2936,3180,176
wolfssl/wolfssl,CVE-2020-11735,693,a5529b124db0de6ce3257f66180e93297ed925c5,False,False,wolfcrypt/src/error.c,CTaoCryptGetErrorString,35,320,187
wolfssl/wolfssl,CVE-2020-11735,693,a5529b124db0de6ce3257f66180e93297ed925c5,False,False,wolfcrypt/src/asn.c,GetNameId,5273,5304,23
wolfssl/wolfssl,CVE-2020-11735,693,a5529b124db0de6ce3257f66180e93297ed925c5,False,False,wolfcrypt/src/asn.c,DecodeCrlDist,3602,3679,58
wolfssl/wolfssl,CVE-2020-11735,693,a5529b124db0de6ce3257f66180e93297ed925c5,True,False,wolfcrypt/src/ecc.c,"wc_ecc_make_key_ex( RNG * rng , ecc_key * key , const ecc_set_type * dp)",1496,1590,65
wolfssl/wolfssl,CVE-2020-11735,693,a5529b124db0de6ce3257f66180e93297ed925c5,True,False,wolfcrypt/src/tfm.c,"fp_set( fp_int * a , fp_digit b)",1680,1685,6
wolfssl/wolfssl,CVE-2020-11735,693,a5529b124db0de6ce3257f66180e93297ed925c5,True,False,wolfcrypt/src/ecc.c,"mp_submod( mp_int * a , mp_int * b , mp_int * c , mp_int * d)",4815,4832,15
wolfssl/wolfssl,CVE-2020-11735,693,a5529b124db0de6ce3257f66180e93297ed925c5,False,False,wolfcrypt/src/asn.c,DecodeSingleResponse,6790,6908,92
wolfssl/wolfssl,CVE-2020-11735,693,a5529b124db0de6ce3257f66180e93297ed925c5,False,False,wolfcrypt/src/asn.c,time,173,194,16
wolfssl/wolfssl,CVE-2020-11735,693,a5529b124db0de6ce3257f66180e93297ed925c5,True,False,wolfcrypt/src/tfm.c,"fp_montgomery_setup( fp_int * a , fp_digit * rho)",1463,1493,15
wolfssl/wolfssl,CVE-2020-11735,693,a5529b124db0de6ce3257f66180e93297ed925c5,True,False,wolfcrypt/src/tfm.c,"mp_invmod( mp_int * a , mp_int * b , mp_int * c)",1906,1909,4
wolfssl/wolfssl,CVE-2020-11735,693,a5529b124db0de6ce3257f66180e93297ed925c5,False,False,wolfcrypt/src/sha.c,"AddLength( Sha * sha , word32 len)",310,315,6
wolfssl/wolfssl,CVE-2020-11735,693,a5529b124db0de6ce3257f66180e93297ed925c5,False,False,wolfcrypt/src/asn.c,StoreECC_DSA_Sig,6435,6478,34
wolfssl/wolfssl,CVE-2020-11735,693,a5529b124db0de6ce3257f66180e93297ed925c5,False,False,wolfcrypt/src/sha.c,"ShaFinal( Sha * sha , byte * hash)",142,176,20
wolfssl/wolfssl,CVE-2020-11735,693,a5529b124db0de6ce3257f66180e93297ed925c5,False,False,wolfcrypt/src/asn.c,FreeSigner,4390,4403,11
wolfssl/wolfssl,CVE-2020-11735,693,a5529b124db0de6ce3257f66180e93297ed925c5,True,False,wolfcrypt/src/tfm.c,"fp_read_unsigned_bin( fp_int * a , unsigned char * b , int c)",1607,1657,33
wolfssl/wolfssl,CVE-2020-11735,693,a5529b124db0de6ce3257f66180e93297ed925c5,False,False,wolfcrypt/src/coding.c,Base16_Decode,343,394,36
wolfssl/wolfssl,CVE-2020-11735,693,a5529b124db0de6ce3257f66180e93297ed925c5,False,False,wolfcrypt/src/asn.c,GetCRL_Signature,7547,7576,22
wolfssl/wolfssl,CVE-2020-11735,693,a5529b124db0de6ce3257f66180e93297ed925c5,False,False,wolfcrypt/src/asn.c,OcspResponseDecode,7142,7190,34
wolfssl/wolfssl,CVE-2020-11735,693,a5529b124db0de6ce3257f66180e93297ed925c5,False,False,wolfcrypt/src/asn.c,GetNameType,5242,5269,21
wolfssl/wolfssl,CVE-2020-11735,693,a5529b124db0de6ce3257f66180e93297ed925c5,False,False,wolfcrypt/src/asn.c,SetAltNamesBuffer,6416,6419,4
wolfssl/wolfssl,CVE-2020-11735,693,a5529b124db0de6ce3257f66180e93297ed925c5,True,False,wolfcrypt/src/ecc.c,"ecc_map( ecc_point * P , mp_int * modulus , mp_digit * mp)",910,958,35
wolfssl/wolfssl,CVE-2020-11735,693,a5529b124db0de6ce3257f66180e93297ed925c5,True,False,wolfcrypt/src/tfm.c,"fp_div_2d( fp_int * a , int b , fp_int * c , fp_int * d)",642,680,28
wolfssl/wolfssl,CVE-2020-11735,693,a5529b124db0de6ce3257f66180e93297ed925c5,True,False,wolfcrypt/src/tfm.c,"mp_add( mp_int * a , mp_int * b , mp_int * c)",1873,1877,5
wolfssl/wolfssl,CVE-2020-11735,693,a5529b124db0de6ce3257f66180e93297ed925c5,True,False,wolfcrypt/src/tfm.c,"mp_set( fp_int * a , fp_digit b)",2478,2482,5
wolfssl/wolfssl,CVE-2020-11735,693,a5529b124db0de6ce3257f66180e93297ed925c5,True,False,wolfcrypt/src/ecc.c,"wc_ecc_sign_hash( const byte * in , word32 inlen , byte * out , word32 * outlen , RNG * rng , ecc_key * key)",1616,1708,64
wolfssl/wolfssl,CVE-2020-11735,693,a5529b124db0de6ce3257f66180e93297ed925c5,True,False,wolfcrypt/src/tfm.c,"fp_mod_2d( fp_int * a , int b , fp_int * c)",701,726,17
wolfssl/wolfssl,CVE-2020-11735,693,a5529b124db0de6ce3257f66180e93297ed925c5,False,False,wolfcrypt/src/error.c,,-1,-1,-1
wolfssl/wolfssl,CVE-2020-11735,693,a5529b124db0de6ce3257f66180e93297ed925c5,False,False,wolfcrypt/src/asn.c,DecodeBasicOcspResponse,7052,7117,48
wolfssl/wolfssl,CVE-2020-11735,693,a5529b124db0de6ce3257f66180e93297ed925c5,True,False,wolfcrypt/src/ecc.c,wc_ecc_size( ecc_key * key),2523,2528,5
wolfssl/wolfssl,CVE-2020-11735,693,a5529b124db0de6ce3257f66180e93297ed925c5,True,False,wolfcrypt/src/ecc.c,"wc_ecc_decrypt( ecc_key * privKey , ecc_key * pubKey , const byte * msg , word32 msgSz , byte * out , word32 * outSz , ecEncCtx * ctx)",4381,4532,122
wolfssl/wolfssl,CVE-2020-11735,693,a5529b124db0de6ce3257f66180e93297ed925c5,True,False,wolfcrypt/src/ecc.c,"wc_ecc_ctx_set_peer_salt( ecEncCtx * ctx , const byte * salt)",4075,4121,37
wolfssl/wolfssl,CVE-2020-11735,693,a5529b124db0de6ce3257f66180e93297ed925c5,False,False,wolfcrypt/src/sha256.c,,-1,-1,-1
wolfssl/wolfssl,CVE-2020-11735,693,a5529b124db0de6ce3257f66180e93297ed925c5,False,False,wolfcrypt/src/asn.c,SetTime,5091,5116,19
wolfssl/wolfssl,CVE-2020-11735,693,a5529b124db0de6ce3257f66180e93297ed925c5,False,False,wolfcrypt/src/asn.c,GetMyVersion,504,520,12
wolfssl/wolfssl,CVE-2020-11735,693,a5529b124db0de6ce3257f66180e93297ed925c5,True,False,wolfcrypt/src/ecc.c,"ecc_projective_dbl_point( ecc_point * P , ecc_point * R , mp_int * modulus , mp_digit * mp)",744,899,120
wolfssl/wolfssl,CVE-2020-11735,693,a5529b124db0de6ce3257f66180e93297ed925c5,False,False,wolfcrypt/src/logging.c,CYASSL_LEAVE,143,150,8
wolfssl/wolfssl,CVE-2020-11735,693,a5529b124db0de6ce3257f66180e93297ed925c5,False,False,wolfcrypt/src/sha256.c,InitSha256( Sha256 * sha256),68,88,16
wolfssl/wolfssl,CVE-2020-11735,693,a5529b124db0de6ce3257f66180e93297ed925c5,True,False,wolfcrypt/src/ecc.c,,-1,-1,-1
wolfssl/wolfssl,CVE-2020-11735,693,a5529b124db0de6ce3257f66180e93297ed925c5,True,False,wolfcrypt/src/tfm.c,"fp_read_radix( fp_int * a , const char * str , int radix)",2415,2469,34
wolfssl/wolfssl,CVE-2020-11735,693,a5529b124db0de6ce3257f66180e93297ed925c5,False,False,wolfcrypt/src/asn.c,,-1,-1,-1
wolfssl/wolfssl,CVE-2020-11735,693,a5529b124db0de6ce3257f66180e93297ed925c5,False,False,wolfcrypt/src/error.c,CTaoCryptErrorString,322,325,4
wolfssl/wolfssl,CVE-2020-11735,693,a5529b124db0de6ce3257f66180e93297ed925c5,True,False,wolfcrypt/src/tfm.c,mp_iszero( mp_int * a),1977,1980,4
wolfssl/wolfssl,CVE-2020-11735,693,a5529b124db0de6ce3257f66180e93297ed925c5,False,False,wolfcrypt/src/asn.c,MakeNtruCert,5821,5825,5
wolfssl/wolfssl,CVE-2020-11735,693,a5529b124db0de6ce3257f66180e93297ed925c5,False,False,wolfcrypt/src/logging.c,CyaSSL_Debugging_OFF,82,87,4
wolfssl/wolfssl,CVE-2020-11735,693,a5529b124db0de6ce3257f66180e93297ed925c5,False,False,wolfcrypt/src/asn.c,InitDecodedCert,1422,1532,95
wolfssl/wolfssl,CVE-2020-11735,693,a5529b124db0de6ce3257f66180e93297ed925c5,False,False,wolfcrypt/src/asn.c,EncodeCert,5478,5607,90
wolfssl/wolfssl,CVE-2020-11735,693,a5529b124db0de6ce3257f66180e93297ed925c5,True,False,wolfcrypt/src/ecc.c,"wc_ecc_encrypt( ecc_key * privKey , ecc_key * pubKey , const byte * msg , word32 msgSz , byte * out , word32 * outSz , ecEncCtx * ctx)",4229,4375,117
wolfssl/wolfssl,CVE-2020-11735,693,a5529b124db0de6ce3257f66180e93297ed925c5,False,False,wolfcrypt/src/asn.c,InitOcspRequest,7318,7331,13
wolfssl/wolfssl,CVE-2020-11735,693,a5529b124db0de6ce3257f66180e93297ed925c5,True,False,wolfcrypt/src/tfm.c,fp_leading_bit( fp_int * a),1709,1726,15
wolfssl/wolfssl,CVE-2020-11735,693,a5529b124db0de6ce3257f66180e93297ed925c5,False,False,cyassl/ssl.h,,-1,-1,-1
wolfssl/wolfssl,CVE-2020-11735,693,a5529b124db0de6ce3257f66180e93297ed925c5,False,False,wolfcrypt/src/asn.c,SetReqAttrib,5832,5900,59
wolfssl/wolfssl,CVE-2020-11735,693,a5529b124db0de6ce3257f66180e93297ed925c5,False,False,wolfcrypt/src/asn.c,SetValidity,5140,5194,35
wolfssl/wolfssl,CVE-2020-11735,693,a5529b124db0de6ce3257f66180e93297ed925c5,False,False,wolfcrypt/src/asn.c,GetValidity,2435,2453,14
wolfssl/wolfssl,CVE-2020-11735,693,a5529b124db0de6ce3257f66180e93297ed925c5,True,False,wolfcrypt/src/ecc.c,"mp_sqrtmod_prime( mp_int * n , mp_int * prime , mp_int * ret)",4627,4780,109
wolfssl/wolfssl,CVE-2020-11735,693,a5529b124db0de6ce3257f66180e93297ed925c5,True,False,wolfcrypt/src/tfm.c,"mp_init_multi( mp_int * a , mp_int * b , mp_int * c , mp_int * d , mp_int * e , mp_int * f)",1854,1870,16
wolfssl/wolfssl,CVE-2020-11735,693,a5529b124db0de6ce3257f66180e93297ed925c5,True,False,wolfcrypt/src/tfm.c,"fp_add( fp_int * a , fp_int * b , fp_int * c)",62,89,18
wolfssl/wolfssl,CVE-2020-11735,693,a5529b124db0de6ce3257f66180e93297ed925c5,False,False,wolfcrypt/src/coding.c,Base64_Encode,314,317,4
wolfssl/wolfssl,CVE-2020-11735,693,a5529b124db0de6ce3257f66180e93297ed925c5,False,False,wolfcrypt/src/asn.c,MakeCert,5812,5816,5
wolfssl/wolfssl,CVE-2020-11735,693,a5529b124db0de6ce3257f66180e93297ed925c5,True,False,wolfcrypt/src/tfm.c,"fp_lcm( fp_int * a , fp_int * b , fp_int * c)",2329,2343,14
wolfssl/wolfssl,CVE-2020-11735,693,a5529b124db0de6ce3257f66180e93297ed925c5,False,False,wolfcrypt/src/asn.c,DecodeECC_DSA_Sig,6482,6500,14
wolfssl/wolfssl,CVE-2020-11735,693,a5529b124db0de6ce3257f66180e93297ed925c5,True,False,wolfcrypt/src/ecc.c,wc_ecc_fp_free_cache( void),3947,3963,17
wolfssl/wolfssl,CVE-2020-11735,693,a5529b124db0de6ce3257f66180e93297ed925c5,False,False,wolfcrypt/src/asn.c,NetSecure_ValidateDateHandler,368,420,44
wolfssl/wolfssl,CVE-2020-11735,693,a5529b124db0de6ce3257f66180e93297ed925c5,False,False,wolfcrypt/src/memory.c,wolfSSL_Malloc,67,82,11
wolfssl/wolfssl,CVE-2020-11735,693,a5529b124db0de6ce3257f66180e93297ed925c5,True,False,wolfcrypt/src/tfm.c,"fp_gcd( fp_int * a , fp_int * b , fp_int * c)",2348,2386,30
wolfssl/wolfssl,CVE-2020-11735,693,a5529b124db0de6ce3257f66180e93297ed925c5,True,False,wolfcrypt/src/tfm.c,"mp_add_d( fp_int * a , fp_digit b , fp_int * c)",2401,2405,5
wolfssl/wolfssl,CVE-2020-11735,693,a5529b124db0de6ce3257f66180e93297ed925c5,False,False,wolfcrypt/src/sha.c,"ShaHash( const byte * data , word32 len , byte * hash)",398,426,18
wolfssl/wolfssl,CVE-2020-11735,693,a5529b124db0de6ce3257f66180e93297ed925c5,False,False,wolfcrypt/src/asn.c,my_gmtime,254,270,14
wolfssl/wolfssl,CVE-2020-11735,693,a5529b124db0de6ce3257f66180e93297ed925c5,False,False,wolfcrypt/src/asn.c,DecodeOcspRespExtensions,6910,6968,44
wolfssl/wolfssl,CVE-2020-11735,693,a5529b124db0de6ce3257f66180e93297ed925c5,False,False,wolfcrypt/src/asn.c,ToTraditional,765,796,23
wolfssl/wolfssl,CVE-2020-11735,693,a5529b124db0de6ce3257f66180e93297ed925c5,False,False,wolfcrypt/src/asn.c,CheckAlgoV2,847,860,13
wolfssl/wolfssl,CVE-2020-11735,693,a5529b124db0de6ce3257f66180e93297ed925c5,True,False,wolfcrypt/src/ecc.c,get_digit_count( mp_int * a),189,195,6
wolfssl/wolfssl,CVE-2020-11735,693,a5529b124db0de6ce3257f66180e93297ed925c5,False,False,wolfcrypt/src/logging.c,,-1,-1,-1
wolfssl/wolfssl,CVE-2020-11735,693,a5529b124db0de6ce3257f66180e93297ed925c5,False,False,wolfcrypt/src/asn.c,EccPrivateKeyDecode,6503,6637,102
wolfssl/wolfssl,CVE-2020-11735,693,a5529b124db0de6ce3257f66180e93297ed925c5,True,False,wolfcrypt/src/tfm.c,"fp_montgomery_calc_normalization( fp_int * a , fp_int * b)",1498,1521,18
wolfssl/wolfssl,CVE-2020-11735,693,a5529b124db0de6ce3257f66180e93297ed925c5,False,False,wolfcrypt/src/asn.c,SetName,5345,5475,94
wolfssl/wolfssl,CVE-2020-11735,693,a5529b124db0de6ce3257f66180e93297ed925c5,False,False,wolfcrypt/src/asn.c,ToTraditionalEnc,1032,1175,92
wolfssl/wolfssl,CVE-2020-11735,693,a5529b124db0de6ce3257f66180e93297ed925c5,False,False,wolfcrypt/src/asn.c,ParseCert,4198,4230,29
wolfssl/wolfssl,CVE-2020-11735,693,a5529b124db0de6ce3257f66180e93297ed925c5,False,False,wolfcrypt/src/asn.c,EncodeCertReq,5904,5967,46
wolfssl/wolfssl,CVE-2020-11735,693,a5529b124db0de6ce3257f66180e93297ed925c5,True,False,wolfcrypt/src/tfm.c,"s_fp_sub( fp_int * a , fp_int * b , fp_int * c)",155,178,23
wolfssl/wolfssl,CVE-2020-11735,693,a5529b124db0de6ce3257f66180e93297ed925c5,True,False,wolfcrypt/src/ecc.c,"ecc_mulmod( mp_int * k , ecc_point * G , ecc_point * R , mp_int * modulus , int map)",1195,1338,111
wolfssl/wolfssl,CVE-2020-11735,693,a5529b124db0de6ce3257f66180e93297ed925c5,True,False,wolfcrypt/src/tfm.c,"fp_lshd( fp_int * a , int x)",1728,1750,13
wolfssl/wolfssl,CVE-2020-11735,693,a5529b124db0de6ce3257f66180e93297ed925c5,False,False,wolfcrypt/src/asn.c,GetKey,1687,1830,98
wolfssl/wolfssl,CVE-2020-11735,693,a5529b124db0de6ce3257f66180e93297ed925c5,False,False,wolfcrypt/src/memory.c,wolfSSL_Free,84,90,7
wolfssl/wolfssl,CVE-2020-11735,693,a5529b124db0de6ce3257f66180e93297ed925c5,False,False,wolfcrypt/src/sha256.c,"min( word32 a , word32 b)",60,63,4
wolfssl/wolfssl,CVE-2020-11735,693,a5529b124db0de6ce3257f66180e93297ed925c5,False,False,wolfcrypt/src/sha.c,,-1,-1,-1
wolfssl/wolfssl,CVE-2020-11735,693,a5529b124db0de6ce3257f66180e93297ed925c5,True,False,wolfcrypt/src/tfm.c,"fp_mul_2d( fp_int * a , int b , fp_int * c)",372,401,23
wolfssl/wolfssl,CVE-2020-11735,693,a5529b124db0de6ce3257f66180e93297ed925c5,True,False,wolfcrypt/src/ecc.c,"wc_wc_ecc_export_x963_ex( ecc_key * key , byte * out , word32 * outLen , int compressed)",2224,2234,8
wolfssl/wolfssl,CVE-2020-11735,693,a5529b124db0de6ce3257f66180e93297ed925c5,False,False,wolfcrypt/src/logging.c,cyassl_log,102,123,15
wolfssl/wolfssl,CVE-2020-11735,693,a5529b124db0de6ce3257f66180e93297ed925c5,True,False,wolfcrypt/src/tfm.c,"mp_montgomery_calc_normalization( mp_int * a , mp_int * b)",2029,2033,5
wolfssl/wolfssl,CVE-2020-11735,693,a5529b124db0de6ce3257f66180e93297ed925c5,False,False,wolfcrypt/src/sha256.c,"Sha256Final( Sha256 * sha256 , byte * hash)",228,285,33
wolfssl/wolfssl,CVE-2020-11735,693,a5529b124db0de6ce3257f66180e93297ed925c5,False,False,wolfcrypt/src/asn.c,GetOneName,5208,5238,23
wolfssl/wolfssl,CVE-2020-11735,693,a5529b124db0de6ce3257f66180e93297ed925c5,False,False,wolfcrypt/src/asn.c,SetIssuer,6336,6352,15
wolfssl/wolfssl,CVE-2020-11735,693,a5529b124db0de6ce3257f66180e93297ed925c5,False,False,wolfcrypt/src/asn.c,GetShortInt,525,546,16
wolfssl/wolfssl,CVE-2020-11735,693,a5529b124db0de6ce3257f66180e93297ed925c5,False,False,wolfcrypt/src/asn.c,GetSequence,469,483,12
wolfssl/wolfssl,CVE-2020-11735,693,a5529b124db0de6ce3257f66180e93297ed925c5,False,False,wolfcrypt/src/memory.c,wolfSSL_Realloc,92,102,9
wolfssl/wolfssl,CVE-2020-11735,693,a5529b124db0de6ce3257f66180e93297ed925c5,False,False,wolfcrypt/src/asn.c,DecodeResponseData,6971,7023,40
wolfssl/wolfssl,CVE-2020-11735,693,a5529b124db0de6ce3257f66180e93297ed925c5,True,False,wolfcrypt/src/tfm.c,"fp_cmp( fp_int * a , fp_int * b)",1401,1416,14
wolfssl/wolfssl,CVE-2020-11735,693,a5529b124db0de6ce3257f66180e93297ed925c5,False,False,wolfcrypt/src/asn.c,SetAlgoID,2667,2880,164
wolfssl/wolfssl,CVE-2020-11735,693,a5529b124db0de6ce3257f66180e93297ed925c5,True,False,wolfcrypt/src/ecc.c,"ecc_mulmod( mp_int * k , ecc_point * G , ecc_point * R , mp_int * modulus , int map)",980,1175,145
wolfssl/wolfssl,CVE-2020-11735,693,a5529b124db0de6ce3257f66180e93297ed925c5,False,False,wolfcrypt/src/asn.c,GetRsaInt,4595,4615,20
wolfssl/wolfssl,CVE-2020-11735,693,a5529b124db0de6ce3257f66180e93297ed925c5,False,False,wolfcrypt/src/asn.c,SetDatesBuffer,6422,6425,4
wolfssl/wolfssl,CVE-2020-11735,693,a5529b124db0de6ce3257f66180e93297ed925c5,False,False,wolfcrypt/src/asn.c,SetSubject,6356,6371,14
wolfssl/wolfssl,CVE-2020-11735,693,a5529b124db0de6ce3257f66180e93297ed925c5,False,False,wolfcrypt/src/asn.c,GetRevoked,7476,7543,47
wolfssl/wolfssl,CVE-2020-11735,693,a5529b124db0de6ce3257f66180e93297ed925c5,False,False,wolfcrypt/src/asn.c,DateLessThan,2335,2338,4
wolfssl/wolfssl,CVE-2020-11735,693,a5529b124db0de6ce3257f66180e93297ed925c5,False,False,wolfcrypt/src/asn.c,InitOcspResponse,7120,7139,19
wolfssl/wolfssl,CVE-2020-11735,693,a5529b124db0de6ce3257f66180e93297ed925c5,False,False,wolfcrypt/src/asn.c,DecodeAuthKeyId,3727,3767,32
wolfssl/wolfssl,CVE-2020-11735,693,a5529b124db0de6ce3257f66180e93297ed925c5,True,False,wolfcrypt/src/ecc.c,wc_ecc_sig_size( ecc_key * key),2533,2540,7
wolfssl/wolfssl,CVE-2020-11735,693,a5529b124db0de6ce3257f66180e93297ed925c5,True,False,wolfcrypt/src/ecc.c,"ecc_projective_dbl_point( ecc_point * P , ecc_point * R , mp_int * modulus , mp_digit * mp)",378,482,77
wolfssl/wolfssl,CVE-2020-11735,693,a5529b124db0de6ce3257f66180e93297ed925c5,False,False,wolfcrypt/src/coding.c,CEscape,152,223,60
wolfssl/wolfssl,CVE-2020-11735,693,a5529b124db0de6ce3257f66180e93297ed925c5,True,False,wolfcrypt/src/tfm.c,mp_cnt_lsb( fp_int * a),2521,2525,5
wolfssl/wolfssl,CVE-2020-11735,693,a5529b124db0de6ce3257f66180e93297ed925c5,False,False,wolfcrypt/src/asn.c,FreeSignerTable,4407,4420,13
wolfssl/wolfssl,CVE-2020-11735,693,a5529b124db0de6ce3257f66180e93297ed925c5,False,False,wolfssl/wolfcrypt/hmac.h,,-1,-1,-1
wolfssl/wolfssl,CVE-2020-11735,693,a5529b124db0de6ce3257f66180e93297ed925c5,False,False,wolfcrypt/src/rsa.c,wc_RsaSSL_Sign,70,74,5
wolfssl/wolfssl,CVE-2020-11735,693,a5529b124db0de6ce3257f66180e93297ed925c5,False,False,wolfcrypt/src/asn.c,MakeAnyCert,5775,5808,21
wolfssl/wolfssl,CVE-2020-11735,693,a5529b124db0de6ce3257f66180e93297ed925c5,False,False,wolfcrypt/src/asn.c,SetNameFromCert,6240,6330,77
wolfssl/wolfssl,CVE-2020-11735,693,a5529b124db0de6ce3257f66180e93297ed925c5,False,False,wolfcrypt/src/memory.c,wolfSSL_SetAllocators,42,64,19
wolfssl/wolfssl,CVE-2020-11735,693,a5529b124db0de6ce3257f66180e93297ed925c5,False,False,wolfcrypt/src/asn.c,SetAltNames,6377,6392,14
wolfssl/wolfssl,CVE-2020-11735,693,a5529b124db0de6ce3257f66180e93297ed925c5,True,False,wolfcrypt/src/tfm.c,"fp_2expt( fp_int * a , int b)",1194,1215,14
wolfssl/wolfssl,CVE-2020-11735,693,a5529b124db0de6ce3257f66180e93297ed925c5,False,False,wolfcrypt/src/asn.c,SetSequence,2560,2564,5
wolfssl/wolfssl,CVE-2020-11735,693,a5529b124db0de6ce3257f66180e93297ed925c5,True,False,wolfcrypt/src/tfm.c,"mp_mul( mp_int * a , mp_int * b , mp_int * c)",1887,1891,5
wolfssl/wolfssl,CVE-2020-11735,693,a5529b124db0de6ce3257f66180e93297ed925c5,False,False,wolfcrypt/src/asn.c,GetCaviumInt,673,700,22
wolfssl/wolfssl,CVE-2020-11735,693,a5529b124db0de6ce3257f66180e93297ed925c5,False,False,wolfcrypt/src/sha256.c,"Transform( Sha256 * sha256 , byte * buf)",93,98,5
wolfssl/wolfssl,CVE-2020-11735,693,a5529b124db0de6ce3257f66180e93297ed925c5,True,False,wolfcrypt/src/ecc.c,"ecc_ctx_init( ecEncCtx * ctx , int flags)",4137,4152,14
wolfssl/wolfssl,CVE-2020-11735,693,a5529b124db0de6ce3257f66180e93297ed925c5,False,False,wolfcrypt/src/asn.c,GetCertHeader,1595,1645,33
wolfssl/wolfssl,CVE-2020-11735,693,a5529b124db0de6ce3257f66180e93297ed925c5,False,False,wolfcrypt/src/asn.c,SetImplicit,2579,2585,6
wolfssl/wolfssl,CVE-2020-11735,693,a5529b124db0de6ce3257f66180e93297ed925c5,False,False,wolfcrypt/src/asn.c,MakeSelfCert,6074,6082,7
wolfssl/wolfssl,CVE-2020-11735,693,a5529b124db0de6ce3257f66180e93297ed925c5,False,False,wolfcrypt/src/memory.c,XREALLOC,146,165,17
wolfssl/wolfssl,CVE-2020-11735,693,a5529b124db0de6ce3257f66180e93297ed925c5,False,False,wolfcrypt/src/asn.c,SetLength,2541,2557,14
wolfssl/wolfssl,CVE-2020-11735,693,a5529b124db0de6ce3257f66180e93297ed925c5,True,False,wolfcrypt/src/ecc.c,"ecc_projective_add_point( ecc_point * P , ecc_point * Q , ecc_point * R , mp_int * modulus , mp_digit * mp)",495,733,182
wolfssl/wolfssl,CVE-2020-11735,693,a5529b124db0de6ce3257f66180e93297ed925c5,True,False,wolfcrypt/src/tfm.c,CheckRunTimeSettings( void),47,50,4
wolfssl/wolfssl,CVE-2020-11735,693,a5529b124db0de6ce3257f66180e93297ed925c5,True,False,wolfcrypt/src/tfm.c,"fp_sub( fp_int * a , fp_int * b , fp_int * c)",120,152,18
wolfssl/wolfssl,CVE-2020-11735,693,a5529b124db0de6ce3257f66180e93297ed925c5,True,False,wolfcrypt/src/tfm.c,"fp_exptmod( fp_int * G , fp_int * X , fp_int * P , fp_int * Y)",1160,1191,24
wolfssl/wolfssl,CVE-2020-11735,693,a5529b124db0de6ce3257f66180e93297ed925c5,False,False,wolfcrypt/src/asn.c,SetUTF8String,4824,4828,5
wolfssl/wolfssl,CVE-2020-11735,693,a5529b124db0de6ce3257f66180e93297ed925c5,False,False,wolfcrypt/src/asn.c,DecodeSubtree,3885,3938,42
wolfssl/wolfssl,CVE-2020-11735,693,a5529b124db0de6ce3257f66180e93297ed925c5,True,False,wolfcrypt/src/tfm.c,"fp_montgomery_reduce( fp_int * a , fp_int * m , fp_digit mp)",1529,1605,55
wolfssl/wolfssl,CVE-2020-11735,693,a5529b124db0de6ce3257f66180e93297ed925c5,False,False,wolfcrypt/src/asn.c,SetExplicit,2587,2591,5
wolfssl/wolfssl,CVE-2020-11735,693,a5529b124db0de6ce3257f66180e93297ed925c5,False,False,wolfcrypt/src/asn.c,FreeAltNames,1535,1546,10
wolfssl/wolfssl,CVE-2020-11735,693,a5529b124db0de6ce3257f66180e93297ed925c5,False,False,wolfcrypt/src/sha.c,Transform( Sha * sha),232,305,55
wolfssl/wolfssl,CVE-2020-11735,693,a5529b124db0de6ce3257f66180e93297ed925c5,True,False,wolfcrypt/src/tfm.c,"_fp_exptmod( fp_int * G , fp_int * X , fp_int * P , fp_int * Y)",936,995,37
wolfssl/wolfssl,CVE-2020-11735,693,a5529b124db0de6ce3257f66180e93297ed925c5,True,False,wolfcrypt/src/tfm.c,"mp_exptmod( mp_int * G , mp_int * X , mp_int * P , mp_int * Y)",1916,1919,4
wolfssl/wolfssl,CVE-2020-11735,693,a5529b124db0de6ce3257f66180e93297ed925c5,True,False,wolfcrypt/src/ecc.c,ecc_del_point( ecc_point * p),1365,1374,9
wolfssl/wolfssl,CVE-2020-11735,693,a5529b124db0de6ce3257f66180e93297ed925c5,True,False,wolfcrypt/src/tfm.c,"_fp_exptmod( fp_int * G , fp_int * X , fp_int * P , fp_int * Y)",1002,1156,91
wolfssl/wolfssl,CVE-2020-11735,693,a5529b124db0de6ce3257f66180e93297ed925c5,False,False,wolfcrypt/src/asn.c,DecodeNameConstraints,3941,3977,29
wolfssl/wolfssl,CVE-2020-11735,693,a5529b124db0de6ce3257f66180e93297ed925c5,True,False,wolfcrypt/src/ecc.c,"wc_ecc_export_x963_compressed( ecc_key * key , byte * out , word32 * outLen)",4784,4811,21
wolfssl/wolfssl,CVE-2020-11735,693,a5529b124db0de6ce3257f66180e93297ed925c5,False,False,wolfcrypt/src/hmac.c,wc_wolfSSL_GetHmacMaxSize,70,73,4
wolfssl/wolfssl,CVE-2020-11735,693,a5529b124db0de6ce3257f66180e93297ed925c5,True,False,wolfcrypt/src/tfm.c,"mp_rshb( mp_int * a , int x)",1997,2000,4
wolfssl/wolfssl,CVE-2020-11735,693,a5529b124db0de6ce3257f66180e93297ed925c5,False,False,wolfcrypt/src/asn.c,DecodeToKey,2456,2492,25
wolfssl/wolfssl,CVE-2020-11735,693,a5529b124db0de6ce3257f66180e93297ed925c5,False,False,wolfcrypt/src/asn.c,RsaPrivateKeyDecode,732,760,21
wolfssl/wolfssl,CVE-2020-11735,693,a5529b124db0de6ce3257f66180e93297ed925c5,True,False,wolfcrypt/src/ecc.c,"add_entry( int idx , ecc_point * g)",3168,3204,30
wolfssl/wolfssl,CVE-2020-11735,693,a5529b124db0de6ce3257f66180e93297ed925c5,True,False,wolfcrypt/src/tfm.c,mp_clear( mp_int * a),1848,1851,4
wolfssl/wolfssl,CVE-2020-11735,693,a5529b124db0de6ce3257f66180e93297ed925c5,False,False,wolfcrypt/src/asn.c,RsaPublicKeyDecodeRaw,1245,1273,23
wolfssl/wolfssl,CVE-2020-11735,693,a5529b124db0de6ce3257f66180e93297ed925c5,False,False,wolfcrypt/src/asn.c,GetNameHash,7405,7441,26
wolfssl/wolfssl,CVE-2020-11735,693,a5529b124db0de6ce3257f66180e93297ed925c5,True,False,wolfcrypt/src/ecc.c,"wc_ecc_rs_to_sig( const char * r , const char * s , byte * out , word32 * outlen)",2419,2449,23
wolfssl/wolfssl,CVE-2020-11735,693,a5529b124db0de6ce3257f66180e93297ed925c5,True,False,wolfcrypt/src/tfm.c,"fp_mul( fp_int * A , fp_int * B , fp_int * C)",181,292,71
wolfssl/wolfssl,CVE-2020-11735,693,a5529b124db0de6ce3257f66180e93297ed925c5,True,False,wolfcrypt/src/tfm.c,,-1,-1,-1
wolfssl/wolfssl,CVE-2020-11735,693,a5529b124db0de6ce3257f66180e93297ed925c5,True,False,wolfcrypt/src/ecc.c,wc_ecc_free( ecc_key * key),1715,1724,9
wolfssl/wolfssl,CVE-2020-11735,693,a5529b124db0de6ce3257f66180e93297ed925c5,False,False,wolfcrypt/src/asn.c,FreeTmpRsas,4619,4627,7
wolfssl/wolfssl,CVE-2020-11735,693,a5529b124db0de6ce3257f66180e93297ed925c5,False,False,wolfcrypt/src/asn.c,CopyValidity,5122,5134,10
wolfssl/wolfssl,CVE-2020-11735,693,a5529b124db0de6ce3257f66180e93297ed925c5,False,False,wolfcrypt/src/asn.c,SignCert,6037,6071,22
wolfssl/wolfssl,CVE-2020-11735,693,a5529b124db0de6ce3257f66180e93297ed925c5,True,False,wolfcrypt/src/tfm.c,"mp_read_unsigned_bin( mp_int * a , const unsigned char * b , int c)",1947,1951,5
wolfssl/wolfssl,CVE-2020-11735,693,a5529b124db0de6ce3257f66180e93297ed925c5,False,False,wolfcrypt/src/asn.c,GetLength,425,466,34
wolfssl/wolfssl,CVE-2020-11735,693,a5529b124db0de6ce3257f66180e93297ed925c5,False,False,wolfcrypt/src/asn.c,EncodeOcspRequest,7246,7315,60
wolfssl/wolfssl,CVE-2020-11735,693,a5529b124db0de6ce3257f66180e93297ed925c5,True,False,wolfcrypt/src/ecc.c,"wc_ecc_verify_hash( const byte * sig , word32 siglen , const byte * hash , word32 hashlen , int * stat , ecc_key * key)",1986,2151,109
wolfssl/wolfssl,CVE-2020-11735,693,a5529b124db0de6ce3257f66180e93297ed925c5,True,False,wolfcrypt/src/tfm.c,"mp_gcd( fp_int * a , fp_int * b , fp_int * c)",2177,2181,5
wolfssl/wolfssl,CVE-2020-11735,693,a5529b124db0de6ce3257f66180e93297ed925c5,True,False,wolfcrypt/src/ecc.c,"wc_ecc_ctx_reset( ecEncCtx * ctx , RNG * rng)",4156,4163,7
wolfssl/wolfssl,CVE-2020-11735,693,a5529b124db0de6ce3257f66180e93297ed925c5,True,False,wolfcrypt/src/ecc.c,"build_lut( int idx , mp_int * modulus , mp_digit * mp , mp_int * mu)",3211,3344,97
wolfssl/wolfssl,CVE-2020-11735,693,a5529b124db0de6ce3257f66180e93297ed925c5,True,False,wolfcrypt/src/tfm.c,"s_fp_add( fp_int * a , fp_int * b , fp_int * c)",92,117,23
wolfssl/wolfssl,CVE-2020-11735,693,a5529b124db0de6ce3257f66180e93297ed925c5,False,False,wolfcrypt/src/asn.c,DsaPrivateKeyDecode,1398,1417,16
wolfssl/wolfssl,CVE-2020-11735,693,a5529b124db0de6ce3257f66180e93297ed925c5,True,False,wolfcrypt/src/tfm.c,"mp_mulmod( mp_int * a , mp_int * b , mp_int * c , mp_int * d)",1894,1897,4
wolfssl/wolfssl,CVE-2020-11735,693,a5529b124db0de6ce3257f66180e93297ed925c5,True,False,wolfcrypt/src/tfm.c,"fp_sqr_comba( fp_int * A , fp_int * B)",1322,1399,44
wolfssl/wolfssl,CVE-2020-11735,693,a5529b124db0de6ce3257f66180e93297ed925c5,False,False,wolfcrypt/src/coding.c,Base64_EncodeEsc,321,324,4
wolfssl/wolfssl,CVE-2020-11735,693,a5529b124db0de6ce3257f66180e93297ed925c5,False,False,wolfcrypt/src/sha256.c,"AddLength( Sha256 * sha256 , word32 len)",186,191,6
wolfssl/wolfssl,CVE-2020-11735,693,a5529b124db0de6ce3257f66180e93297ed925c5,False,False,wolfcrypt/src/asn.c,DecodeKeyUsage,3808,3836,24
wolfssl/wolfssl,CVE-2020-11735,693,a5529b124db0de6ce3257f66180e93297ed925c5,False,False,wolfcrypt/src/asn.c,SetCurve,2596,2662,54
wolfssl/wolfssl,CVE-2020-11735,693,a5529b124db0de6ce3257f66180e93297ed925c5,False,False,wolfcrypt/src/asn.c,SetExtensions,5308,5329,19
wolfssl/wolfssl,CVE-2020-11735,693,a5529b124db0de6ce3257f66180e93297ed925c5,True,False,wolfcrypt/src/ecc.c,ecc_is_valid_idx( int n),1381,1393,10
wolfssl/wolfssl,CVE-2020-11735,693,a5529b124db0de6ce3257f66180e93297ed925c5,False,False,wolfcrypt/src/asn.c,SetSet,2573,2577,5
wolfssl/wolfssl,CVE-2020-11735,693,a5529b124db0de6ce3257f66180e93297ed925c5,False,False,wolfcrypt/src/random.c,,-1,-1,-1
wolfssl/wolfssl,CVE-2020-11735,693,a5529b124db0de6ce3257f66180e93297ed925c5,True,False,wolfcrypt/src/tfm.c,"fp_invmod_slow( fp_int * a , fp_int * b , fp_int * c)",728,831,64
wolfssl/wolfssl,CVE-2020-11735,693,a5529b124db0de6ce3257f66180e93297ed925c5,False,False,wolfcrypt/src/logging.c,CYASSL_ERROR,153,160,8
wolfssl/wolfssl,CVE-2020-11735,693,a5529b124db0de6ce3257f66180e93297ed925c5,True,False,wolfcrypt/src/ecc.c,"mp_jacobi( mp_int * a , mp_int * p , int * c)",4543,4624,56
wolfssl/wolfssl,CVE-2020-11735,693,a5529b124db0de6ce3257f66180e93297ed925c5,False,False,wolfcrypt/src/asn.c,DecryptKey,864,1027,117
wolfssl/wolfssl,CVE-2020-11735,693,a5529b124db0de6ce3257f66180e93297ed925c5,False,False,wolfcrypt/src/asn.c,MakeSignature,5650,5743,65
wolfssl/wolfssl,CVE-2020-11735,693,a5529b124db0de6ce3257f66180e93297ed925c5,False,False,wolfcrypt/src/asn.c,SetSerial,4834,4843,8
wolfssl/wolfssl,CVE-2020-11735,693,a5529b124db0de6ce3257f66180e93297ed925c5,True,False,wolfcrypt/src/tfm.c,mp_unsigned_bin_size( mp_int * a),1934,1937,4
wolfssl/wolfssl,CVE-2020-11735,693,a5529b124db0de6ce3257f66180e93297ed925c5,False,False,wolfcrypt/src/asn.c,DecodeAltNames,3351,3538,148
wolfssl/wolfssl,CVE-2020-11735,693,a5529b124db0de6ce3257f66180e93297ed925c5,False,False,wolfcrypt/src/asn.c,mqx_time,308,320,10
wolfssl/wolfssl,CVE-2020-11735,693,a5529b124db0de6ce3257f66180e93297ed925c5,True,False,wolfcrypt/src/tfm.c,"mp_prime_is_prime( mp_int * a , int t , int * result)",2191,2196,6
wolfssl/wolfssl,CVE-2020-11735,693,a5529b124db0de6ce3257f66180e93297ed925c5,False,False,wolfcrypt/src/asn.c,ParseCertRelative,4246,4363,86
wolfssl/wolfssl,CVE-2020-11735,693,a5529b124db0de6ce3257f66180e93297ed925c5,False,False,wolfcrypt/src/asn.c,RsaPublicKeyDecode,1181,1243,42
wolfssl/wolfssl,CVE-2020-11735,693,a5529b124db0de6ce3257f66180e93297ed925c5,True,False,wolfcrypt/src/tfm.c,"mp_mod_d( fp_int * a , fp_digit b , fp_digit * c)",2164,2167,4
wolfssl/wolfssl,CVE-2020-11735,693,a5529b124db0de6ce3257f66180e93297ed925c5,False,False,wolfcrypt/src/sha.c,"ShaUpdate( Sha * sha , const byte * data , word32 len)",318,342,18
wolfssl/wolfssl,CVE-2020-11735,693,a5529b124db0de6ce3257f66180e93297ed925c5,False,False,wolfcrypt/src/asn.c,SetOcspReqExtensions,7193,7243,41
wolfssl/wolfssl,CVE-2020-11735,693,a5529b124db0de6ce3257f66180e93297ed925c5,False,False,wolfcrypt/src/logging.c,CYASSL_MSG,126,130,5
wolfssl/wolfssl,CVE-2020-11735,693,a5529b124db0de6ce3257f66180e93297ed925c5,False,False,wolfcrypt/src/asn.c,ConfirmNameConstraints,3247,3346,84
wolfssl/wolfssl,CVE-2020-11735,693,a5529b124db0de6ce3257f66180e93297ed925c5,True,False,wolfcrypt/src/tfm.c,"mp_sub( mp_int * a , mp_int * b , mp_int * c)",1880,1884,5
wolfssl/wolfssl,CVE-2020-11735,693,a5529b124db0de6ce3257f66180e93297ed925c5,False,False,wolfcrypt/src/asn.c,SetIssuerBuffer,6399,6403,5
wolfssl/wolfssl,CVE-2020-11735,693,a5529b124db0de6ce3257f66180e93297ed925c5,True,False,wolfcrypt/src/tfm.c,fp_unsigned_bin_size( fp_int * a),1674,1678,5
wolfssl/wolfssl,CVE-2020-11735,693,a5529b124db0de6ce3257f66180e93297ed925c5,True,False,wolfcrypt/src/tfm.c,"fp_div_2( fp_int * a , fp_int * b)",603,639,23
wolfssl/wolfssl,CVE-2020-11735,693,a5529b124db0de6ce3257f66180e93297ed925c5,False,False,wolfcrypt/src/sha.c,"ShaFinal( Sha * sha , byte * hash)",345,393,27
wolfssl/wolfssl,CVE-2020-11735,693,a5529b124db0de6ce3257f66180e93297ed925c5,True,False,wolfcrypt/src/tfm.c,"mp_montgomery_reduce( fp_int * a , fp_int * m , fp_digit mp)",2492,2496,5
wolfssl/wolfssl,CVE-2020-11735,693,a5529b124db0de6ce3257f66180e93297ed925c5,False,False,wolfcrypt/src/asn.c,SetDigest,2520,2527,7
wolfssl/wolfssl,CVE-2020-11735,693,a5529b124db0de6ce3257f66180e93297ed925c5,False,False,wolfcrypt/src/asn.c,EncodeSignature,2883,2899,14
wolfssl/wolfssl,CVE-2020-11735,693,a5529b124db0de6ce3257f66180e93297ed925c5,True,False,wolfcrypt/src/tfm.c,"fp_sqr( fp_int * A , fp_int * B)",1218,1319,69
wolfssl/wolfssl,CVE-2020-11735,693,a5529b124db0de6ce3257f66180e93297ed925c5,False,False,wolfcrypt/src/asn.c,DhSetKey,1292,1324,27
wolfssl/wolfssl,CVE-2020-11735,693,a5529b124db0de6ce3257f66180e93297ed925c5,True,False,wolfcrypt/src/ecc.c,wc_ecc_fp_free( void),3966,3985,13
wolfssl/wolfssl,CVE-2020-11735,693,a5529b124db0de6ce3257f66180e93297ed925c5,True,False,wolfcrypt/src/ecc.c,find_base( ecc_point * g),3150,3165,16
wolfssl/wolfssl,CVE-2020-11735,693,a5529b124db0de6ce3257f66180e93297ed925c5,True,False,wolfcrypt/src/tfm.c,fp_cnt_lsb( fp_int * a),2045,2069,19
wolfssl/wolfssl,CVE-2020-11735,693,a5529b124db0de6ce3257f66180e93297ed925c5,True,False,wolfcrypt/src/tfm.c,mp_isodd( mp_int * a),1970,1973,4
wolfssl/wolfssl,CVE-2020-11735,693,a5529b124db0de6ce3257f66180e93297ed925c5,True,False,wolfcrypt/src/tfm.c,"fp_reverse( unsigned char * s , int len)",1811,1825,14
wolfssl/wolfssl,CVE-2020-11735,693,a5529b124db0de6ce3257f66180e93297ed925c5,True,False,wolfcrypt/src/ecc.c,"ecc_get_key_sizes( ecEncCtx * ctx , int * encKeySz , int * ivSz , int * keysLen , word32 * digestSz , word32 * blockSz)",4195,4222,25
wolfssl/wolfssl,CVE-2020-11735,693,a5529b124db0de6ce3257f66180e93297ed925c5,True,False,wolfcrypt/src/ecc.c,"wc_ecc_shared_secret( ecc_key * private_key , ecc_key * public_key , byte * out , word32 * outlen)",1405,1462,44
wolfssl/wolfssl,CVE-2020-11735,693,a5529b124db0de6ce3257f66180e93297ed925c5,False,False,wolfcrypt/src/asn.c,mqx_gmtime,323,328,5
wolfssl/wolfssl,CVE-2020-11735,693,a5529b124db0de6ce3257f66180e93297ed925c5,True,False,wolfcrypt/src/tfm.c,"mp_sqr( fp_int * A , fp_int * B)",2485,2489,5
wolfssl/wolfssl,CVE-2020-11735,693,a5529b124db0de6ce3257f66180e93297ed925c5,False,False,wolfcrypt/src/asn.c,DecodeCertExtensions,4026,4195,117
wolfssl/wolfssl,CVE-2020-11735,693,a5529b124db0de6ce3257f66180e93297ed925c5,True,False,wolfcrypt/src/ecc.c,"wc_ecc_import_raw( ecc_key * key , const char * qx , const char * qy , const char * d , const char * curveName)",2460,2519,45
wolfssl/wolfssl,CVE-2020-11735,693,a5529b124db0de6ce3257f66180e93297ed925c5,True,False,wolfcrypt/src/tfm.c,"fp_mod_d( fp_int * a , fp_digit b , fp_digit * c)",2159,2162,4
wolfssl/wolfssl,CVE-2020-11735,693,a5529b124db0de6ce3257f66180e93297ed925c5,False,False,wolfcrypt/src/asn.c,XTIME,334,344,8
wolfssl/wolfssl,CVE-2020-11735,693,a5529b124db0de6ce3257f66180e93297ed925c5,True,False,wolfcrypt/src/ecc.c,"get_digit( mp_int * a , int n)",198,204,6
wolfssl/wolfssl,CVE-2020-11735,693,a5529b124db0de6ce3257f66180e93297ed925c5,False,False,wolfcrypt/src/asn.c,GetEnumerated,6764,6787,17
wolfssl/wolfssl,CVE-2020-11735,693,a5529b124db0de6ce3257f66180e93297ed925c5,True,False,wolfcrypt/src/ecc.c,"wc_ecc_import_private_key( const byte * priv , word32 privSz , const byte * pub , word32 pubSz , ecc_key * key)",2399,2409,9
wolfssl/wolfssl,CVE-2020-11735,693,a5529b124db0de6ce3257f66180e93297ed925c5,False,False,wolfcrypt/src/asn.c,GetSignature,2495,2517,17
wolfssl/wolfssl,CVE-2020-11735,693,a5529b124db0de6ce3257f66180e93297ed925c5,False,False,wolfcrypt/src/asn.c,GetAlgoId,624,666,30
wolfssl/wolfssl,CVE-2020-11735,693,a5529b124db0de6ce3257f66180e93297ed925c5,False,False,wolfcrypt/src/asn.c,InitCert,4735,4786,45
wolfssl/wolfssl,CVE-2020-11735,693,a5529b124db0de6ce3257f66180e93297ed925c5,False,False,wolfcrypt/src/memory.c,XMALLOC,125,144,17
wolfssl/wolfssl,CVE-2020-11735,693,a5529b124db0de6ce3257f66180e93297ed925c5,True,False,wolfcrypt/src/tfm.c,"fp_sqrmod( fp_int * a , fp_int * b , fp_int * c)",2014,2020,7
wolfssl/wolfssl,CVE-2020-11735,693,a5529b124db0de6ce3257f66180e93297ed925c5,True,False,wolfcrypt/src/tfm.c,"fp_mul_comba( fp_int * A , fp_int * B , fp_int * C)",404,457,36
wolfssl/wolfssl,CVE-2020-11735,693,a5529b124db0de6ce3257f66180e93297ed925c5,False,False,wolfcrypt/src/logging.c,CyaSSL_Debugging_ON,71,79,6
wolfssl/wolfssl,CVE-2020-11735,693,a5529b124db0de6ce3257f66180e93297ed925c5,False,False,wolfcrypt/src/logging.c,CYASSL_ENTER,133,140,8
wolfssl/wolfssl,CVE-2020-11735,693,a5529b124db0de6ce3257f66180e93297ed925c5,False,False,wolfcrypt/src/asn.c,itob,5084,5087,4
wolfssl/wolfssl,CVE-2020-11735,693,a5529b124db0de6ce3257f66180e93297ed925c5,False,False,wolfcrypt/src/asn.c,FreeNameSubtrees,1550,1561,10
wolfssl/wolfssl,CVE-2020-11735,693,a5529b124db0de6ce3257f66180e93297ed925c5,False,False,wolfcrypt/src/coding.c,DoBase64_Encode,227,310,61
wolfssl/wolfssl,CVE-2020-11735,693,a5529b124db0de6ce3257f66180e93297ed925c5,False,False,wolfcrypt/src/asn.c,DhKeyDecode,1279,1290,9
wolfssl/wolfssl,CVE-2020-11735,693,a5529b124db0de6ce3257f66180e93297ed925c5,False,False,wolfcrypt/src/asn.c,BytePrecision,2530,2538,8
wolfssl/wolfssl,CVE-2020-11735,693,a5529b124db0de6ce3257f66180e93297ed925c5,True,False,wolfcrypt/src/ecc.c,"wc_ecc_import_x963( const byte * in , word32 inLen , ecc_key * key)",2238,2370,89
wolfssl/wolfssl,CVE-2020-11735,693,a5529b124db0de6ce3257f66180e93297ed925c5,False,False,wolfcrypt/src/asn.c,DecodeCerts,7026,7050,19
wolfssl/wolfssl,CVE-2020-11735,693,a5529b124db0de6ce3257f66180e93297ed925c5,False,False,wolfcrypt/src/sha.c,"ShaUpdate( Sha * sha , const byte * data , word32 len)",94,140,35
wolfssl/wolfssl,CVE-2020-11735,693,a5529b124db0de6ce3257f66180e93297ed925c5,False,False,wolfcrypt/src/sha.c,InitSha( Sha * sha),190,207,13
wolfssl/wolfssl,CVE-2020-11735,693,a5529b124db0de6ce3257f66180e93297ed925c5,True,False,wolfcrypt/src/tfm.c,"mp_init_copy( fp_int * a , fp_int * b)",2512,2516,5
wolfssl/wolfssl,CVE-2020-11735,693,a5529b124db0de6ce3257f66180e93297ed925c5,True,False,wolfcrypt/src/tfm.c,"fp_sub_d( fp_int * a , fp_digit b , fp_int * c)",1829,1834,6
wolfssl/wolfssl,CVE-2020-11735,693,a5529b124db0de6ce3257f66180e93297ed925c5,True,False,wolfcrypt/src/ecc.c,"ecc_mul2add( ecc_point * A , mp_int * kA , ecc_point * B , mp_int * kB , ecc_point * C , mp_int * modulus)",1749,1959,154
wolfssl/wolfssl,CVE-2020-11735,693,a5529b124db0de6ce3257f66180e93297ed925c5,True,False,wolfcrypt/src/tfm.c,"mp_div_2d( fp_int * a , int b , fp_int * c , fp_int * d)",2527,2531,5
wolfssl/wolfssl,CVE-2020-11735,693,a5529b124db0de6ce3257f66180e93297ed925c5,False,False,wolfcrypt/src/asn.c,SetMyVersion,4423,4436,12
wolfssl/wolfssl,CVE-2020-11735,693,a5529b124db0de6ce3257f66180e93297ed925c5,True,False,wolfcrypt/src/tfm.c,"mp_set_int( fp_int * a , fp_digit b)",2004,2008,5
wolfssl/wolfssl,CVE-2020-11735,693,a5529b124db0de6ce3257f66180e93297ed925c5,False,False,wolfcrypt/src/asn.c,SetCa,5333,5341,7
wolfssl/wolfssl,CVE-2020-11735,693,a5529b124db0de6ce3257f66180e93297ed925c5,False,False,wolfcrypt/src/logging.c,CyaSSL_SetLoggingCb,53,68,11
wolfssl/wolfssl,CVE-2020-11735,693,a5529b124db0de6ce3257f66180e93297ed925c5,True,False,wolfcrypt/src/tfm.c,"fp_div( fp_int * a , fp_int * b , fp_int * c , fp_int * d)",460,600,92
wolfssl/wolfssl,CVE-2020-11735,693,a5529b124db0de6ce3257f66180e93297ed925c5,False,False,wolfcrypt/src/asn.c,DecodeExtKeyUsage,3839,3881,32
wolfssl/wolfssl,CVE-2020-11735,693,a5529b124db0de6ce3257f66180e93297ed925c5,True,False,wolfcrypt/src/tfm.c,CheckRunTimeFastMath( void),54,57,4
wolfssl/wolfssl,CVE-2020-11735,693,a5529b124db0de6ce3257f66180e93297ed925c5,True,False,wolfcrypt/src/ecc.c,"ecc_ctx_set_salt( ecEncCtx * ctx , int flags , RNG * rng)",4124,4134,8
wolfssl/wolfssl,CVE-2020-11735,693,a5529b124db0de6ce3257f66180e93297ed925c5,True,False,wolfcrypt/src/ecc.c,wc_ecc_ctx_free( ecEncCtx * ctx),4186,4192,7
wolfssl/wolfssl,CVE-2020-11735,693,a5529b124db0de6ce3257f66180e93297ed925c5,True,False,wolfcrypt/src/tfm.c,"mp_cmp( mp_int * a , mp_int * b)",1922,1925,4
wolfssl/wolfssl,CVE-2020-11735,693,a5529b124db0de6ce3257f66180e93297ed925c5,True,False,wolfcrypt/src/ecc.c,wc_ecc_ctx_get_own_salt( ecEncCtx * ctx),4030,4057,26
wolfssl/wolfssl,CVE-2020-11735,693,a5529b124db0de6ce3257f66180e93297ed925c5,True,False,wolfcrypt/src/ecc.c,"accel_fp_mul2add( int idx1 , int idx2 , mp_int * kA , mp_int * kB , ecc_point * R , mp_int * modulus , mp_digit * mp)",3498,3734,183
wolfssl/wolfssl,CVE-2020-11735,693,a5529b124db0de6ce3257f66180e93297ed925c5,False,False,wolfcrypt/src/asn.c,GetInt,568,596,23
wolfssl/wolfssl,CVE-2020-11735,693,a5529b124db0de6ce3257f66180e93297ed925c5,False,False,wolfcrypt/src/asn.c,min,4718,4721,4
wolfssl/wolfssl,CVE-2020-11735,693,a5529b124db0de6ce3257f66180e93297ed925c5,False,False,wolfcrypt/src/coding.c,Base64_Decode,56,133,67
wolfssl/wolfssl,CVE-2020-11735,693,a5529b124db0de6ce3257f66180e93297ed925c5,False,False,wolfcrypt/src/memory.c,XFREE,169,180,9
wolfssl/wolfssl,CVE-2020-11735,693,a5529b124db0de6ce3257f66180e93297ed925c5,True,False,wolfcrypt/src/tfm.c,"fp_to_unsigned_bin( fp_int * a , unsigned char * b)",1659,1672,12
wolfssl/wolfssl,CVE-2020-11735,693,a5529b124db0de6ce3257f66180e93297ed925c5,True,False,wolfcrypt/src/tfm.c,"fp_div_d( fp_int * a , fp_digit b , fp_int * c , fp_digit * d)",2093,2155,50
wolfssl/wolfssl,CVE-2020-11735,693,a5529b124db0de6ce3257f66180e93297ed925c5,True,False,wolfcrypt/src/tfm.c,"fp_mulmod( fp_int * a , fp_int * b , fp_int * c , fp_int * d)",922,928,7
wolfssl/wolfssl,CVE-2020-11735,693,a5529b124db0de6ce3257f66180e93297ed925c5,False,False,wolfcrypt/src/asn.c,RsaKeyToDer,4632,4708,61
wolfssl/wolfssl,CVE-2020-11735,693,a5529b124db0de6ce3257f66180e93297ed925c5,False,False,wolfcrypt/src/asn.c,InitDecodedCRL,7447,7457,10
wolfssl/wolfssl,CVE-2020-11735,693,a5529b124db0de6ce3257f66180e93297ed925c5,True,False,wolfcrypt/src/tfm.c,"fp_rshb( fp_int * c , int x)",1754,1782,16
wolfssl/wolfssl,CVE-2020-11735,693,a5529b124db0de6ce3257f66180e93297ed925c5,False,False,wolfcrypt/src/sha256.c,"Sha256Hash( const byte * data , word32 len , byte * hash)",288,318,20
wolfssl/wolfssl,CVE-2020-11735,693,a5529b124db0de6ce3257f66180e93297ed925c5,True,False,wolfcrypt/src/ecc.c,wc_ecc_init( ecc_key * key),1594,1604,8
wolfssl/wolfssl,CVE-2020-11735,693,a5529b124db0de6ce3257f66180e93297ed925c5,False,False,wolfcrypt/src/asn.c,MatchBaseName,3185,3244,45
wolfssl/wolfssl,CVE-2020-11735,693,a5529b124db0de6ce3257f66180e93297ed925c5,True,False,wolfcrypt/src/tfm.c,"fp_mul_d( fp_int * a , fp_digit b , fp_int * c)",347,369,22
wolfssl/wolfssl,CVE-2020-11735,693,a5529b124db0de6ce3257f66180e93297ed925c5,True,False,wolfcrypt/src/ecc.c,"wc_ecc_export_private_only( ecc_key * key , byte * out , word32 * outLen)",2375,2395,18
wolfssl/wolfssl,CVE-2020-11735,693,a5529b124db0de6ce3257f66180e93297ed925c5,True,False,wolfcrypt/src/tfm.c,"mp_cmp_d( mp_int * a , mp_digit b)",1928,1931,4
wolfssl/wolfssl,CVE-2020-11735,693,a5529b124db0de6ce3257f66180e93297ed925c5,False,False,wolfcrypt/src/asn.c,WriteCertReqBody,5971,5997,19
wolfssl/wolfssl,CVE-2020-11735,693,a5529b124db0de6ce3257f66180e93297ed925c5,True,False,wolfcrypt/src/tfm.c,"mp_montgomery_setup( fp_int * a , fp_digit * rho)",2500,2503,4
wolfssl/wolfssl,CVE-2020-11735,693,a5529b124db0de6ce3257f66180e93297ed925c5,True,False,wolfcrypt/src/tfm.c,"fp_cmp_mag( fp_int * a , fp_int * b)",1442,1460,18
wolfssl/wolfssl,CVE-2020-11735,693,a5529b124db0de6ce3257f66180e93297ed925c5,False,False,wolfcrypt/src/asn.c,GetObjectId,599,621,17
wolfssl/wolfssl,CVE-2020-11735,693,a5529b124db0de6ce3257f66180e93297ed925c5,False,False,wolfcrypt/src/asn.c,SetDatesFromCert,6183,6233,36
wolfssl/wolfssl,CVE-2020-11735,693,a5529b124db0de6ce3257f66180e93297ed925c5,False,False,wolfcrypt/src/asn.c,SetAltNamesFromCert,6088,6179,71
wolfssl/wolfssl,CVE-2020-11735,693,a5529b124db0de6ce3257f66180e93297ed925c5,False,False,wolfcrypt/src/asn.c,StoreRsaKey,1649,1668,15
wolfssl/wolfssl,CVE-2020-11735,693,a5529b124db0de6ce3257f66180e93297ed925c5,True,False,wolfcrypt/src/tfm.c,"mp_read_radix( mp_int * a , const char * str , int radix)",2472,2475,4
wolfssl/wolfssl,CVE-2020-11735,693,a5529b124db0de6ce3257f66180e93297ed925c5,False,False,wolfcrypt/src/asn.c,GetName,1834,2299,376
wolfssl/wolfssl,CVE-2020-11735,693,a5529b124db0de6ce3257f66180e93297ed925c5,True,False,wolfcrypt/src/tfm.c,"fp_rshd( fp_int * a , int x)",1785,1808,16
wolfssl/wolfssl,CVE-2020-11735,693,a5529b124db0de6ce3257f66180e93297ed925c5,False,False,wolfcrypt/src/asn.c,FreeDecodedCRL,7461,7472,10
wolfssl/wolfssl,CVE-2020-11735,693,a5529b124db0de6ce3257f66180e93297ed925c5,False,False,wolfcrypt/src/asn.c,ParseCRL,7580,7683,69
wolfssl/wolfssl,CVE-2020-11735,693,a5529b124db0de6ce3257f66180e93297ed925c5,False,False,wolfcrypt/src/asn.c,btoi,348,351,4
wolfssl/wolfssl,CVE-2020-11735,693,a5529b124db0de6ce3257f66180e93297ed925c5,False,False,wolfcrypt/src/asn.c,MakeCertReq,6000,6032,20
wolfssl/wolfssl,CVE-2020-11735,693,a5529b124db0de6ce3257f66180e93297ed925c5,False,False,wolfcrypt/src/asn.c,CompareOcspReqResp,7334,7399,54
wolfssl/wolfssl,CVE-2020-11735,693,a5529b124db0de6ce3257f66180e93297ed925c5,True,False,wolfcrypt/src/ecc.c,"ecc_mulmod( mp_int * k , ecc_point * G , ecc_point * R , mp_int * modulus , int map)",3868,3943,50
wolfssl/wolfssl,CVE-2020-11735,693,a5529b124db0de6ce3257f66180e93297ed925c5,False,False,wolfcrypt/src/sha.c,"min( word32 a , word32 b)",182,185,4
wolfssl/wolfssl,CVE-2020-11735,693,a5529b124db0de6ce3257f66180e93297ed925c5,False,False,wolfcrypt/src/asn.c,DecodeBasicCaConstraint,3541,3594,37
wolfssl/wolfssl,CVE-2020-11735,693,a5529b124db0de6ce3257f66180e93297ed925c5,True,False,wolfcrypt/src/tfm.c,"fp_mul_2( fp_int * a , fp_int * b)",294,344,26
wolfssl/wolfssl,CVE-2020-11735,693,a5529b124db0de6ce3257f66180e93297ed925c5,False,False,wolfcrypt/src/asn.c,SetSerialNumber,4439,4463,20
wolfssl/wolfssl,CVE-2020-11735,693,a5529b124db0de6ce3257f66180e93297ed925c5,True,False,wolfcrypt/src/tfm.c,mp_init( mp_int * a),1840,1845,6
wolfssl/wolfssl,CVE-2020-11735,693,a5529b124db0de6ce3257f66180e93297ed925c5,True,False,wolfcrypt/src/ecc.c,"wc_ecc_export_x963( ecc_key * key , byte * out , word32 * outLen)",2155,2219,43
